directory_id,number,country,section,name,location,website_domain,website_url,logo_available,logo_file,source_pdf,source_page
uk-universities-0001,1,UK,universities,Abertay University,"Dundee, Scotland",abertay.ac.uk,https://abertay.ac.uk,True,logos/uk_0001_abertay_university.png,UK_Universities_Directory.pdf,2
uk-universities-0002,2,UK,universities,Aberystwyth University,"Aberystwyth, Wales",aber.ac.uk,https://aber.ac.uk,True,logos/uk_0002_aberystwyth_university.png,UK_Universities_Directory.pdf,2
uk-universities-0003,3,UK,universities,Anglia Ruskin University,"Cambridge, Chelmsford, Peterborough, East of England",aru.ac.uk,https://aru.ac.uk,True,logos/uk_0003_anglia_ruskin_university.png,UK_Universities_Directory.pdf,2
uk-universities-0004,4,UK,universities,Arden University,"Coventry, West Midlands",arden.ac.uk,https://arden.ac.uk,True,logos/uk_0004_arden_university.png,UK_Universities_Directory.pdf,2
uk-universities-0005,5,UK,universities,Arts University Bournemouth,"Bournemouth, South West England",aub.ac.uk,https://aub.ac.uk,True,logos/uk_0005_arts_university_bournemouth.png,UK_Universities_Directory.pdf,2
uk-universities-0006,6,UK,universities,Arts University Plymouth,"Plymouth, South West England",aup.ac.uk,https://aup.ac.uk,True,logos/uk_0006_arts_university_plymouth.png,UK_Universities_Directory.pdf,2
uk-universities-0007,7,UK,universities,Aston University,"Birmingham, West Midlands",aston.ac.uk,https://aston.ac.uk,True,logos/uk_0007_aston_university.png,UK_Universities_Directory.pdf,2
uk-universities-0008,8,UK,universities,Bangor University,"Bangor, Wales",bangor.ac.uk,https://bangor.ac.uk,True,logos/uk_0008_bangor_university.png,UK_Universities_Directory.pdf,2
uk-universities-0009,9,UK,universities,Bath Spa University,"Bath, South West England",bathspa.ac.uk,https://bathspa.ac.uk,True,logos/uk_0009_bath_spa_university.png,UK_Universities_Directory.pdf,3
uk-universities-0010,10,UK,universities,BIMM University,"Brighton, London, Bristol, Manchester, Birmingham & Essex, England",bimm.university,https://bimm.university,True,logos/uk_0010_bimm_university.png,UK_Universities_Directory.pdf,3
uk-universities-0011,11,UK,universities,"Birkbeck, University of London","London, England",bbk.ac.uk,https://bbk.ac.uk,True,logos/uk_0011_birkbeck_university_of_london.png,UK_Universities_Directory.pdf,3
uk-universities-0012,12,UK,universities,Birmingham City University,"Birmingham, West Midlands",bcu.ac.uk,https://bcu.ac.uk,True,logos/uk_0012_birmingham_city_university.png,UK_Universities_Directory.pdf,3
uk-universities-0013,13,UK,universities,Birmingham Newman University,"Birmingham, West Midlands",newman.ac.uk,https://newman.ac.uk,True,logos/uk_0013_birmingham_newman_university.png,UK_Universities_Directory.pdf,3
uk-universities-0014,14,UK,universities,Bournemouth University,"Bournemouth, South West England",bournemouth.ac.uk,https://bournemouth.ac.uk,True,logos/uk_0014_bournemouth_university.png,UK_Universities_Directory.pdf,3
uk-universities-0015,15,UK,universities,BPP University,London and multiple cities across England,bpp.com,https://bpp.com,True,logos/uk_0015_bpp_university.png,UK_Universities_Directory.pdf,3
uk-universities-0016,16,UK,universities,Brunel University of London,"London, England",brunel.ac.uk,https://brunel.ac.uk,True,logos/uk_0016_brunel_university_of_london.png,UK_Universities_Directory.pdf,3
uk-universities-0017,17,UK,universities,Buckinghamshire New University,"High Wycombe, South East England",bucks.ac.uk,https://bucks.ac.uk,True,logos/uk_0017_buckinghamshire_new_university.png,UK_Universities_Directory.pdf,4
uk-universities-0018,18,UK,universities,Canterbury Christ Church University,"Canterbury, South East England",canterbury.ac.uk,https://canterbury.ac.uk,True,logos/uk_0018_canterbury_christ_church_university.png,UK_Universities_Directory.pdf,4
uk-universities-0019,19,UK,universities,Cardiff Metropolitan University,"Cardiff, Wales",cardiffmet.ac.uk,https://cardiffmet.ac.uk,True,logos/uk_0019_cardiff_metropolitan_university.png,UK_Universities_Directory.pdf,4
uk-universities-0020,20,UK,universities,Cardiff University,"Cardiff, Wales",cardiff.ac.uk,https://cardiff.ac.uk,True,logos/uk_0020_cardiff_university.png,UK_Universities_Directory.pdf,4
uk-universities-0021,21,UK,universities,"City St George's, University of London","London, England",citystgeorges.ac.uk,https://citystgeorges.ac.uk,True,logos/uk_0021_city_st_george_s_university_of_london.png,UK_Universities_Directory.pdf,4
uk-universities-0022,22,UK,universities,Coventry University,"Coventry, West Midlands",coventry.ac.uk,https://coventry.ac.uk,True,logos/uk_0022_coventry_university.png,UK_Universities_Directory.pdf,4
uk-universities-0023,23,UK,universities,Cranfield University,"Cranfield, East of England",cranfield.ac.uk,https://cranfield.ac.uk,True,logos/uk_0023_cranfield_university.png,UK_Universities_Directory.pdf,4
uk-universities-0024,24,UK,universities,De Montfort University,"Leicester, East Midlands",dmu.ac.uk,https://dmu.ac.uk,True,logos/uk_0024_de_montfort_university.png,UK_Universities_Directory.pdf,4
uk-universities-0025,25,UK,universities,Durham University,"Durham, North East England",dur.ac.uk,https://dur.ac.uk,True,logos/uk_0025_durham_university.png,UK_Universities_Directory.pdf,5
uk-universities-0026,26,UK,universities,Edge Hill University,"Ormskirk, North West England",edgehill.ac.uk,https://edgehill.ac.uk,True,logos/uk_0026_edge_hill_university.png,UK_Universities_Directory.pdf,5
uk-universities-0027,27,UK,universities,Edinburgh Napier University,"Edinburgh, Scotland",napier.ac.uk,https://napier.ac.uk,True,logos/uk_0027_edinburgh_napier_university.png,UK_Universities_Directory.pdf,5
uk-universities-0028,28,UK,universities,Falmouth University,"Falmouth, Penryn, South West England",falmouth.ac.uk,https://falmouth.ac.uk,True,logos/uk_0028_falmouth_university.png,UK_Universities_Directory.pdf,5
uk-universities-0029,29,UK,universities,Glasgow Caledonian University,"Glasgow, Scotland",gcu.ac.uk,https://gcu.ac.uk,True,logos/uk_0029_glasgow_caledonian_university.png,UK_Universities_Directory.pdf,5
uk-universities-0030,30,UK,universities,"Goldsmiths, University of London","London, England",gold.ac.uk,https://gold.ac.uk,True,logos/uk_0030_goldsmiths_university_of_london.png,UK_Universities_Directory.pdf,5
uk-universities-0031,31,UK,universities,Harper Adams University,"Edgmond, West Midlands",harper-adams.ac.uk,https://harper-adams.ac.uk,True,logos/uk_0031_harper_adams_university.png,UK_Universities_Directory.pdf,5
uk-universities-0032,32,UK,universities,Hartpury University,"Hartpury, South West England",hartpury.ac.uk,https://hartpury.ac.uk,True,logos/uk_0032_hartpury_university.png,UK_Universities_Directory.pdf,5
uk-universities-0033,33,UK,universities,Health Sciences University,"Bournemouth, South West England",hsu.ac.uk,https://hsu.ac.uk,True,logos/uk_0033_health_sciences_university.png,UK_Universities_Directory.pdf,6
uk-universities-0034,34,UK,universities,Heriot-Watt University,"Edinburgh, Scotland",hw.ac.uk,https://hw.ac.uk,True,logos/uk_0034_heriot_watt_university.png,UK_Universities_Directory.pdf,6
uk-universities-0035,35,UK,universities,Imperial College London,"London, England",imperial.ac.uk,https://imperial.ac.uk,True,logos/uk_0035_imperial_college_london.png,UK_Universities_Directory.pdf,6
uk-universities-0036,36,UK,universities,Keele University,"Keele, West Midlands",keele.ac.uk,https://keele.ac.uk,True,logos/uk_0036_keele_university.png,UK_Universities_Directory.pdf,6
uk-universities-0037,37,UK,universities,King's College London,"London, England",kcl.ac.uk,https://kcl.ac.uk,True,logos/uk_0037_king_s_college_london.png,UK_Universities_Directory.pdf,6
uk-universities-0038,38,UK,universities,Kingston University,"London, England",kingston.ac.uk,https://kingston.ac.uk,True,logos/uk_0038_kingston_university.png,UK_Universities_Directory.pdf,6
uk-universities-0039,39,UK,universities,Lancaster University,"Lancaster, North West England",lancaster.ac.uk,https://lancaster.ac.uk,True,logos/uk_0039_lancaster_university.png,UK_Universities_Directory.pdf,6
uk-universities-0040,40,UK,universities,Leeds Arts University,"Leeds, Yorkshire and the Humber",leeds-art.ac.uk,https://leeds-art.ac.uk,True,logos/uk_0040_leeds_arts_university.png,UK_Universities_Directory.pdf,6
uk-universities-0041,41,UK,universities,Leeds Beckett University,"Leeds, Yorkshire and the Humber",leedsbeckett.ac.uk,https://leedsbeckett.ac.uk,True,logos/uk_0041_leeds_beckett_university.png,UK_Universities_Directory.pdf,7
uk-universities-0042,42,UK,universities,Leeds Trinity University,"Leeds, Yorkshire and the Humber",leedstrinity.ac.uk,https://leedstrinity.ac.uk,True,logos/uk_0042_leeds_trinity_university.png,UK_Universities_Directory.pdf,7
uk-universities-0043,43,UK,universities,Lincoln Bishop University,"Lincoln, East Midlands",lincolnbishop.ac.uk,https://lincolnbishop.ac.uk,True,logos/uk_0043_lincoln_bishop_university.png,UK_Universities_Directory.pdf,7
uk-universities-0044,44,UK,universities,Liverpool Hope University,"Liverpool, North West England",hope.ac.uk,https://hope.ac.uk,True,logos/uk_0044_liverpool_hope_university.png,UK_Universities_Directory.pdf,7
uk-universities-0045,45,UK,universities,Liverpool John Moores University,"Liverpool, North West England",ljmu.ac.uk,https://ljmu.ac.uk,True,logos/uk_0045_liverpool_john_moores_university.png,UK_Universities_Directory.pdf,7
uk-universities-0046,46,UK,universities,London Metropolitan University,"London, England",londonmet.ac.uk,https://londonmet.ac.uk,True,logos/uk_0046_london_metropolitan_university.png,UK_Universities_Directory.pdf,7
uk-universities-0047,47,UK,universities,London School of Economics and Political Science,"London, England",lse.ac.uk,https://lse.ac.uk,True,logos/uk_0047_london_school_of_economics_and_political_science.png,UK_Universities_Directory.pdf,7
uk-universities-0048,48,UK,universities,London South Bank University,"London, England",lsbu.ac.uk,https://lsbu.ac.uk,True,logos/uk_0048_london_south_bank_university.png,UK_Universities_Directory.pdf,7
uk-universities-0049,49,UK,universities,Loughborough University,"Loughborough, East Midlands",lboro.ac.uk,https://lboro.ac.uk,True,logos/uk_0049_loughborough_university.png,UK_Universities_Directory.pdf,8
uk-universities-0050,50,UK,universities,Manchester Metropolitan University,"Manchester, North West England",mmu.ac.uk,https://mmu.ac.uk,True,logos/uk_0050_manchester_metropolitan_university.png,UK_Universities_Directory.pdf,8
uk-universities-0051,51,UK,universities,Middlesex University,"London, England",mdx.ac.uk,https://mdx.ac.uk,True,logos/uk_0051_middlesex_university.png,UK_Universities_Directory.pdf,8
uk-universities-0052,52,UK,universities,Newcastle University,"Newcastle, North East England",ncl.ac.uk,https://ncl.ac.uk,True,logos/uk_0052_newcastle_university.png,UK_Universities_Directory.pdf,8
uk-universities-0053,53,UK,universities,Northeastern University London,"London, England",nulondon.ac.uk,https://nulondon.ac.uk,True,logos/uk_0053_northeastern_university_london.png,UK_Universities_Directory.pdf,8
uk-universities-0054,54,UK,universities,Northumbria University,"Newcastle, North East England",northumbria.ac.uk,https://northumbria.ac.uk,True,logos/uk_0054_northumbria_university.png,UK_Universities_Directory.pdf,8
uk-universities-0055,55,UK,universities,Norwich University of the Arts,"Norwich, East of England",norwichuni.ac.uk,https://norwichuni.ac.uk,True,logos/uk_0055_norwich_university_of_the_arts.png,UK_Universities_Directory.pdf,8
uk-universities-0056,56,UK,universities,Nottingham Trent University,"Nottingham, East Midlands",ntu.ac.uk,https://ntu.ac.uk,True,logos/uk_0056_nottingham_trent_university.png,UK_Universities_Directory.pdf,8
uk-universities-0057,57,UK,universities,Open University,"Milton Keynes, England; Online across the UK",open.ac.uk,https://open.ac.uk,True,logos/uk_0057_open_university.png,UK_Universities_Directory.pdf,9
uk-universities-0058,58,UK,universities,Oxford Brookes University,"Oxford, South East England",brookes.ac.uk,https://brookes.ac.uk,True,logos/uk_0058_oxford_brookes_university.png,UK_Universities_Directory.pdf,9
uk-universities-0059,59,UK,universities,Plymouth Marjon University,"Plymouth, South West England",marjon.ac.uk,https://marjon.ac.uk,True,logos/uk_0059_plymouth_marjon_university.png,UK_Universities_Directory.pdf,9
uk-universities-0060,60,UK,universities,Queen Margaret University,"Musselburgh, Scotland",qmu.ac.uk,https://qmu.ac.uk,True,logos/uk_0060_queen_margaret_university.png,UK_Universities_Directory.pdf,9
uk-universities-0061,61,UK,universities,Queen Mary University of London,"London, England",qmul.ac.uk,https://qmul.ac.uk,True,logos/uk_0061_queen_mary_university_of_london.png,UK_Universities_Directory.pdf,9
uk-universities-0062,62,UK,universities,Queen's University Belfast,"Belfast, Northern Ireland",qub.ac.uk,https://qub.ac.uk,True,logos/uk_0062_queen_s_university_belfast.png,UK_Universities_Directory.pdf,9
uk-universities-0063,63,UK,universities,Ravensbourne University London,"London, England",ravensbourne.ac.uk,https://ravensbourne.ac.uk,True,logos/uk_0063_ravensbourne_university_london.png,UK_Universities_Directory.pdf,9
uk-universities-0064,64,UK,universities,Regent's University London,"London, England",regents.ac.uk,https://regents.ac.uk,True,logos/uk_0064_regent_s_university_london.png,UK_Universities_Directory.pdf,9
uk-universities-0065,65,UK,universities,Richmond American University London,"London, England",richmond.ac.uk,https://richmond.ac.uk,True,logos/uk_0065_richmond_american_university_london.png,UK_Universities_Directory.pdf,10
uk-universities-0066,66,UK,universities,Robert Gordon University,"Aberdeen, Scotland",rgu.ac.uk,https://rgu.ac.uk,True,logos/uk_0066_robert_gordon_university.png,UK_Universities_Directory.pdf,10
uk-universities-0067,67,UK,universities,Royal Agricultural University,"Cirencester, South West England",rau.ac.uk,https://rau.ac.uk,True,logos/uk_0067_royal_agricultural_university.png,UK_Universities_Directory.pdf,10
uk-universities-0068,68,UK,universities,"Royal Holloway, University of London","Egham, South East England",royalholloway.ac.uk,https://royalholloway.ac.uk,True,logos/uk_0068_royal_holloway_university_of_london.png,UK_Universities_Directory.pdf,10
uk-universities-0069,69,UK,universities,Royal Veterinary College,"London, England",rvc.ac.uk,https://rvc.ac.uk,True,logos/uk_0069_royal_veterinary_college.png,UK_Universities_Directory.pdf,10
uk-universities-0070,70,UK,universities,Sheffield Hallam University,"Sheffield, Yorkshire and the Humber",shu.ac.uk,https://shu.ac.uk,True,logos/uk_0070_sheffield_hallam_university.png,UK_Universities_Directory.pdf,10
uk-universities-0071,71,UK,universities,SOAS University of London,"London, England",soas.ac.uk,https://soas.ac.uk,True,logos/uk_0071_soas_university_of_london.png,UK_Universities_Directory.pdf,10
uk-universities-0072,72,UK,universities,Southampton Solent University,"Southampton, South East England",solent.ac.uk,https://solent.ac.uk,True,logos/uk_0072_southampton_solent_university.png,UK_Universities_Directory.pdf,10
uk-universities-0073,73,UK,universities,"St Mary's University, Twickenham","London, England",stmarys.ac.uk,https://stmarys.ac.uk,True,logos/uk_0073_st_mary_s_university_twickenham.png,UK_Universities_Directory.pdf,11
uk-universities-0074,74,UK,universities,Swansea University,"Swansea, Wales",swansea.ac.uk,https://swansea.ac.uk,True,logos/uk_0074_swansea_university.png,UK_Universities_Directory.pdf,11
uk-universities-0075,75,UK,universities,Teesside University,"Middlesbrough, North East England",tees.ac.uk,https://tees.ac.uk,True,logos/uk_0075_teesside_university.png,UK_Universities_Directory.pdf,11
uk-universities-0076,76,UK,universities,Ulster University,"Belfast, Coleraine, Jordanstown, Derry, Northern Ireland",ulster.ac.uk,https://ulster.ac.uk,True,logos/uk_0076_ulster_university.png,UK_Universities_Directory.pdf,11
uk-universities-0077,77,UK,universities,University College Birmingham,"Birmingham, West Midlands",ucb.ac.uk,https://ucb.ac.uk,True,logos/uk_0077_university_college_birmingham.png,UK_Universities_Directory.pdf,11
uk-universities-0078,78,UK,universities,University College London,"London, England",ucl.ac.uk,https://ucl.ac.uk,True,logos/uk_0078_university_college_london.png,UK_Universities_Directory.pdf,11
uk-universities-0079,79,UK,universities,University for the Creative Arts,"Canterbury, Epsom, Farnham, South East England",uca.ac.uk,https://uca.ac.uk,True,logos/uk_0079_university_for_the_creative_arts.png,UK_Universities_Directory.pdf,11
uk-universities-0080,80,UK,universities,University of Aberdeen,"Aberdeen, Scotland",abdn.ac.uk,https://abdn.ac.uk,True,logos/uk_0080_university_of_aberdeen.png,UK_Universities_Directory.pdf,11
uk-universities-0081,81,UK,universities,University of Bath,"Bath, South West England",bath.ac.uk,https://bath.ac.uk,True,logos/uk_0081_university_of_bath.png,UK_Universities_Directory.pdf,12
uk-universities-0082,82,UK,universities,University of Bedfordshire,"Bedford, Luton, East of England",beds.ac.uk,https://beds.ac.uk,True,logos/uk_0082_university_of_bedfordshire.png,UK_Universities_Directory.pdf,12
uk-universities-0083,83,UK,universities,University of Birmingham,"Birmingham, West Midlands",birmingham.ac.uk,https://birmingham.ac.uk,True,logos/uk_0083_university_of_birmingham.png,UK_Universities_Directory.pdf,12
uk-universities-0084,84,UK,universities,University of Bradford,"Bradford, Yorkshire and the Humber",bradford.ac.uk,https://bradford.ac.uk,True,logos/uk_0084_university_of_bradford.png,UK_Universities_Directory.pdf,12
uk-universities-0085,85,UK,universities,University of Brighton,"Brighton and Hove, South East England",brighton.ac.uk,https://brighton.ac.uk,True,logos/uk_0085_university_of_brighton.png,UK_Universities_Directory.pdf,12
uk-universities-0086,86,UK,universities,University of Bristol,"Bristol, South West England",bristol.ac.uk,https://bristol.ac.uk,True,logos/uk_0086_university_of_bristol.png,UK_Universities_Directory.pdf,12
uk-universities-0087,87,UK,universities,University of Buckingham,"Buckingham, South East England",buckingham.ac.uk,https://buckingham.ac.uk,True,logos/uk_0087_university_of_buckingham.png,UK_Universities_Directory.pdf,12
uk-universities-0088,88,UK,universities,University of Cambridge,"Cambridge, East of England",cam.ac.uk,https://cam.ac.uk,True,logos/uk_0088_university_of_cambridge.png,UK_Universities_Directory.pdf,12
uk-universities-0089,89,UK,universities,University of Chester,"Chester, North West England",chester.ac.uk,https://chester.ac.uk,True,logos/uk_0089_university_of_chester.png,UK_Universities_Directory.pdf,13
uk-universities-0090,90,UK,universities,University of Chichester,"Chichester, South East England",chi.ac.uk,https://chi.ac.uk,True,logos/uk_0090_university_of_chichester.png,UK_Universities_Directory.pdf,13
uk-universities-0091,91,UK,universities,University of Cumbria,"Carlisle, North West England",cumbria.ac.uk,https://cumbria.ac.uk,True,logos/uk_0091_university_of_cumbria.png,UK_Universities_Directory.pdf,13
uk-universities-0092,92,UK,universities,University of Derby,"Derby, East Midlands",derby.ac.uk,https://derby.ac.uk,True,logos/uk_0092_university_of_derby.png,UK_Universities_Directory.pdf,13
uk-universities-0093,93,UK,universities,University of Dundee,"Dundee, Scotland",dundee.ac.uk,https://dundee.ac.uk,True,logos/uk_0093_university_of_dundee.png,UK_Universities_Directory.pdf,13
uk-universities-0094,94,UK,universities,University of East Anglia,"Norwich, East of England",uea.ac.uk,https://uea.ac.uk,True,logos/uk_0094_university_of_east_anglia.png,UK_Universities_Directory.pdf,13
uk-universities-0095,95,UK,universities,University of East London,"London, England",uel.ac.uk,https://uel.ac.uk,True,logos/uk_0095_university_of_east_london.png,UK_Universities_Directory.pdf,13
uk-universities-0096,96,UK,universities,University of Edinburgh,"Edinburgh, Scotland",ed.ac.uk,https://ed.ac.uk,True,logos/uk_0096_university_of_edinburgh.png,UK_Universities_Directory.pdf,13
uk-universities-0097,97,UK,universities,University of Essex,"Colchester, East of England",essex.ac.uk,https://essex.ac.uk,True,logos/uk_0097_university_of_essex.png,UK_Universities_Directory.pdf,14
uk-universities-0098,98,UK,universities,University of Exeter,"Exeter, South West England",exeter.ac.uk,https://exeter.ac.uk,True,logos/uk_0098_university_of_exeter.png,UK_Universities_Directory.pdf,14
uk-universities-0099,99,UK,universities,University of Glasgow,"Glasgow, Scotland",gla.ac.uk,https://gla.ac.uk,True,logos/uk_0099_university_of_glasgow.png,UK_Universities_Directory.pdf,14
uk-universities-0100,100,UK,universities,University of Gloucestershire,"Cheltenham, Gloucester, South West England",glos.ac.uk,https://glos.ac.uk,True,logos/uk_0100_university_of_gloucestershire.png,UK_Universities_Directory.pdf,14
uk-universities-0101,101,UK,universities,University of Greater Manchester,"Bolton, North West England",greatermanchester.ac.uk,https://greatermanchester.ac.uk,True,logos/uk_0101_university_of_greater_manchester.png,UK_Universities_Directory.pdf,14
uk-universities-0102,102,UK,universities,University of Greenwich,"London, England",gre.ac.uk,https://gre.ac.uk,True,logos/uk_0102_university_of_greenwich.png,UK_Universities_Directory.pdf,14
uk-universities-0103,103,UK,universities,University of Hertfordshire,"Hatfield, East of England",herts.ac.uk,https://herts.ac.uk,True,logos/uk_0103_university_of_hertfordshire.png,UK_Universities_Directory.pdf,14
uk-universities-0104,104,UK,universities,University of Huddersfield,"Huddersfield, Yorkshire and the Humber",hud.ac.uk,https://hud.ac.uk,True,logos/uk_0104_university_of_huddersfield.png,UK_Universities_Directory.pdf,14
uk-universities-0105,105,UK,universities,University of Hull,"Kingston upon Hull, Yorkshire and the Humber",hull.ac.uk,https://hull.ac.uk,True,logos/uk_0105_university_of_hull.png,UK_Universities_Directory.pdf,15
uk-universities-0106,106,UK,universities,University of Kent,"Canterbury, South East England",kent.ac.uk,https://kent.ac.uk,True,logos/uk_0106_university_of_kent.png,UK_Universities_Directory.pdf,15
uk-universities-0107,107,UK,universities,University of Lancashire,"Preston, North West England",lancashire.ac.uk,https://lancashire.ac.uk,True,logos/uk_0107_university_of_lancashire.png,UK_Universities_Directory.pdf,15
uk-universities-0108,108,UK,universities,University of Law,London and multiple cities across England,law.ac.uk,https://law.ac.uk,True,logos/uk_0108_university_of_law.png,UK_Universities_Directory.pdf,15
uk-universities-0109,109,UK,universities,University of Leeds,"Leeds, Yorkshire and the Humber",leeds.ac.uk,https://leeds.ac.uk,True,logos/uk_0109_university_of_leeds.png,UK_Universities_Directory.pdf,15
uk-universities-0110,110,UK,universities,University of Leicester,"Leicester, East Midlands",le.ac.uk,https://le.ac.uk,True,logos/uk_0110_university_of_leicester.png,UK_Universities_Directory.pdf,15
uk-universities-0111,111,UK,universities,University of Lincoln,"Lincoln, East Midlands",lincoln.ac.uk,https://lincoln.ac.uk,True,logos/uk_0111_university_of_lincoln.png,UK_Universities_Directory.pdf,15
uk-universities-0112,112,UK,universities,University of Liverpool,"Liverpool, North West England",liverpool.ac.uk,https://liverpool.ac.uk,True,logos/uk_0112_university_of_liverpool.png,UK_Universities_Directory.pdf,15
uk-universities-0113,113,UK,universities,University of London,"London, England",london.ac.uk,https://london.ac.uk,True,logos/uk_0113_university_of_london.png,UK_Universities_Directory.pdf,16
uk-universities-0114,114,UK,universities,University of Manchester,"Manchester, North West England",manchester.ac.uk,https://manchester.ac.uk,True,logos/uk_0114_university_of_manchester.png,UK_Universities_Directory.pdf,16
uk-universities-0115,115,UK,universities,University of Northampton,"Northampton, East Midlands",northampton.ac.uk,https://northampton.ac.uk,True,logos/uk_0115_university_of_northampton.png,UK_Universities_Directory.pdf,16
uk-universities-0116,116,UK,universities,University of Nottingham,"Nottingham, East Midlands",nottingham.ac.uk,https://nottingham.ac.uk,True,logos/uk_0116_university_of_nottingham.png,UK_Universities_Directory.pdf,16
uk-universities-0117,117,UK,universities,University of Oxford,"Oxford, South East England",ox.ac.uk,https://ox.ac.uk,True,logos/uk_0117_university_of_oxford.png,UK_Universities_Directory.pdf,16
uk-universities-0118,118,UK,universities,University of Plymouth,"Plymouth, South West England",plymouth.ac.uk,https://plymouth.ac.uk,True,logos/uk_0118_university_of_plymouth.png,UK_Universities_Directory.pdf,16
uk-universities-0119,119,UK,universities,University of Portsmouth,"Portsmouth, South East England",port.ac.uk,https://port.ac.uk,True,logos/uk_0119_university_of_portsmouth.png,UK_Universities_Directory.pdf,16
uk-universities-0120,120,UK,universities,University of Reading,"Reading, South East England",reading.ac.uk,https://reading.ac.uk,True,logos/uk_0120_university_of_reading.png,UK_Universities_Directory.pdf,16
uk-universities-0121,121,UK,universities,University of Roehampton,"London, England",roehampton.ac.uk,https://roehampton.ac.uk,True,logos/uk_0121_university_of_roehampton.png,UK_Universities_Directory.pdf,17
uk-universities-0122,122,UK,universities,University of Salford,"Salford, North West England",salford.ac.uk,https://salford.ac.uk,True,logos/uk_0122_university_of_salford.png,UK_Universities_Directory.pdf,17
uk-universities-0123,123,UK,universities,University of Sheffield,"Sheffield, Yorkshire and the Humber",sheffield.ac.uk,https://sheffield.ac.uk,True,logos/uk_0123_university_of_sheffield.png,UK_Universities_Directory.pdf,17
uk-universities-0124,124,UK,universities,University of South Wales,"Cardiff, Newport, Pontypridd, Wales",southwales.ac.uk,https://southwales.ac.uk,True,logos/uk_0124_university_of_south_wales.png,UK_Universities_Directory.pdf,17
uk-universities-0125,125,UK,universities,University of Southampton,"Southampton, South East England",southampton.ac.uk,https://southampton.ac.uk,True,logos/uk_0125_university_of_southampton.png,UK_Universities_Directory.pdf,17
uk-universities-0126,126,UK,universities,University of St Andrews,"St Andrews, Scotland",st-andrews.ac.uk,https://st-andrews.ac.uk,True,logos/uk_0126_university_of_st_andrews.png,UK_Universities_Directory.pdf,17
uk-universities-0127,127,UK,universities,University of Staffordshire,"Stoke-on-Trent, West Midlands",staffs.ac.uk,https://staffs.ac.uk,True,logos/uk_0127_university_of_staffordshire.png,UK_Universities_Directory.pdf,17
uk-universities-0128,128,UK,universities,University of Stirling,"Stirling, Scotland",stir.ac.uk,https://stir.ac.uk,True,logos/uk_0128_university_of_stirling.png,UK_Universities_Directory.pdf,17
uk-universities-0129,129,UK,universities,University of Strathclyde,"Glasgow, Scotland",strath.ac.uk,https://strath.ac.uk,True,logos/uk_0129_university_of_strathclyde.png,UK_Universities_Directory.pdf,18
uk-universities-0130,130,UK,universities,University of Suffolk,"Ipswich, East of England",uos.ac.uk,https://uos.ac.uk,True,logos/uk_0130_university_of_suffolk.png,UK_Universities_Directory.pdf,18
uk-universities-0131,131,UK,universities,University of Sunderland,"Sunderland, North East England",sunderland.ac.uk,https://sunderland.ac.uk,True,logos/uk_0131_university_of_sunderland.png,UK_Universities_Directory.pdf,18
uk-universities-0132,132,UK,universities,University of Surrey,"Guildford, South East England",surrey.ac.uk,https://surrey.ac.uk,True,logos/uk_0132_university_of_surrey.png,UK_Universities_Directory.pdf,18
uk-universities-0133,133,UK,universities,University of Sussex,"Brighton and Hove, South East England",sussex.ac.uk,https://sussex.ac.uk,True,logos/uk_0133_university_of_sussex.png,UK_Universities_Directory.pdf,18
uk-universities-0134,134,UK,universities,University of the Arts London,"London, England",arts.ac.uk,https://arts.ac.uk,True,logos/uk_0134_university_of_the_arts_london.png,UK_Universities_Directory.pdf,18
uk-universities-0135,135,UK,universities,University of the Built Environment,"Reading, England; Online",ube.ac.uk,https://ube.ac.uk,True,logos/uk_0135_university_of_the_built_environment.png,UK_Universities_Directory.pdf,18
uk-universities-0136,136,UK,universities,University of the Highlands and Islands,"Inverness, Scotland",uhi.ac.uk,https://uhi.ac.uk,True,logos/uk_0136_university_of_the_highlands_and_islands.png,UK_Universities_Directory.pdf,18
uk-universities-0137,137,UK,universities,University of the West of England,"Bristol, South West England",uwe.ac.uk,https://uwe.ac.uk,True,logos/uk_0137_university_of_the_west_of_england.png,UK_Universities_Directory.pdf,19
uk-universities-0138,138,UK,universities,University of the West of Scotland,"Paisley, Ayr, Dumfries, Blantyre, Scotland",uws.ac.uk,https://uws.ac.uk,True,logos/uk_0138_university_of_the_west_of_scotland.png,UK_Universities_Directory.pdf,19
uk-universities-0139,139,UK,universities,University of Wales,"Cardiff, Wales",wales.ac.uk,https://wales.ac.uk,True,logos/uk_0139_university_of_wales.png,UK_Universities_Directory.pdf,19
uk-universities-0140,140,UK,universities,University of Wales Trinity Saint David,"Carmarthen, Swansea, Lampeter, Wales",uwtsd.ac.uk,https://uwtsd.ac.uk,True,logos/uk_0140_university_of_wales_trinity_saint_david.png,UK_Universities_Directory.pdf,19
uk-universities-0141,141,UK,universities,University of Warwick,"Coventry, West Midlands",warwick.ac.uk,https://warwick.ac.uk,True,logos/uk_0141_university_of_warwick.png,UK_Universities_Directory.pdf,19
uk-universities-0142,142,UK,universities,University of West London,"London, England",uwl.ac.uk,https://uwl.ac.uk,True,logos/uk_0142_university_of_west_london.png,UK_Universities_Directory.pdf,19
uk-universities-0143,143,UK,universities,University of Westminster,"London, England",westminster.ac.uk,https://westminster.ac.uk,True,logos/uk_0143_university_of_westminster.png,UK_Universities_Directory.pdf,19
uk-universities-0144,144,UK,universities,University of Winchester,"Winchester, South East England",winchester.ac.uk,https://winchester.ac.uk,True,logos/uk_0144_university_of_winchester.png,UK_Universities_Directory.pdf,19
uk-universities-0145,145,UK,universities,University of Wolverhampton,"Wolverhampton, West Midlands",wlv.ac.uk,https://wlv.ac.uk,True,logos/uk_0145_university_of_wolverhampton.png,UK_Universities_Directory.pdf,20
uk-universities-0146,146,UK,universities,University of Worcester,"Worcester, West Midlands",worcester.ac.uk,https://worcester.ac.uk,True,logos/uk_0146_university_of_worcester.png,UK_Universities_Directory.pdf,20
uk-universities-0147,147,UK,universities,University of York,"York, Yorkshire and the Humber",york.ac.uk,https://york.ac.uk,True,logos/uk_0147_university_of_york.png,UK_Universities_Directory.pdf,20
uk-universities-0148,148,UK,universities,Wrexham University,"Wrexham, Wales",wrexham.ac.uk,https://wrexham.ac.uk,True,logos/uk_0148_wrexham_university.png,UK_Universities_Directory.pdf,20
uk-universities-0149,149,UK,universities,York St John University,"York, Yorkshire and the Humber",yorksj.ac.uk,https://yorksj.ac.uk,True,logos/uk_0149_york_st_john_university.png,UK_Universities_Directory.pdf,20
uk-additional_specialist_institutions-0001,1,UK,additional_specialist_institutions,Courtauld Institute of Art,"London, England",courtauld.ac.uk,https://courtauld.ac.uk,True,logos/uk_0001_courtauld_institute_of_art.png,UK_Universities_Directory.pdf,21
uk-additional_specialist_institutions-0002,2,UK,additional_specialist_institutions,Glasgow School of Art,"Glasgow, Scotland",gsa.ac.uk,https://gsa.ac.uk,True,logos/uk_0002_glasgow_school_of_art.png,UK_Universities_Directory.pdf,21
uk-additional_specialist_institutions-0003,3,UK,additional_specialist_institutions,Guildhall School of Music and Drama,"London, England",gsmd.ac.uk,https://gsmd.ac.uk,True,logos/uk_0003_guildhall_school_of_music_and_drama.png,UK_Universities_Directory.pdf,21
uk-additional_specialist_institutions-0004,4,UK,additional_specialist_institutions,Liverpool School of Tropical Medicine,"Liverpool, England",lstmed.ac.uk,https://lstmed.ac.uk,True,logos/uk_0004_liverpool_school_of_tropical_medicine.png,UK_Universities_Directory.pdf,21
uk-additional_specialist_institutions-0005,5,UK,additional_specialist_institutions,London Business School,"London, England",london.edu,https://london.edu,True,logos/uk_0005_london_business_school.png,UK_Universities_Directory.pdf,21
uk-additional_specialist_institutions-0006,6,UK,additional_specialist_institutions,London School of Hygiene and Tropical Medicine,"London, England",lshtm.ac.uk,https://lshtm.ac.uk,True,logos/uk_0006_london_school_of_hygiene_and_tropical_medicine.png,UK_Universities_Directory.pdf,21
uk-additional_specialist_institutions-0007,7,UK,additional_specialist_institutions,Royal Central School of Speech and Drama,"London, England",cssd.ac.uk,https://cssd.ac.uk,True,logos/uk_0007_royal_central_school_of_speech_and_drama.png,UK_Universities_Directory.pdf,21
uk-additional_specialist_institutions-0008,8,UK,additional_specialist_institutions,Royal College of Art,"London, England",rca.ac.uk,https://rca.ac.uk,True,logos/uk_0008_royal_college_of_art.png,UK_Universities_Directory.pdf,21
uk-additional_specialist_institutions-0009,9,UK,additional_specialist_institutions,Royal College of Music,"London, England",rcm.ac.uk,https://rcm.ac.uk,True,logos/uk_0009_royal_college_of_music.png,UK_Universities_Directory.pdf,22
uk-additional_specialist_institutions-0010,10,UK,additional_specialist_institutions,Trinity Laban Conservatoire of Music and Dance,"London, England",trinitylaban.ac.uk,https://trinitylaban.ac.uk,True,logos/uk_0010_trinity_laban_conservatoire_of_music_and_dance.png,UK_Universities_Directory.pdf,22
usa-universities_and_degree_granting_institutions-0001,1,USA,universities_and_degree_granting_institutions,A T Still University of Health Sciences,Kirksville · MO,atsu.edu,https://atsu.edu,True,logos/usa_0001_a_t_still_university_of_health_sciences.png,USA_Universities_Directory.pdf,2
usa-universities_and_degree_granting_institutions-0002,2,USA,universities_and_degree_granting_institutions,Aaniiih Nakoda College,Harlem · MT,ancollege.edu,https://ancollege.edu,False,,USA_Universities_Directory.pdf,2
usa-universities_and_degree_granting_institutions-0003,3,USA,universities_and_degree_granting_institutions,Abilene Christian University,Abilene · TX,acu.edu,https://acu.edu,True,logos/usa_0003_abilene_christian_university.png,USA_Universities_Directory.pdf,2
usa-universities_and_degree_granting_institutions-0004,4,USA,universities_and_degree_granting_institutions,Abilene Christian University-Undergraduate Online,Addison · TX,acu.edu,https://acu.edu,True,logos/usa_0004_abilene_christian_university_undergraduate_online.png,USA_Universities_Directory.pdf,2
usa-universities_and_degree_granting_institutions-0005,5,USA,universities_and_degree_granting_institutions,Abraham Baldwin Agricultural College,Tifton · GA,abac.edu,https://abac.edu,True,logos/usa_0005_abraham_baldwin_agricultural_college.png,USA_Universities_Directory.pdf,2
usa-universities_and_degree_granting_institutions-0006,6,USA,universities_and_degree_granting_institutions,Abraham Lincoln University,Glendale · CA,alu.edu,https://alu.edu,True,logos/usa_0006_abraham_lincoln_university.png,USA_Universities_Directory.pdf,2
usa-universities_and_degree_granting_institutions-0007,7,USA,universities_and_degree_granting_institutions,Academy College,Bloomington · MN,academycollege.edu,https://academycollege.edu,True,logos/usa_0007_academy_college.png,USA_Universities_Directory.pdf,2
usa-universities_and_degree_granting_institutions-0008,8,USA,universities_and_degree_granting_institutions,Academy for Five Element Acupuncture,Gainesville · FL,acupuncturist.edu,https://acupuncturist.edu,True,logos/usa_0008_academy_for_five_element_acupuncture.png,USA_Universities_Directory.pdf,2
usa-universities_and_degree_granting_institutions-0009,9,USA,universities_and_degree_granting_institutions,Academy for Jewish Religion,Yonkers · NY,ajr.edu,https://ajr.edu,True,logos/usa_0009_academy_for_jewish_religion.png,USA_Universities_Directory.pdf,3
usa-universities_and_degree_granting_institutions-0010,10,USA,universities_and_degree_granting_institutions,Academy for Jewish Religion California,Los Angeles · CA,ajrca.edu,https://ajrca.edu,True,logos/usa_0010_academy_for_jewish_religion_california.png,USA_Universities_Directory.pdf,3
usa-universities_and_degree_granting_institutions-0011,11,USA,universities_and_degree_granting_institutions,Academy of Art University,San Francisco · CA,academyart.edu,https://academyart.edu,True,logos/usa_0011_academy_of_art_university.png,USA_Universities_Directory.pdf,3
usa-universities_and_degree_granting_institutions-0012,12,USA,universities_and_degree_granting_institutions,Academy of Chinese Culture and Health Sciences,Oakland · CA,acchs.edu,https://acchs.edu,True,logos/usa_0012_academy_of_chinese_culture_and_health_sciences.png,USA_Universities_Directory.pdf,3
usa-universities_and_degree_granting_institutions-0013,13,USA,universities_and_degree_granting_institutions,Acupuncture and Integrative Medicine College-Berkeley,Berkeley · CA,aimc.edu,https://aimc.edu,True,logos/usa_0013_acupuncture_and_integrative_medicine_college_berkeley.png,USA_Universities_Directory.pdf,3
usa-universities_and_degree_granting_institutions-0014,14,USA,universities_and_degree_granting_institutions,Adams State University,Alamosa · CO,adams.edu,https://adams.edu,True,logos/usa_0014_adams_state_university.png,USA_Universities_Directory.pdf,3
usa-universities_and_degree_granting_institutions-0015,15,USA,universities_and_degree_granting_institutions,Adelphi University,Garden City · NY,adelphi.edu,https://adelphi.edu,True,logos/usa_0015_adelphi_university.png,USA_Universities_Directory.pdf,3
usa-universities_and_degree_granting_institutions-0016,16,USA,universities_and_degree_granting_institutions,Adler Graduate School,Minnetonka · MN,alfredadler.edu,https://alfredadler.edu,True,logos/usa_0016_adler_graduate_school.png,USA_Universities_Directory.pdf,3
usa-universities_and_degree_granting_institutions-0017,17,USA,universities_and_degree_granting_institutions,Adler University,Chicago · IL,adler.edu,https://adler.edu,True,logos/usa_0017_adler_university.png,USA_Universities_Directory.pdf,4
usa-universities_and_degree_granting_institutions-0018,18,USA,universities_and_degree_granting_institutions,Adrian College,Adrian · MI,adrian.edu,https://adrian.edu,True,logos/usa_0018_adrian_college.png,USA_Universities_Directory.pdf,4
usa-universities_and_degree_granting_institutions-0019,19,USA,universities_and_degree_granting_institutions,AdventHealth University,Orlando · FL,ahu.edu,https://ahu.edu,True,logos/usa_0019_adventhealth_university.png,USA_Universities_Directory.pdf,4
usa-universities_and_degree_granting_institutions-0020,20,USA,universities_and_degree_granting_institutions,Agape College of Business and Science,Fresno · CA,acbscollege.org,https://acbscollege.org,False,,USA_Universities_Directory.pdf,4
usa-universities_and_degree_granting_institutions-0021,21,USA,universities_and_degree_granting_institutions,Agnes Scott College,Decatur · GA,agnesscott.edu,https://agnesscott.edu,True,logos/usa_0021_agnes_scott_college.png,USA_Universities_Directory.pdf,4
usa-universities_and_degree_granting_institutions-0022,22,USA,universities_and_degree_granting_institutions,Agora University,Burke · VA,agora.edu,https://agora.edu,True,logos/usa_0022_agora_university.png,USA_Universities_Directory.pdf,4
usa-universities_and_degree_granting_institutions-0023,23,USA,universities_and_degree_granting_institutions,Aims Community College,Greeley · CO,aims.edu,https://aims.edu,True,logos/usa_0023_aims_community_college.png,USA_Universities_Directory.pdf,4
usa-universities_and_degree_granting_institutions-0024,24,USA,universities_and_degree_granting_institutions,Air Force Institute of Technology-Graduate School of Engineering & Management,Wright-Patterson AFB · OH,afit.edu,https://afit.edu,True,logos/usa_0024_air_force_institute_of_technology_graduate_school_of_engineering_manag.png,USA_Universities_Directory.pdf,4
usa-universities_and_degree_granting_institutions-0025,25,USA,universities_and_degree_granting_institutions,Alabama A & M University,Normal,aamu.edu,https://aamu.edu,True,logos/usa_0025_alabama_a_m_university.png,USA_Universities_Directory.pdf,5
usa-universities_and_degree_granting_institutions-0026,26,USA,universities_and_degree_granting_institutions,Alabama College of Osteopathic Medicine,Dothan · AL,acom.edu,https://acom.edu,True,logos/usa_0026_alabama_college_of_osteopathic_medicine.png,USA_Universities_Directory.pdf,5
usa-universities_and_degree_granting_institutions-0027,27,USA,universities_and_degree_granting_institutions,Alabama State University,Montgomery · AL,alasu.edu,https://alasu.edu,True,logos/usa_0027_alabama_state_university.png,USA_Universities_Directory.pdf,5
usa-universities_and_degree_granting_institutions-0028,28,USA,universities_and_degree_granting_institutions,Alamo Community College District Central Office,San Antonio · TX,alamo.edu,https://alamo.edu,True,logos/usa_0028_alamo_community_college_district_central_office.png,USA_Universities_Directory.pdf,5
usa-universities_and_degree_granting_institutions-0029,29,USA,universities_and_degree_granting_institutions,Alaska Bible College,Palmer · AK,akbible.edu,https://akbible.edu,True,logos/usa_0029_alaska_bible_college.png,USA_Universities_Directory.pdf,5
usa-universities_and_degree_granting_institutions-0030,30,USA,universities_and_degree_granting_institutions,Alaska Pacific University,Anchorage · AK,alaskapacific.edu,https://alaskapacific.edu,True,logos/usa_0030_alaska_pacific_university.png,USA_Universities_Directory.pdf,5
usa-universities_and_degree_granting_institutions-0031,31,USA,universities_and_degree_granting_institutions,Albany College of Pharmacy and Health Sciences,Albany,acphs.edu,https://acphs.edu,True,logos/usa_0031_albany_college_of_pharmacy_and_health_sciences.png,USA_Universities_Directory.pdf,5
usa-universities_and_degree_granting_institutions-0032,32,USA,universities_and_degree_granting_institutions,Albany Law School,Albany,albanylaw.edu,https://albanylaw.edu,True,logos/usa_0032_albany_law_school.png,USA_Universities_Directory.pdf,5
usa-universities_and_degree_granting_institutions-0033,33,USA,universities_and_degree_granting_institutions,Albany Medical College,Albany,amc.edu,https://amc.edu,True,logos/usa_0033_albany_medical_college.png,USA_Universities_Directory.pdf,6
usa-universities_and_degree_granting_institutions-0034,34,USA,universities_and_degree_granting_institutions,Albany State University,Albany · GA,asurams.edu,https://asurams.edu,True,logos/usa_0034_albany_state_university.png,USA_Universities_Directory.pdf,6
usa-universities_and_degree_granting_institutions-0035,35,USA,universities_and_degree_granting_institutions,Albert Einstein College of Medicine,Bronx · NY,einsteinmed.edu,https://einsteinmed.edu,True,logos/usa_0035_albert_einstein_college_of_medicine.png,USA_Universities_Directory.pdf,6
usa-universities_and_degree_granting_institutions-0036,36,USA,universities_and_degree_granting_institutions,Albertus Magnus College,New Haven · CT,albertus.edu,https://albertus.edu,True,logos/usa_0036_albertus_magnus_college.png,USA_Universities_Directory.pdf,6
usa-universities_and_degree_granting_institutions-0037,37,USA,universities_and_degree_granting_institutions,Albion College,Albion · MI,albion.edu,https://albion.edu,True,logos/usa_0037_albion_college.png,USA_Universities_Directory.pdf,6
usa-universities_and_degree_granting_institutions-0038,38,USA,universities_and_degree_granting_institutions,Albizu University-Miami,Miami · FL,albizu.edu,https://albizu.edu,True,logos/usa_0038_albizu_university_miami.png,USA_Universities_Directory.pdf,6
usa-universities_and_degree_granting_institutions-0039,39,USA,universities_and_degree_granting_institutions,Albizu University-San Juan,San Juan · PR,albizu.edu,https://albizu.edu,True,logos/usa_0039_albizu_university_san_juan.png,USA_Universities_Directory.pdf,6
usa-universities_and_degree_granting_institutions-0040,40,USA,universities_and_degree_granting_institutions,Albright College,Reading · PA,albright.edu,https://albright.edu,True,logos/usa_0040_albright_college.png,USA_Universities_Directory.pdf,6
usa-universities_and_degree_granting_institutions-0041,41,USA,universities_and_degree_granting_institutions,Alcorn State University,Alcorn State · MS,alcorn.edu,https://alcorn.edu,True,logos/usa_0041_alcorn_state_university.png,USA_Universities_Directory.pdf,7
usa-universities_and_degree_granting_institutions-0042,42,USA,universities_and_degree_granting_institutions,Alder Graduate School of Education,Redwood City · CA,aldergse.edu,https://aldergse.edu,True,logos/usa_0042_alder_graduate_school_of_education.png,USA_Universities_Directory.pdf,7
usa-universities_and_degree_granting_institutions-0043,43,USA,universities_and_degree_granting_institutions,Alfred University,Alfred · NY,alfred.edu,https://alfred.edu,True,logos/usa_0043_alfred_university.png,USA_Universities_Directory.pdf,7
usa-universities_and_degree_granting_institutions-0044,44,USA,universities_and_degree_granting_institutions,Alhambra Medical University,Alhambra · CA,amu.edu,https://amu.edu,True,logos/usa_0044_alhambra_medical_university.png,USA_Universities_Directory.pdf,7
usa-universities_and_degree_granting_institutions-0045,45,USA,universities_and_degree_granting_institutions,Alice Lloyd College,Pippa Passes · KY,alc.edu,https://alc.edu,True,logos/usa_0045_alice_lloyd_college.png,USA_Universities_Directory.pdf,7
usa-universities_and_degree_granting_institutions-0046,46,USA,universities_and_degree_granting_institutions,Allegheny College,Meadville · PA,allegheny.edu,https://allegheny.edu,True,logos/usa_0046_allegheny_college.png,USA_Universities_Directory.pdf,7
usa-universities_and_degree_granting_institutions-0047,47,USA,universities_and_degree_granting_institutions,Allegheny Wesleyan College,Salem · OH,awc.edu,https://awc.edu,True,logos/usa_0047_allegheny_wesleyan_college.png,USA_Universities_Directory.pdf,7
usa-universities_and_degree_granting_institutions-0048,48,USA,universities_and_degree_granting_institutions,Allen College,Waterloo · IA,allencollege.edu,https://allencollege.edu,True,logos/usa_0048_allen_college.png,USA_Universities_Directory.pdf,7
usa-universities_and_degree_granting_institutions-0049,49,USA,universities_and_degree_granting_institutions,Allen University,Columbia · SC,allenuniversity.edu,https://allenuniversity.edu,True,logos/usa_0049_allen_university.png,USA_Universities_Directory.pdf,8
usa-universities_and_degree_granting_institutions-0050,50,USA,universities_and_degree_granting_institutions,Alliant International University-San Diego,San Diego · CA,alliant.edu,https://alliant.edu,True,logos/usa_0050_alliant_international_university_san_diego.png,USA_Universities_Directory.pdf,8
usa-universities_and_degree_granting_institutions-0051,51,USA,universities_and_degree_granting_institutions,Alma College,Alma · MI,alma.edu,https://alma.edu,True,logos/usa_0051_alma_college.png,USA_Universities_Directory.pdf,8
usa-universities_and_degree_granting_institutions-0052,52,USA,universities_and_degree_granting_institutions,Alpena Community College,Alpena · MI,alpenacc.edu,https://alpenacc.edu,True,logos/usa_0052_alpena_community_college.png,USA_Universities_Directory.pdf,8
usa-universities_and_degree_granting_institutions-0053,53,USA,universities_and_degree_granting_institutions,Alvernia University,Reading · PA,alvernia.edu,https://alvernia.edu,True,logos/usa_0053_alvernia_university.png,USA_Universities_Directory.pdf,8
usa-universities_and_degree_granting_institutions-0054,54,USA,universities_and_degree_granting_institutions,Alverno College,Milwaukee · WI,alverno.edu,https://alverno.edu,True,logos/usa_0054_alverno_college.png,USA_Universities_Directory.pdf,8
usa-universities_and_degree_granting_institutions-0055,55,USA,universities_and_degree_granting_institutions,Alvin Community College,Alvin · TX,alvincollege.edu,https://alvincollege.edu,True,logos/usa_0055_alvin_community_college.png,USA_Universities_Directory.pdf,8
usa-universities_and_degree_granting_institutions-0056,56,USA,universities_and_degree_granting_institutions,Amberton University,Garland · TX,amberton.edu,https://amberton.edu,True,logos/usa_0056_amberton_university.png,USA_Universities_Directory.pdf,8
usa-universities_and_degree_granting_institutions-0057,57,USA,universities_and_degree_granting_institutions,Ambria College of Nursing,Hoffman Estates · IL,ambria.edu,https://ambria.edu,True,logos/usa_0057_ambria_college_of_nursing.png,USA_Universities_Directory.pdf,9
usa-universities_and_degree_granting_institutions-0058,58,USA,universities_and_degree_granting_institutions,America Evangelical University,Gardena · CA,aeu.edu,https://aeu.edu,False,,USA_Universities_Directory.pdf,9
usa-universities_and_degree_granting_institutions-0059,59,USA,universities_and_degree_granting_institutions,American Academy of Health and Wellness,Roseville · MN,acupunctureschoolusa.com,https://acupunctureschoolusa.com,True,logos/usa_0059_american_academy_of_health_and_wellness.png,USA_Universities_Directory.pdf,9
usa-universities_and_degree_granting_institutions-0060,60,USA,universities_and_degree_granting_institutions,American Baptist College,Nashville · TN,abcnash.edu,https://abcnash.edu,True,logos/usa_0060_american_baptist_college.png,USA_Universities_Directory.pdf,9
usa-universities_and_degree_granting_institutions-0061,61,USA,universities_and_degree_granting_institutions,American College of Acupuncture and Oriental Med,Houston · TX,acaom.edu,https://acaom.edu,True,logos/usa_0061_american_college_of_acupuncture_and_oriental_med.png,USA_Universities_Directory.pdf,9
usa-universities_and_degree_granting_institutions-0062,62,USA,universities_and_degree_granting_institutions,American College of Education,Indianapolis,ace.edu,https://ace.edu,False,,USA_Universities_Directory.pdf,9
usa-universities_and_degree_granting_institutions-0063,63,USA,universities_and_degree_granting_institutions,American College of Financial Services,King of Prussia · PA,theamericancollege.edu,https://theamericancollege.edu,True,logos/usa_0063_american_college_of_financial_services.png,USA_Universities_Directory.pdf,9
usa-universities_and_degree_granting_institutions-0064,64,USA,universities_and_degree_granting_institutions,American College of Healthcare Sciences,Portland,achs.edu,https://achs.edu,True,logos/usa_0064_american_college_of_healthcare_sciences.png,USA_Universities_Directory.pdf,9
usa-universities_and_degree_granting_institutions-0065,65,USA,universities_and_degree_granting_institutions,American College of the Building Arts,Charleston · SC,acba.edu,https://acba.edu,True,logos/usa_0065_american_college_of_the_building_arts.png,USA_Universities_Directory.pdf,10
usa-universities_and_degree_granting_institutions-0066,66,USA,universities_and_degree_granting_institutions,American Film Institute Conservatory,Los Angeles · CA,conservatory.afi.com,https://conservatory.afi.com,True,logos/usa_0066_american_film_institute_conservatory.png,USA_Universities_Directory.pdf,10
usa-universities_and_degree_granting_institutions-0067,67,USA,universities_and_degree_granting_institutions,American Institute of Alternative Medicine,Columbus · OH,aiam.edu,https://aiam.edu,True,logos/usa_0067_american_institute_of_alternative_medicine.png,USA_Universities_Directory.pdf,10
usa-universities_and_degree_granting_institutions-0068,68,USA,universities_and_degree_granting_institutions,American InterContinental University System,Chandler · AZ,aius.education,https://aius.education,True,logos/usa_0068_american_intercontinental_university_system.png,USA_Universities_Directory.pdf,10
usa-universities_and_degree_granting_institutions-0069,69,USA,universities_and_degree_granting_institutions,American InterContinental University-Atlanta,Atlanta · GA,aiuniv.edu,https://aiuniv.edu,True,logos/usa_0069_american_intercontinental_university_atlanta.png,USA_Universities_Directory.pdf,10
usa-universities_and_degree_granting_institutions-0070,70,USA,universities_and_degree_granting_institutions,American InterContinental University-Houston,Houston · TX,aiuniv.edu,https://aiuniv.edu,True,logos/usa_0070_american_intercontinental_university_houston.png,USA_Universities_Directory.pdf,10
usa-universities_and_degree_granting_institutions-0071,71,USA,universities_and_degree_granting_institutions,American International College,Springfield · MA,aic.edu,https://aic.edu,True,logos/usa_0071_american_international_college.png,USA_Universities_Directory.pdf,10
usa-universities_and_degree_granting_institutions-0072,72,USA,universities_and_degree_granting_institutions,American Islamic College,Chicago · IL,aicusa.edu,https://aicusa.edu,True,logos/usa_0072_american_islamic_college.png,USA_Universities_Directory.pdf,10
usa-universities_and_degree_granting_institutions-0073,73,USA,universities_and_degree_granting_institutions,American Jewish University,Los Angeles · CA,aju.edu,https://aju.edu,True,logos/usa_0073_american_jewish_university.png,USA_Universities_Directory.pdf,11
usa-universities_and_degree_granting_institutions-0074,74,USA,universities_and_degree_granting_institutions,American Medical Academy,Miami · FL,ama.edu,https://ama.edu,True,logos/usa_0074_american_medical_academy.png,USA_Universities_Directory.pdf,11
usa-universities_and_degree_granting_institutions-0075,75,USA,universities_and_degree_granting_institutions,American Medical Sciences Center,Glendale · CA,amsc.edu,https://amsc.edu,True,logos/usa_0075_american_medical_sciences_center.png,USA_Universities_Directory.pdf,11
usa-universities_and_degree_granting_institutions-0076,76,USA,universities_and_degree_granting_institutions,American Musical and Dramatic Academy,New York · NY,amda.edu,https://amda.edu,True,logos/usa_0076_american_musical_and_dramatic_academy.png,USA_Universities_Directory.pdf,11
usa-universities_and_degree_granting_institutions-0077,77,USA,universities_and_degree_granting_institutions,American National University,Salem · VA,an.edu,https://an.edu,True,logos/usa_0077_american_national_university.png,USA_Universities_Directory.pdf,11
usa-universities_and_degree_granting_institutions-0078,78,USA,universities_and_degree_granting_institutions,American National University-Pikeville,Pikeville · KY,an.edu,https://an.edu,True,logos/usa_0078_american_national_university_pikeville.png,USA_Universities_Directory.pdf,11
usa-universities_and_degree_granting_institutions-0079,79,USA,universities_and_degree_granting_institutions,American Public University System,Charles Town · WV,apus.edu,https://apus.edu,True,logos/usa_0079_american_public_university_system.png,USA_Universities_Directory.pdf,11
usa-universities_and_degree_granting_institutions-0080,80,USA,universities_and_degree_granting_institutions,American Samoa Community College,Pago Pago · AS,amsamoa.edu,https://amsamoa.edu,True,logos/usa_0080_american_samoa_community_college.png,USA_Universities_Directory.pdf,11
usa-universities_and_degree_granting_institutions-0081,81,USA,universities_and_degree_granting_institutions,American University,Washington · DC,american.edu,https://american.edu,True,logos/usa_0081_american_university.png,USA_Universities_Directory.pdf,12
usa-universities_and_degree_granting_institutions-0082,82,USA,universities_and_degree_granting_institutions,American University of Health Sciences,Signal Hill · CA,auhs.edu,https://auhs.edu,True,logos/usa_0082_american_university_of_health_sciences.png,USA_Universities_Directory.pdf,12
usa-universities_and_degree_granting_institutions-0083,83,USA,universities_and_degree_granting_institutions,Amherst College,Amherst · MA,amherst.edu,https://amherst.edu,True,logos/usa_0083_amherst_college.png,USA_Universities_Directory.pdf,12
usa-universities_and_degree_granting_institutions-0084,84,USA,universities_and_degree_granting_institutions,Amridge University,Montgomery · AL,amridgeuniversity.edu,https://amridgeuniversity.edu,True,logos/usa_0084_amridge_university.png,USA_Universities_Directory.pdf,12
usa-universities_and_degree_granting_institutions-0085,85,USA,universities_and_degree_granting_institutions,Ana G. Mendez University,Orlando · FL,agmu.edu,https://agmu.edu,True,logos/usa_0085_ana_g_mendez_university.png,USA_Universities_Directory.pdf,12
usa-universities_and_degree_granting_institutions-0086,86,USA,universities_and_degree_granting_institutions,Anabaptist Mennonite Biblical Seminary,Elkhart · IN,ambs.edu,https://ambs.edu,True,logos/usa_0086_anabaptist_mennonite_biblical_seminary.png,USA_Universities_Directory.pdf,12
usa-universities_and_degree_granting_institutions-0087,87,USA,universities_and_degree_granting_institutions,Anderson University,Anderson · IN,andersonuniversity.edu,https://andersonuniversity.edu,True,logos/usa_0087_anderson_university.png,USA_Universities_Directory.pdf,12
usa-universities_and_degree_granting_institutions-0088,88,USA,universities_and_degree_granting_institutions,Anderson University,Anderson · SC,andersonuniversity.edu,https://andersonuniversity.edu,True,logos/usa_0088_anderson_university.png,USA_Universities_Directory.pdf,12
usa-universities_and_degree_granting_institutions-0089,89,USA,universities_and_degree_granting_institutions,Andrew College,Cuthbert · GA,andrewcollege.edu,https://andrewcollege.edu,True,logos/usa_0089_andrew_college.png,USA_Universities_Directory.pdf,13
usa-universities_and_degree_granting_institutions-0090,90,USA,universities_and_degree_granting_institutions,Andrews University,Berrien Springs · MI,andrews.edu,https://andrews.edu,True,logos/usa_0090_andrews_university.png,USA_Universities_Directory.pdf,13
usa-universities_and_degree_granting_institutions-0091,91,USA,universities_and_degree_granting_institutions,Angeles College,Los Angeles · CA,angelescollege.edu,https://angelescollege.edu,True,logos/usa_0091_angeles_college.png,USA_Universities_Directory.pdf,13
usa-universities_and_degree_granting_institutions-0092,92,USA,universities_and_degree_granting_institutions,Angelo State University,San Angelo · TX,angelo.edu,https://angelo.edu,True,logos/usa_0092_angelo_state_university.png,USA_Universities_Directory.pdf,13
usa-universities_and_degree_granting_institutions-0093,93,USA,universities_and_degree_granting_institutions,Anna Maria College,Paxton · MA,annamaria.edu,https://annamaria.edu,True,logos/usa_0093_anna_maria_college.png,USA_Universities_Directory.pdf,13
usa-universities_and_degree_granting_institutions-0094,94,USA,universities_and_degree_granting_institutions,Antelope Valley Community College District,Lancaster,avc.edu,https://avc.edu,True,logos/usa_0094_antelope_valley_community_college_district.png,USA_Universities_Directory.pdf,13
usa-universities_and_degree_granting_institutions-0095,95,USA,universities_and_degree_granting_institutions,Antigua College International,Miami Lakes · FL,antigua.edu,https://antigua.edu,True,logos/usa_0095_antigua_college_international.png,USA_Universities_Directory.pdf,13
usa-universities_and_degree_granting_institutions-0096,96,USA,universities_and_degree_granting_institutions,Antioch College,Yellow Springs · OH,antiochcollege.edu,https://antiochcollege.edu,True,logos/usa_0096_antioch_college.png,USA_Universities_Directory.pdf,13
usa-universities_and_degree_granting_institutions-0097,97,USA,universities_and_degree_granting_institutions,Antioch University,Yellow Springs · OH,antioch.edu,https://antioch.edu,True,logos/usa_0097_antioch_university.png,USA_Universities_Directory.pdf,14
usa-universities_and_degree_granting_institutions-0098,98,USA,universities_and_degree_granting_institutions,Antioch University-Los Angeles,Culver City · CA,antioch.edu,https://antioch.edu,True,logos/usa_0098_antioch_university_los_angeles.png,USA_Universities_Directory.pdf,14
usa-universities_and_degree_granting_institutions-0099,99,USA,universities_and_degree_granting_institutions,Antioch University-New England,Keene · NH,antioch.edu,https://antioch.edu,True,logos/usa_0099_antioch_university_new_england.png,USA_Universities_Directory.pdf,14
usa-universities_and_degree_granting_institutions-0100,100,USA,universities_and_degree_granting_institutions,Antioch University-Santa Barbara,Santa Barbara · CA,antioch.edu,https://antioch.edu,True,logos/usa_0100_antioch_university_santa_barbara.png,USA_Universities_Directory.pdf,14
usa-universities_and_degree_granting_institutions-0101,101,USA,universities_and_degree_granting_institutions,Antioch University-Seattle,Seattle · WA,antioch.edu,https://antioch.edu,True,logos/usa_0101_antioch_university_seattle.png,USA_Universities_Directory.pdf,14
usa-universities_and_degree_granting_institutions-0102,102,USA,universities_and_degree_granting_institutions,Antioch University-System Administration,Yellow Springs · OH,antioch.edu,https://antioch.edu,True,logos/usa_0102_antioch_university_system_administration.png,USA_Universities_Directory.pdf,14
usa-universities_and_degree_granting_institutions-0103,103,USA,universities_and_degree_granting_institutions,AOMA Graduate School of Integrative Medicine,Austin · TX,aoma.edu,https://aoma.edu,True,logos/usa_0103_aoma_graduate_school_of_integrative_medicine.png,USA_Universities_Directory.pdf,14
usa-universities_and_degree_granting_institutions-0104,104,USA,universities_and_degree_granting_institutions,Appalachian Bible College,Mount Hope · WV,abc.edu,https://abc.edu,False,,USA_Universities_Directory.pdf,14
usa-universities_and_degree_granting_institutions-0105,105,USA,universities_and_degree_granting_institutions,Appalachian College of Pharmacy,Oakwood · VA,acp.edu,https://acp.edu,True,logos/usa_0105_appalachian_college_of_pharmacy.png,USA_Universities_Directory.pdf,15
usa-universities_and_degree_granting_institutions-0106,106,USA,universities_and_degree_granting_institutions,Appalachian School of Law,Grundy · VA,asl.edu,https://asl.edu,True,logos/usa_0106_appalachian_school_of_law.png,USA_Universities_Directory.pdf,15
usa-universities_and_degree_granting_institutions-0107,107,USA,universities_and_degree_granting_institutions,Appalachian State University,Boone · NC,appstate.edu,https://appstate.edu,True,logos/usa_0107_appalachian_state_university.png,USA_Universities_Directory.pdf,15
usa-universities_and_degree_granting_institutions-0108,108,USA,universities_and_degree_granting_institutions,Aquinas College,Grand Rapids · MI,aquinas.edu,https://aquinas.edu,True,logos/usa_0108_aquinas_college.png,USA_Universities_Directory.pdf,15
usa-universities_and_degree_granting_institutions-0109,109,USA,universities_and_degree_granting_institutions,Aquinas Institute of Theology,Saint Louis · MO,ai.edu,https://ai.edu,True,logos/usa_0109_aquinas_institute_of_theology.png,USA_Universities_Directory.pdf,15
usa-universities_and_degree_granting_institutions-0110,110,USA,universities_and_degree_granting_institutions,Arapahoe Community College,Littleton · CO,arapahoe.edu,https://arapahoe.edu,True,logos/usa_0110_arapahoe_community_college.png,USA_Universities_Directory.pdf,15
usa-universities_and_degree_granting_institutions-0111,111,USA,universities_and_degree_granting_institutions,Arcadia University,Glenside · PA,arcadia.edu,https://arcadia.edu,True,logos/usa_0111_arcadia_university.png,USA_Universities_Directory.pdf,15
usa-universities_and_degree_granting_institutions-0112,112,USA,universities_and_degree_granting_institutions,Arizona Board of Regents,Phoenix · AZ,azregents.edu,https://azregents.edu,True,logos/usa_0112_arizona_board_of_regents.png,USA_Universities_Directory.pdf,15
usa-universities_and_degree_granting_institutions-0113,113,USA,universities_and_degree_granting_institutions,Arizona Christian University,Glendale · AZ,azcu.edu,https://azcu.edu,True,logos/usa_0113_arizona_christian_university.png,USA_Universities_Directory.pdf,16
usa-universities_and_degree_granting_institutions-0114,114,USA,universities_and_degree_granting_institutions,Arizona College of Nursing - Chesapeake,Chesapeake · VA,arizonacollege.edu,https://arizonacollege.edu,True,logos/usa_0114_arizona_college_of_nursing_chesapeake.png,USA_Universities_Directory.pdf,16
usa-universities_and_degree_granting_institutions-0115,115,USA,universities_and_degree_granting_institutions,Arizona College of Nursing - Hartford,East Hartford · CT,arizonacollege.edu,https://arizonacollege.edu,True,logos/usa_0115_arizona_college_of_nursing_hartford.png,USA_Universities_Directory.pdf,16
usa-universities_and_degree_granting_institutions-0116,116,USA,universities_and_degree_granting_institutions,Arizona College of Nursing-Aurora,Aurora · CO,arizonacollege.edu,https://arizonacollege.edu,True,logos/usa_0116_arizona_college_of_nursing_aurora.png,USA_Universities_Directory.pdf,16
usa-universities_and_degree_granting_institutions-0117,117,USA,universities_and_degree_granting_institutions,Arizona College of Nursing-Cincinnati,Cincinnati · OH,arizonacollege.edu,https://arizonacollege.edu,True,logos/usa_0117_arizona_college_of_nursing_cincinnati.png,USA_Universities_Directory.pdf,16
usa-universities_and_degree_granting_institutions-0118,118,USA,universities_and_degree_granting_institutions,Arizona College of Nursing-Cleveland,Beachwood · OH,arizonacollege.edu,https://arizonacollege.edu,True,logos/usa_0118_arizona_college_of_nursing_cleveland.png,USA_Universities_Directory.pdf,16
usa-universities_and_degree_granting_institutions-0119,119,USA,universities_and_degree_granting_institutions,Arizona College of Nursing-Dallas,Dallas · TX,arizonacollege.edu,https://arizonacollege.edu,True,logos/usa_0119_arizona_college_of_nursing_dallas.png,USA_Universities_Directory.pdf,16
usa-universities_and_degree_granting_institutions-0120,120,USA,universities_and_degree_granting_institutions,Arizona College of Nursing-Falls Church,Falls Church · VA,arizonacollege.edu,https://arizonacollege.edu,True,logos/usa_0120_arizona_college_of_nursing_falls_church.png,USA_Universities_Directory.pdf,16
usa-universities_and_degree_granting_institutions-0121,121,USA,universities_and_degree_granting_institutions,Arizona College of Nursing-Fort Lauderdale,Fort Lauderdale · FL,arizonacollege.edu,https://arizonacollege.edu,True,logos/usa_0121_arizona_college_of_nursing_fort_lauderdale.png,USA_Universities_Directory.pdf,17
usa-universities_and_degree_granting_institutions-0122,122,USA,universities_and_degree_granting_institutions,Arizona College of Nursing-Las Vegas,Las Vegas · NV,arizonacollege.edu,https://arizonacollege.edu,True,logos/usa_0122_arizona_college_of_nursing_las_vegas.png,USA_Universities_Directory.pdf,17
usa-universities_and_degree_granting_institutions-0123,123,USA,universities_and_degree_granting_institutions,Arizona College of Nursing-Ontario,Ontario · CA,arizonacollege.edu,https://arizonacollege.edu,True,logos/usa_0123_arizona_college_of_nursing_ontario.png,USA_Universities_Directory.pdf,17
usa-universities_and_degree_granting_institutions-0124,124,USA,universities_and_degree_granting_institutions,Arizona College of Nursing-Phoenix,Phoenix · AZ,arizonacollege.edu,https://arizonacollege.edu,True,logos/usa_0124_arizona_college_of_nursing_phoenix.png,USA_Universities_Directory.pdf,17
usa-universities_and_degree_granting_institutions-0125,125,USA,universities_and_degree_granting_institutions,Arizona College of Nursing-Salt Lake City,Murray · UT,arizonacollege.edu,https://arizonacollege.edu,True,logos/usa_0125_arizona_college_of_nursing_salt_lake_city.png,USA_Universities_Directory.pdf,17
usa-universities_and_degree_granting_institutions-0126,126,USA,universities_and_degree_granting_institutions,Arizona College of Nursing-Sarasota,University Park · FL,arizonacollege.edu,https://arizonacollege.edu,True,logos/usa_0126_arizona_college_of_nursing_sarasota.png,USA_Universities_Directory.pdf,17
usa-universities_and_degree_granting_institutions-0127,127,USA,universities_and_degree_granting_institutions,Arizona College of Nursing-Southfield,Southfield · MI,arizonacollege.edu,https://arizonacollege.edu,True,logos/usa_0127_arizona_college_of_nursing_southfield.png,USA_Universities_Directory.pdf,17
usa-universities_and_degree_granting_institutions-0128,128,USA,universities_and_degree_granting_institutions,Arizona College of Nursing-St Louis,Maryland Heights · MO,arizonacollege.edu,https://arizonacollege.edu,True,logos/usa_0128_arizona_college_of_nursing_st_louis.png,USA_Universities_Directory.pdf,17
usa-universities_and_degree_granting_institutions-0129,129,USA,universities_and_degree_granting_institutions,Arizona College of Nursing-Tampa,Tampa · FL,arizonacollege.edu,https://arizonacollege.edu,True,logos/usa_0129_arizona_college_of_nursing_tampa.png,USA_Universities_Directory.pdf,18
usa-universities_and_degree_granting_institutions-0130,130,USA,universities_and_degree_granting_institutions,Arizona College of Nursing-Tempe,Tempe · AZ,arizonacollege.edu,https://arizonacollege.edu,True,logos/usa_0130_arizona_college_of_nursing_tempe.png,USA_Universities_Directory.pdf,18
usa-universities_and_degree_granting_institutions-0131,131,USA,universities_and_degree_granting_institutions,Arizona College of Nursing-Tucson,Tucson · AZ,arizonacollege.edu,https://arizonacollege.edu,True,logos/usa_0131_arizona_college_of_nursing_tucson.png,USA_Universities_Directory.pdf,18
usa-universities_and_degree_granting_institutions-0132,132,USA,universities_and_degree_granting_institutions,Arizona School of Acupuncture and Oriental Medicine,Tucson · AZ,asaom.edu,https://asaom.edu,True,logos/usa_0132_arizona_school_of_acupuncture_and_oriental_medicine.png,USA_Universities_Directory.pdf,18
usa-universities_and_degree_granting_institutions-0133,133,USA,universities_and_degree_granting_institutions,Arizona State University Campus Immersion,Tempe · AZ,asu.edu,https://asu.edu,True,logos/usa_0133_arizona_state_university_campus_immersion.png,USA_Universities_Directory.pdf,18
usa-universities_and_degree_granting_institutions-0134,134,USA,universities_and_degree_granting_institutions,Arizona State University Digital Immersion,Scottsdale · AZ,asu.edu,https://asu.edu,True,logos/usa_0134_arizona_state_university_digital_immersion.png,USA_Universities_Directory.pdf,18
usa-universities_and_degree_granting_institutions-0135,135,USA,universities_and_degree_granting_institutions,Arkansas Baptist College,Little Rock · AR,arkansasbaptist.edu,https://arkansasbaptist.edu,True,logos/usa_0135_arkansas_baptist_college.png,USA_Universities_Directory.pdf,18
usa-universities_and_degree_granting_institutions-0136,136,USA,universities_and_degree_granting_institutions,Arkansas Colleges of Health Education,Fort Smith · AR,achehealth.edu,https://achehealth.edu,True,logos/usa_0136_arkansas_colleges_of_health_education.png,USA_Universities_Directory.pdf,18
usa-universities_and_degree_granting_institutions-0137,137,USA,universities_and_degree_granting_institutions,Arkansas State University,Jonesboro · AR,astate.edu,https://astate.edu,True,logos/usa_0137_arkansas_state_university.png,USA_Universities_Directory.pdf,19
usa-universities_and_degree_granting_institutions-0138,138,USA,universities_and_degree_granting_institutions,Arkansas State University System,Little Rock · AR,asusystem.edu,https://asusystem.edu,False,,USA_Universities_Directory.pdf,19
usa-universities_and_degree_granting_institutions-0139,139,USA,universities_and_degree_granting_institutions,Arkansas Tech University,Russellville · AR,atu.edu,https://atu.edu,True,logos/usa_0139_arkansas_tech_university.png,USA_Universities_Directory.pdf,19
usa-universities_and_degree_granting_institutions-0140,140,USA,universities_and_degree_granting_institutions,Arlington Baptist University,Arlington · TX,abu.edu,https://abu.edu,True,logos/usa_0140_arlington_baptist_university.png,USA_Universities_Directory.pdf,19
usa-universities_and_degree_granting_institutions-0141,141,USA,universities_and_degree_granting_institutions,Art Academy of Cincinnati,Cincinnati · OH,artacademy.edu,https://artacademy.edu,True,logos/usa_0141_art_academy_of_cincinnati.png,USA_Universities_Directory.pdf,19
usa-universities_and_degree_granting_institutions-0142,142,USA,universities_and_degree_granting_institutions,Art Center College of Design,Pasadena · CA,artcenter.edu,https://artcenter.edu,True,logos/usa_0142_art_center_college_of_design.png,USA_Universities_Directory.pdf,19
usa-universities_and_degree_granting_institutions-0143,143,USA,universities_and_degree_granting_institutions,Asbury Theological Seminary,Wilmore · KY,asburyseminary.edu,https://asburyseminary.edu,True,logos/usa_0143_asbury_theological_seminary.png,USA_Universities_Directory.pdf,19
usa-universities_and_degree_granting_institutions-0144,144,USA,universities_and_degree_granting_institutions,Asbury University,Wilmore · KY,asbury.edu,https://asbury.edu,True,logos/usa_0144_asbury_university.png,USA_Universities_Directory.pdf,19
usa-universities_and_degree_granting_institutions-0145,145,USA,universities_and_degree_granting_institutions,Ascent College,Gainesville · VA,ascent.edu,https://ascent.edu,True,logos/usa_0145_ascent_college.png,USA_Universities_Directory.pdf,20
usa-universities_and_degree_granting_institutions-0146,146,USA,universities_and_degree_granting_institutions,Ashford University,San Diego · CA,uagc.edu,https://uagc.edu,True,logos/usa_0146_ashford_university.png,USA_Universities_Directory.pdf,20
usa-universities_and_degree_granting_institutions-0147,147,USA,universities_and_degree_granting_institutions,Ashland University,Ashland · OH,ashland.edu,https://ashland.edu,True,logos/usa_0147_ashland_university.png,USA_Universities_Directory.pdf,20
usa-universities_and_degree_granting_institutions-0148,148,USA,universities_and_degree_granting_institutions,Aspen University,Phoenix · AZ,aspen.edu,https://aspen.edu,True,logos/usa_0148_aspen_university.png,USA_Universities_Directory.pdf,20
usa-universities_and_degree_granting_institutions-0149,149,USA,universities_and_degree_granting_institutions,Associated Beth Rivkah Schools,Brooklyn · NY,bethrivkah.edu,https://bethrivkah.edu,True,logos/usa_0149_associated_beth_rivkah_schools.png,USA_Universities_Directory.pdf,20
usa-universities_and_degree_granting_institutions-0150,150,USA,universities_and_degree_granting_institutions,Assumption University,Worcester · MA,assumption.edu,https://assumption.edu,True,logos/usa_0150_assumption_university.png,USA_Universities_Directory.pdf,20
usa-universities_and_degree_granting_institutions-0151,151,USA,universities_and_degree_granting_institutions,ATA Career Education,Spring Hill · FL,atafl.edu,https://atafl.edu,True,logos/usa_0151_ata_career_education.png,USA_Universities_Directory.pdf,20
usa-universities_and_degree_granting_institutions-0152,152,USA,universities_and_degree_granting_institutions,ATA College-Cincinnati,Cincinnati · OH,ata.edu,https://ata.edu,True,logos/usa_0152_ata_college_cincinnati.png,USA_Universities_Directory.pdf,20
usa-universities_and_degree_granting_institutions-0153,153,USA,universities_and_degree_granting_institutions,Atenas University,Manati · PR,atenasuniversity.edu,https://atenasuniversity.edu,True,logos/usa_0153_atenas_university.png,USA_Universities_Directory.pdf,21
usa-universities_and_degree_granting_institutions-0154,154,USA,universities_and_degree_granting_institutions,Athenaeum of Ohio,Cincinnati · OH,athenaeum.edu,https://athenaeum.edu,True,logos/usa_0154_athenaeum_of_ohio.png,USA_Universities_Directory.pdf,21
usa-universities_and_degree_granting_institutions-0155,155,USA,universities_and_degree_granting_institutions,Athens State University,Athens · AL,athens.edu,https://athens.edu,True,logos/usa_0155_athens_state_university.png,USA_Universities_Directory.pdf,21
usa-universities_and_degree_granting_institutions-0156,156,USA,universities_and_degree_granting_institutions,ATI College-Whittier,Whitter · CA,ati.edu,https://ati.edu,True,logos/usa_0156_ati_college_whittier.png,USA_Universities_Directory.pdf,21
usa-universities_and_degree_granting_institutions-0157,157,USA,universities_and_degree_granting_institutions,Atlanta Metropolitan State College,Atlanta · GA,atlm.edu,https://atlm.edu,True,logos/usa_0157_atlanta_metropolitan_state_college.png,USA_Universities_Directory.pdf,21
usa-universities_and_degree_granting_institutions-0158,158,USA,universities_and_degree_granting_institutions,Atlanta's John Marshall Law School,Atlanta · GA,johnmarshall.edu,https://johnmarshall.edu,True,logos/usa_0158_atlanta_s_john_marshall_law_school.png,USA_Universities_Directory.pdf,21
usa-universities_and_degree_granting_institutions-0159,159,USA,universities_and_degree_granting_institutions,Atlantic Institute of Oriental Medicine,Fort Lauderdale · FL,atom.edu,https://atom.edu,True,logos/usa_0159_atlantic_institute_of_oriental_medicine.png,USA_Universities_Directory.pdf,21
usa-universities_and_degree_granting_institutions-0160,160,USA,universities_and_degree_granting_institutions,Atlantic University,Guaynabo · PR,atlanticu.edu,https://atlanticu.edu,True,logos/usa_0160_atlantic_university.png,USA_Universities_Directory.pdf,21
usa-universities_and_degree_granting_institutions-0161,161,USA,universities_and_degree_granting_institutions,Atlantis University,Miami · FL,atlantisuniversity.edu,https://atlantisuniversity.edu,True,logos/usa_0161_atlantis_university.png,USA_Universities_Directory.pdf,22
usa-universities_and_degree_granting_institutions-0162,162,USA,universities_and_degree_granting_institutions,Auburn University,Auburn · AL,auburn.edu,https://auburn.edu,True,logos/usa_0162_auburn_university.png,USA_Universities_Directory.pdf,22
usa-universities_and_degree_granting_institutions-0163,163,USA,universities_and_degree_granting_institutions,Auburn University at Montgomery,Montgomery · AL,aum.edu,https://aum.edu,True,logos/usa_0163_auburn_university_at_montgomery.png,USA_Universities_Directory.pdf,22
usa-universities_and_degree_granting_institutions-0164,164,USA,universities_and_degree_granting_institutions,Augsburg University,Minneapolis · MN,augsburg.edu,https://augsburg.edu,True,logos/usa_0164_augsburg_university.png,USA_Universities_Directory.pdf,22
usa-universities_and_degree_granting_institutions-0165,165,USA,universities_and_degree_granting_institutions,Augusta University,Augusta · GA,augusta.edu,https://augusta.edu,True,logos/usa_0165_augusta_university.png,USA_Universities_Directory.pdf,22
usa-universities_and_degree_granting_institutions-0166,166,USA,universities_and_degree_granting_institutions,Augustana College,Rock Island · IL,augustana.edu,https://augustana.edu,True,logos/usa_0166_augustana_college.png,USA_Universities_Directory.pdf,22
usa-universities_and_degree_granting_institutions-0167,167,USA,universities_and_degree_granting_institutions,Augustana University,Sioux Falls · SD,augie.edu,https://augie.edu,True,logos/usa_0167_augustana_university.png,USA_Universities_Directory.pdf,22
usa-universities_and_degree_granting_institutions-0168,168,USA,universities_and_degree_granting_institutions,Aultman College of Nursing and Health Sciences,Canton · OH,aultmancollege.edu,https://aultmancollege.edu,True,logos/usa_0168_aultman_college_of_nursing_and_health_sciences.png,USA_Universities_Directory.pdf,22
usa-universities_and_degree_granting_institutions-0169,169,USA,universities_and_degree_granting_institutions,Aurora University,Aurora · IL,aurora.edu,https://aurora.edu,True,logos/usa_0169_aurora_university.png,USA_Universities_Directory.pdf,23
usa-universities_and_degree_granting_institutions-0170,170,USA,universities_and_degree_granting_institutions,Austin College,Sherman · TX,austincollege.edu,https://austincollege.edu,True,logos/usa_0170_austin_college.png,USA_Universities_Directory.pdf,23
usa-universities_and_degree_granting_institutions-0171,171,USA,universities_and_degree_granting_institutions,Austin Community College District,Austin · TX,austincc.edu,https://austincc.edu,True,logos/usa_0171_austin_community_college_district.png,USA_Universities_Directory.pdf,23
usa-universities_and_degree_granting_institutions-0172,172,USA,universities_and_degree_granting_institutions,Austin Peay State University,Clarksville · TN,apsu.edu,https://apsu.edu,True,logos/usa_0172_austin_peay_state_university.png,USA_Universities_Directory.pdf,23
usa-universities_and_degree_granting_institutions-0173,173,USA,universities_and_degree_granting_institutions,Austin Presbyterian Theological Seminary,Austin · TX,austinseminary.edu,https://austinseminary.edu,True,logos/usa_0173_austin_presbyterian_theological_seminary.png,USA_Universities_Directory.pdf,23
usa-universities_and_degree_granting_institutions-0174,174,USA,universities_and_degree_granting_institutions,Ave Maria School of Law,Naples · FL,avemarialaw.edu,https://avemarialaw.edu,True,logos/usa_0174_ave_maria_school_of_law.png,USA_Universities_Directory.pdf,23
usa-universities_and_degree_granting_institutions-0175,175,USA,universities_and_degree_granting_institutions,Ave Maria University,Ave Maria · FL,avemaria.edu,https://avemaria.edu,True,logos/usa_0175_ave_maria_university.png,USA_Universities_Directory.pdf,23
usa-universities_and_degree_granting_institutions-0176,176,USA,universities_and_degree_granting_institutions,Averett University,Danville · VA,averett.edu,https://averett.edu,True,logos/usa_0176_averett_university.png,USA_Universities_Directory.pdf,23
usa-universities_and_degree_granting_institutions-0177,177,USA,universities_and_degree_granting_institutions,Avila University,Kansas City · MO,avila.edu,https://avila.edu,True,logos/usa_0177_avila_university.png,USA_Universities_Directory.pdf,24
usa-universities_and_degree_granting_institutions-0178,178,USA,universities_and_degree_granting_institutions,Azusa Pacific University,Azusa · CA,apu.edu,https://apu.edu,True,logos/usa_0178_azusa_pacific_university.png,USA_Universities_Directory.pdf,24
usa-universities_and_degree_granting_institutions-0179,179,USA,universities_and_degree_granting_institutions,Babson College,Wellesley · MA,babson.edu,https://babson.edu,True,logos/usa_0179_babson_college.png,USA_Universities_Directory.pdf,24
usa-universities_and_degree_granting_institutions-0180,180,USA,universities_and_degree_granting_institutions,Bacone College,Muskogee · OK,bacone.edu,https://bacone.edu,False,,USA_Universities_Directory.pdf,24
usa-universities_and_degree_granting_institutions-0181,181,USA,universities_and_degree_granting_institutions,Bais Binyomin Academy,Monsey · NY,baisbinyominacademy.com,https://baisbinyominacademy.com,False,,USA_Universities_Directory.pdf,24
usa-universities_and_degree_granting_institutions-0182,182,USA,universities_and_degree_granting_institutions,Bais HaMedrash and Mesivta of Baltimore,Baltimore · MD,bhmb.edu,https://bhmb.edu,True,logos/usa_0182_bais_hamedrash_and_mesivta_of_baltimore.png,USA_Universities_Directory.pdf,24
usa-universities_and_degree_granting_institutions-0183,183,USA,universities_and_degree_granting_institutions,Bais Medrash Elyon,Monsey · NY,baismedroshelyon.com,https://baismedroshelyon.com,False,,USA_Universities_Directory.pdf,24
usa-universities_and_degree_granting_institutions-0184,184,USA,universities_and_degree_granting_institutions,Bais Medrash Mayan Hatorah,Lakewood · NJ,baismedrashmayanhatorah.com,https://baismedrashmayanhatorah.com,False,,USA_Universities_Directory.pdf,24
usa-universities_and_degree_granting_institutions-0185,185,USA,universities_and_degree_granting_institutions,Bais Medrash of Dexter Park,Chestnut Ridge · NY,bmdpark.com,https://bmdpark.com,True,logos/usa_0185_bais_medrash_of_dexter_park.png,USA_Universities_Directory.pdf,25
usa-universities_and_degree_granting_institutions-0186,186,USA,universities_and_degree_granting_institutions,Bais Medrash Toras Chesed,Lakewood · NJ,bmtc.edu,https://bmtc.edu,True,logos/usa_0186_bais_medrash_toras_chesed.png,USA_Universities_Directory.pdf,25
usa-universities_and_degree_granting_institutions-0187,187,USA,universities_and_degree_granting_institutions,Baker College,Owosso · MI,baker.edu,https://baker.edu,True,logos/usa_0187_baker_college.png,USA_Universities_Directory.pdf,25
usa-universities_and_degree_granting_institutions-0188,188,USA,universities_and_degree_granting_institutions,Baker University,Baldwin City · KS,bakeru.edu,https://bakeru.edu,True,logos/usa_0188_baker_university.png,USA_Universities_Directory.pdf,25
usa-universities_and_degree_granting_institutions-0189,189,USA,universities_and_degree_granting_institutions,Bakersfield College,Bakersfield · CA,bakersfieldcollege.edu,https://bakersfieldcollege.edu,True,logos/usa_0189_bakersfield_college.png,USA_Universities_Directory.pdf,25
usa-universities_and_degree_granting_institutions-0190,190,USA,universities_and_degree_granting_institutions,Bakke Graduate University,Dallas · TX,bgu.edu,https://bgu.edu,False,,USA_Universities_Directory.pdf,25
usa-universities_and_degree_granting_institutions-0191,191,USA,universities_and_degree_granting_institutions,Baldwin Wallace University,Berea · OH,bw.edu,https://bw.edu,True,logos/usa_0191_baldwin_wallace_university.png,USA_Universities_Directory.pdf,25
usa-universities_and_degree_granting_institutions-0192,192,USA,universities_and_degree_granting_institutions,Ball State University,Muncie · IN,bsu.edu,https://bsu.edu,True,logos/usa_0192_ball_state_university.png,USA_Universities_Directory.pdf,25
usa-universities_and_degree_granting_institutions-0193,193,USA,universities_and_degree_granting_institutions,Bank Street College of Education,New York · NY,bankstreet.edu,https://bankstreet.edu,True,logos/usa_0193_bank_street_college_of_education.png,USA_Universities_Directory.pdf,26
usa-universities_and_degree_granting_institutions-0194,194,USA,universities_and_degree_granting_institutions,Baptist Health Sciences University,Memphis · TN,baptistu.edu,https://baptistu.edu,True,logos/usa_0194_baptist_health_sciences_university.png,USA_Universities_Directory.pdf,26
usa-universities_and_degree_granting_institutions-0195,195,USA,universities_and_degree_granting_institutions,Baptist Health System School of Health Professions,San Antonio · TX,bshp.edu,https://bshp.edu,True,logos/usa_0195_baptist_health_system_school_of_health_professions.png,USA_Universities_Directory.pdf,26
usa-universities_and_degree_granting_institutions-0196,196,USA,universities_and_degree_granting_institutions,Baptist Missionary Association Theological Seminary,Jacksonville · TX,bmats.edu,https://bmats.edu,True,logos/usa_0196_baptist_missionary_association_theological_seminary.png,USA_Universities_Directory.pdf,26
usa-universities_and_degree_granting_institutions-0197,197,USA,universities_and_degree_granting_institutions,Baptist University of Florida,Graceville · FL,buf.edu,https://buf.edu,True,logos/usa_0197_baptist_university_of_florida.png,USA_Universities_Directory.pdf,26
usa-universities_and_degree_granting_institutions-0198,198,USA,universities_and_degree_granting_institutions,Baptist University of the Americas,San Antonio · TX,bua.edu,https://bua.edu,True,logos/usa_0198_baptist_university_of_the_americas.png,USA_Universities_Directory.pdf,26
usa-universities_and_degree_granting_institutions-0199,199,USA,universities_and_degree_granting_institutions,Barclay College,Haviland · KS,barclaycollege.edu,https://barclaycollege.edu,True,logos/usa_0199_barclay_college.png,USA_Universities_Directory.pdf,26
usa-universities_and_degree_granting_institutions-0200,200,USA,universities_and_degree_granting_institutions,Bard College,Annandale-On-Hudson · NY,bard.edu,https://bard.edu,True,logos/usa_0200_bard_college.png,USA_Universities_Directory.pdf,26
usa-universities_and_degree_granting_institutions-0201,201,USA,universities_and_degree_granting_institutions,Bard College at Simon's Rock,Great Barrington · MA,simons-rock.edu,https://simons-rock.edu,True,logos/usa_0201_bard_college_at_simon_s_rock.png,USA_Universities_Directory.pdf,27
usa-universities_and_degree_granting_institutions-0202,202,USA,universities_and_degree_granting_institutions,Barnard College,New York · NY,barnard.edu,https://barnard.edu,True,logos/usa_0202_barnard_college.png,USA_Universities_Directory.pdf,27
usa-universities_and_degree_granting_institutions-0203,203,USA,universities_and_degree_granting_institutions,Barnes-Jewish College Goldfarb School of Nursing,Saint Louis · MO,barnesjewishcollege.edu,https://barnesjewishcollege.edu,True,logos/usa_0203_barnes_jewish_college_goldfarb_school_of_nursing.png,USA_Universities_Directory.pdf,27
usa-universities_and_degree_granting_institutions-0204,204,USA,universities_and_degree_granting_institutions,Barry University,Miami · FL,barry.edu,https://barry.edu,True,logos/usa_0204_barry_university.png,USA_Universities_Directory.pdf,27
usa-universities_and_degree_granting_institutions-0205,205,USA,universities_and_degree_granting_institutions,Barton College,Wilson · NC,barton.edu,https://barton.edu,True,logos/usa_0205_barton_college.png,USA_Universities_Directory.pdf,27
usa-universities_and_degree_granting_institutions-0206,206,USA,universities_and_degree_granting_institutions,Bastyr University,Kenmore · WA,bastyr.edu,https://bastyr.edu,True,logos/usa_0206_bastyr_university.png,USA_Universities_Directory.pdf,27
usa-universities_and_degree_granting_institutions-0207,207,USA,universities_and_degree_granting_institutions,Bates College,Lewiston · ME,bates.edu,https://bates.edu,True,logos/usa_0207_bates_college.png,USA_Universities_Directory.pdf,27
usa-universities_and_degree_granting_institutions-0208,208,USA,universities_and_degree_granting_institutions,Bates Technical College,Tacoma · WA,batestech.edu,https://batestech.edu,True,logos/usa_0208_bates_technical_college.png,USA_Universities_Directory.pdf,27
usa-universities_and_degree_granting_institutions-0209,209,USA,universities_and_degree_granting_institutions,Bay Mills Community College,Brimley · MI,bmcc.edu,https://bmcc.edu,True,logos/usa_0209_bay_mills_community_college.png,USA_Universities_Directory.pdf,28
usa-universities_and_degree_granting_institutions-0210,210,USA,universities_and_degree_granting_institutions,Bay Path University,Longmeadow · MA,baypath.edu,https://baypath.edu,True,logos/usa_0210_bay_path_university.png,USA_Universities_Directory.pdf,28
usa-universities_and_degree_granting_institutions-0211,211,USA,universities_and_degree_granting_institutions,Baylor College of Medicine,Houston · TX,bcm.edu,https://bcm.edu,True,logos/usa_0211_baylor_college_of_medicine.png,USA_Universities_Directory.pdf,28
usa-universities_and_degree_granting_institutions-0212,212,USA,universities_and_degree_granting_institutions,Baylor University,Waco · TX,baylor.edu,https://baylor.edu,True,logos/usa_0212_baylor_university.png,USA_Universities_Directory.pdf,28
usa-universities_and_degree_granting_institutions-0213,213,USA,universities_and_degree_granting_institutions,Be'er Yaakov Talmudic Seminary,Spring Valley · NY,byts.edu,https://byts.edu,False,,USA_Universities_Directory.pdf,28
usa-universities_and_degree_granting_institutions-0214,214,USA,universities_and_degree_granting_institutions,Beacon College,Leesburg · FL,beaconcollege.edu,https://beaconcollege.edu,True,logos/usa_0214_beacon_college.png,USA_Universities_Directory.pdf,28
usa-universities_and_degree_granting_institutions-0215,215,USA,universities_and_degree_granting_institutions,Beal University,Bangor · ME,beal.edu,https://beal.edu,True,logos/usa_0215_beal_university.png,USA_Universities_Directory.pdf,28
usa-universities_and_degree_granting_institutions-0216,216,USA,universities_and_degree_granting_institutions,Beckfield College-Florence,Florence · KY,beckfield.edu,https://beckfield.edu,True,logos/usa_0216_beckfield_college_florence.png,USA_Universities_Directory.pdf,28
usa-universities_and_degree_granting_institutions-0217,217,USA,universities_and_degree_granting_institutions,Beis Medrash Heichal Dovid,Far Rockaway · NY,heichaldovid.org,https://heichaldovid.org,True,logos/usa_0217_beis_medrash_heichal_dovid.png,USA_Universities_Directory.pdf,29
usa-universities_and_degree_granting_institutions-0218,218,USA,universities_and_degree_granting_institutions,Belhaven University,Jackson · MS,belhaven.edu,https://belhaven.edu,True,logos/usa_0218_belhaven_university.png,USA_Universities_Directory.pdf,29
usa-universities_and_degree_granting_institutions-0219,219,USA,universities_and_degree_granting_institutions,Bellarmine University,Louisville · KY,bellarmine.edu,https://bellarmine.edu,True,logos/usa_0219_bellarmine_university.png,USA_Universities_Directory.pdf,29
usa-universities_and_degree_granting_institutions-0220,220,USA,universities_and_degree_granting_institutions,Bellevue College,Bellevue · WA,bellevuecollege.edu,https://bellevuecollege.edu,True,logos/usa_0220_bellevue_college.png,USA_Universities_Directory.pdf,29
usa-universities_and_degree_granting_institutions-0221,221,USA,universities_and_degree_granting_institutions,Bellevue University,Bellevue · NE,bellevue.edu,https://bellevue.edu,True,logos/usa_0221_bellevue_university.png,USA_Universities_Directory.pdf,29
usa-universities_and_degree_granting_institutions-0222,222,USA,universities_and_degree_granting_institutions,Bellin College,Green Bay · WI,bellincollege.edu,https://bellincollege.edu,True,logos/usa_0222_bellin_college.png,USA_Universities_Directory.pdf,29
usa-universities_and_degree_granting_institutions-0223,223,USA,universities_and_degree_granting_institutions,Bellingham Technical College,Bellingham · WA,btc.edu,https://btc.edu,True,logos/usa_0223_bellingham_technical_college.png,USA_Universities_Directory.pdf,29
usa-universities_and_degree_granting_institutions-0224,224,USA,universities_and_degree_granting_institutions,Belmont Abbey College,Belmont · NC,belmontabbeycollege.edu,https://belmontabbeycollege.edu,True,logos/usa_0224_belmont_abbey_college.png,USA_Universities_Directory.pdf,29
usa-universities_and_degree_granting_institutions-0225,225,USA,universities_and_degree_granting_institutions,Belmont University,Nashville · TN,belmont.edu,https://belmont.edu,True,logos/usa_0225_belmont_university.png,USA_Universities_Directory.pdf,30
usa-universities_and_degree_granting_institutions-0226,226,USA,universities_and_degree_granting_institutions,Beloit College,Beloit · WI,beloit.edu,https://beloit.edu,True,logos/usa_0226_beloit_college.png,USA_Universities_Directory.pdf,30
usa-universities_and_degree_granting_institutions-0227,227,USA,universities_and_degree_granting_institutions,Bemidji State University,Bemidji · MN,bemidjistate.edu,https://bemidjistate.edu,True,logos/usa_0227_bemidji_state_university.png,USA_Universities_Directory.pdf,30
usa-universities_and_degree_granting_institutions-0228,228,USA,universities_and_degree_granting_institutions,Benedict College,Columbia · SC,benedict.edu,https://benedict.edu,True,logos/usa_0228_benedict_college.png,USA_Universities_Directory.pdf,30
usa-universities_and_degree_granting_institutions-0229,229,USA,universities_and_degree_granting_institutions,Benedictine College,Atchison · KS,benedictine.edu,https://benedictine.edu,True,logos/usa_0229_benedictine_college.png,USA_Universities_Directory.pdf,30
usa-universities_and_degree_granting_institutions-0230,230,USA,universities_and_degree_granting_institutions,Benedictine University,Lisle · IL,ben.edu,https://ben.edu,True,logos/usa_0230_benedictine_university.png,USA_Universities_Directory.pdf,30
usa-universities_and_degree_granting_institutions-0231,231,USA,universities_and_degree_granting_institutions,Benjamin Franklin Cummings Institute of Technology,Boston · MA,franklincummings.edu,https://franklincummings.edu,True,logos/usa_0231_benjamin_franklin_cummings_institute_of_technology.png,USA_Universities_Directory.pdf,30
usa-universities_and_degree_granting_institutions-0232,232,USA,universities_and_degree_granting_institutions,Bennett College,Greensboro · NC,bennett.edu,https://bennett.edu,True,logos/usa_0232_bennett_college.png,USA_Universities_Directory.pdf,30
usa-universities_and_degree_granting_institutions-0233,233,USA,universities_and_degree_granting_institutions,Bennington College,Bennington · VT,bennington.edu,https://bennington.edu,True,logos/usa_0233_bennington_college.png,USA_Universities_Directory.pdf,31
usa-universities_and_degree_granting_institutions-0234,234,USA,universities_and_degree_granting_institutions,Bentley University,Waltham · MA,bentley.edu,https://bentley.edu,True,logos/usa_0234_bentley_university.png,USA_Universities_Directory.pdf,31
usa-universities_and_degree_granting_institutions-0235,235,USA,universities_and_degree_granting_institutions,Berea College,Berea · KY,berea.edu,https://berea.edu,True,logos/usa_0235_berea_college.png,USA_Universities_Directory.pdf,31
usa-universities_and_degree_granting_institutions-0236,236,USA,universities_and_degree_granting_institutions,Berkeley College-New York,New York · NY,berkeleycollege.edu,https://berkeleycollege.edu,True,logos/usa_0236_berkeley_college_new_york.png,USA_Universities_Directory.pdf,31
usa-universities_and_degree_granting_institutions-0237,237,USA,universities_and_degree_granting_institutions,Berkeley College-Woodland Park,Woodland Park · NJ,berkeleycollege.edu,https://berkeleycollege.edu,True,logos/usa_0237_berkeley_college_woodland_park.png,USA_Universities_Directory.pdf,31
usa-universities_and_degree_granting_institutions-0238,238,USA,universities_and_degree_granting_institutions,Berkeley School of Theology,Berkeley · CA,bst.edu,https://bst.edu,True,logos/usa_0238_berkeley_school_of_theology.png,USA_Universities_Directory.pdf,31
usa-universities_and_degree_granting_institutions-0239,239,USA,universities_and_degree_granting_institutions,Berklee College of Music,Boston · MA,berklee.edu,https://berklee.edu,True,logos/usa_0239_berklee_college_of_music.png,USA_Universities_Directory.pdf,31
usa-universities_and_degree_granting_institutions-0240,240,USA,universities_and_degree_granting_institutions,Berry College,Mount Berry · GA,berry.edu,https://berry.edu,True,logos/usa_0240_berry_college.png,USA_Universities_Directory.pdf,31
usa-universities_and_degree_granting_institutions-0241,241,USA,universities_and_degree_granting_institutions,Bet Medrash Gadol Ateret Torah,Brooklyn · NY,betmedrashgadolaterettorah.com,https://betmedrashgadolaterettorah.com,False,,USA_Universities_Directory.pdf,32
usa-universities_and_degree_granting_institutions-0242,242,USA,universities_and_degree_granting_institutions,Beth Hamedrash Shaarei Yosher Institute,Brooklyn · NY,bhsy.edu,https://bhsy.edu,True,logos/usa_0242_beth_hamedrash_shaarei_yosher_institute.png,USA_Universities_Directory.pdf,32
usa-universities_and_degree_granting_institutions-0243,243,USA,universities_and_degree_granting_institutions,Beth Medrash Govoha,Lakewood · NJ,bmg.edu,https://bmg.edu,False,,USA_Universities_Directory.pdf,32
usa-universities_and_degree_granting_institutions-0244,244,USA,universities_and_degree_granting_institutions,Beth Medrash Meor Yitzchok,Monsey · NY,bethmedrashmeoryitzchok.com,https://bethmedrashmeoryitzchok.com,False,,USA_Universities_Directory.pdf,32
usa-universities_and_degree_granting_institutions-0245,245,USA,universities_and_degree_granting_institutions,Beth Medrash of Asbury Park,Lakewood · NJ,baismedrashzichronmeir.com,https://baismedrashzichronmeir.com,False,,USA_Universities_Directory.pdf,32
usa-universities_and_degree_granting_institutions-0246,246,USA,universities_and_degree_granting_institutions,Bethany College,Lindsborg · KS,bethanywv.edu,https://bethanywv.edu,True,logos/usa_0246_bethany_college.png,USA_Universities_Directory.pdf,32
usa-universities_and_degree_granting_institutions-0247,247,USA,universities_and_degree_granting_institutions,Bethany College,Bethany · WV,bethanywv.edu,https://bethanywv.edu,True,logos/usa_0247_bethany_college.png,USA_Universities_Directory.pdf,32
usa-universities_and_degree_granting_institutions-0248,248,USA,universities_and_degree_granting_institutions,Bethany Global University,Bloomington · MN,bethanygu.edu,https://bethanygu.edu,True,logos/usa_0248_bethany_global_university.png,USA_Universities_Directory.pdf,32
usa-universities_and_degree_granting_institutions-0249,249,USA,universities_and_degree_granting_institutions,Bethany Lutheran College,Mankato · MN,blc.edu,https://blc.edu,True,logos/usa_0249_bethany_lutheran_college.png,USA_Universities_Directory.pdf,33
usa-universities_and_degree_granting_institutions-0250,250,USA,universities_and_degree_granting_institutions,Bethany Theological Seminary,Richmond · IN,bethanyseminary.edu,https://bethanyseminary.edu,True,logos/usa_0250_bethany_theological_seminary.png,USA_Universities_Directory.pdf,33
usa-universities_and_degree_granting_institutions-0251,251,USA,universities_and_degree_granting_institutions,Bethel College-North Newton,North Newton · KS,bethelks.edu,https://bethelks.edu,True,logos/usa_0251_bethel_college_north_newton.png,USA_Universities_Directory.pdf,33
usa-universities_and_degree_granting_institutions-0252,252,USA,universities_and_degree_granting_institutions,Bethel University,Mishawaka · IN,bethel.edu,https://bethel.edu,True,logos/usa_0252_bethel_university.png,USA_Universities_Directory.pdf,33
usa-universities_and_degree_granting_institutions-0253,253,USA,universities_and_degree_granting_institutions,Bethel University,Saint Paul · MN,bethel.edu,https://bethel.edu,True,logos/usa_0253_bethel_university.png,USA_Universities_Directory.pdf,33
usa-universities_and_degree_granting_institutions-0254,254,USA,universities_and_degree_granting_institutions,Bethel University,McKenzie · TN,bethel.edu,https://bethel.edu,True,logos/usa_0254_bethel_university.png,USA_Universities_Directory.pdf,33
usa-universities_and_degree_granting_institutions-0255,255,USA,universities_and_degree_granting_institutions,Bethesda University,Anaheim · CA,buc.edu,https://buc.edu,True,logos/usa_0255_bethesda_university.png,USA_Universities_Directory.pdf,33
usa-universities_and_degree_granting_institutions-0256,256,USA,universities_and_degree_granting_institutions,Bethlehem College & Seminary,Minneapolis · MN,bcsmn.edu,https://bcsmn.edu,True,logos/usa_0256_bethlehem_college_seminary.png,USA_Universities_Directory.pdf,33
usa-universities_and_degree_granting_institutions-0257,257,USA,universities_and_degree_granting_institutions,Bethune-Cookman University,Daytona Beach · FL,cookman.edu,https://cookman.edu,True,logos/usa_0257_bethune_cookman_university.png,USA_Universities_Directory.pdf,34
usa-universities_and_degree_granting_institutions-0258,258,USA,universities_and_degree_granting_institutions,Beulah Heights University,Atlanta · GA,beulah.edu,https://beulah.edu,True,logos/usa_0258_beulah_heights_university.png,USA_Universities_Directory.pdf,34
usa-universities_and_degree_granting_institutions-0259,259,USA,universities_and_degree_granting_institutions,"Bexley Hall Seabury Western Theological Seminary Federation, Inc.",Chicago · IL,bexleyseabury.edu,https://bexleyseabury.edu,True,logos/usa_0259_bexley_hall_seabury_western_theological_seminary_federation_inc.png,USA_Universities_Directory.pdf,34
usa-universities_and_degree_granting_institutions-0260,260,USA,universities_and_degree_granting_institutions,Big Bend Community College,Moses Lake · WA,bigbend.edu,https://bigbend.edu,True,logos/usa_0260_big_bend_community_college.png,USA_Universities_Directory.pdf,34
usa-universities_and_degree_granting_institutions-0261,261,USA,universities_and_degree_granting_institutions,Binghamton University,Vestal · NY,binghamton.edu,https://binghamton.edu,True,logos/usa_0261_binghamton_university.png,USA_Universities_Directory.pdf,34
usa-universities_and_degree_granting_institutions-0262,262,USA,universities_and_degree_granting_institutions,Biola University,La Mirada · CA,biola.edu,https://biola.edu,True,logos/usa_0262_biola_university.png,USA_Universities_Directory.pdf,34
usa-universities_and_degree_granting_institutions-0263,263,USA,universities_and_degree_granting_institutions,Bismarck State College,Bismarck · ND,bismarckstate.edu,https://bismarckstate.edu,True,logos/usa_0263_bismarck_state_college.png,USA_Universities_Directory.pdf,34
usa-universities_and_degree_granting_institutions-0264,264,USA,universities_and_degree_granting_institutions,Black Hills State University,Spearfish · SD,bhsu.edu,https://bhsu.edu,True,logos/usa_0264_black_hills_state_university.png,USA_Universities_Directory.pdf,34
usa-universities_and_degree_granting_institutions-0265,265,USA,universities_and_degree_granting_institutions,Blackburn College,Carlinville,blackburn.edu,https://blackburn.edu,True,logos/usa_0265_blackburn_college.png,USA_Universities_Directory.pdf,35
usa-universities_and_degree_granting_institutions-0266,266,USA,universities_and_degree_granting_institutions,Blackfeet Community College,Browning · MT,bfcc.edu,https://bfcc.edu,True,logos/usa_0266_blackfeet_community_college.png,USA_Universities_Directory.pdf,35
usa-universities_and_degree_granting_institutions-0267,267,USA,universities_and_degree_granting_institutions,Blessing Rieman College of Nursing and Health Sciences,Quincy · IL,brcn.edu,https://brcn.edu,True,logos/usa_0267_blessing_rieman_college_of_nursing_and_health_sciences.png,USA_Universities_Directory.pdf,35
usa-universities_and_degree_granting_institutions-0268,268,USA,universities_and_degree_granting_institutions,Bloomfield College of Montclair State University,Bloomfield · NJ,bloomfield.edu,https://bloomfield.edu,True,logos/usa_0268_bloomfield_college_of_montclair_state_university.png,USA_Universities_Directory.pdf,35
usa-universities_and_degree_granting_institutions-0269,269,USA,universities_and_degree_granting_institutions,Blue Mountain Christian University,Blue Mountain · MS,bmc.edu,https://bmc.edu,True,logos/usa_0269_blue_mountain_christian_university.png,USA_Universities_Directory.pdf,35
usa-universities_and_degree_granting_institutions-0270,270,USA,universities_and_degree_granting_institutions,Bluefield State University,Bluefield · WV,bluefieldstate.edu,https://bluefieldstate.edu,True,logos/usa_0270_bluefield_state_university.png,USA_Universities_Directory.pdf,35
usa-universities_and_degree_granting_institutions-0271,271,USA,universities_and_degree_granting_institutions,Bluefield University,Bluefield · VA,bluefield.edu,https://bluefield.edu,True,logos/usa_0271_bluefield_university.png,USA_Universities_Directory.pdf,35
usa-universities_and_degree_granting_institutions-0272,272,USA,universities_and_degree_granting_institutions,Bluffton University,Bluffton · OH,bluffton.edu,https://bluffton.edu,True,logos/usa_0272_bluffton_university.png,USA_Universities_Directory.pdf,35
usa-universities_and_degree_granting_institutions-0273,273,USA,universities_and_degree_granting_institutions,Board of Trustees-Mississippi State Institutions of Higher Learning,Jackson · MS,mississippi.edu,https://mississippi.edu,True,logos/usa_0273_board_of_trustees_mississippi_state_institutions_of_higher_learning.png,USA_Universities_Directory.pdf,36
usa-universities_and_degree_granting_institutions-0274,274,USA,universities_and_degree_granting_institutions,Bob Jones University,Greenville · SC,bju.edu,https://bju.edu,True,logos/usa_0274_bob_jones_university.png,USA_Universities_Directory.pdf,36
usa-universities_and_degree_granting_institutions-0275,275,USA,universities_and_degree_granting_institutions,Boise Bible College,Boise · ID,boisebible.edu,https://boisebible.edu,True,logos/usa_0275_boise_bible_college.png,USA_Universities_Directory.pdf,36
usa-universities_and_degree_granting_institutions-0276,276,USA,universities_and_degree_granting_institutions,Boise State University,Boise · ID,boisestate.edu,https://boisestate.edu,True,logos/usa_0276_boise_state_university.png,USA_Universities_Directory.pdf,36
usa-universities_and_degree_granting_institutions-0277,277,USA,universities_and_degree_granting_institutions,Bolivar Technical College,Bolivar · MO,bolivarcollege.edu,https://bolivarcollege.edu,True,logos/usa_0277_bolivar_technical_college.png,USA_Universities_Directory.pdf,36
usa-universities_and_degree_granting_institutions-0278,278,USA,universities_and_degree_granting_institutions,Bon Secours Memorial College of Nursing,Richmond · VA,bsmcon.edu,https://bsmcon.edu,True,logos/usa_0278_bon_secours_memorial_college_of_nursing.png,USA_Universities_Directory.pdf,36
usa-universities_and_degree_granting_institutions-0279,279,USA,universities_and_degree_granting_institutions,Boricua College,New York · NY,boricuacollege.edu,https://boricuacollege.edu,True,logos/usa_0279_boricua_college.png,USA_Universities_Directory.pdf,36
usa-universities_and_degree_granting_institutions-0280,280,USA,universities_and_degree_granting_institutions,Boston Architectural College,Boston · MA,the-bac.edu,https://the-bac.edu,True,logos/usa_0280_boston_architectural_college.png,USA_Universities_Directory.pdf,36
usa-universities_and_degree_granting_institutions-0281,281,USA,universities_and_degree_granting_institutions,Boston Baptist College,Boston · MA,boston.edu,https://boston.edu,True,logos/usa_0281_boston_baptist_college.png,USA_Universities_Directory.pdf,37
usa-universities_and_degree_granting_institutions-0282,282,USA,universities_and_degree_granting_institutions,Boston College,Chestnut Hill · MA,bc.edu,https://bc.edu,True,logos/usa_0282_boston_college.png,USA_Universities_Directory.pdf,37
usa-universities_and_degree_granting_institutions-0283,283,USA,universities_and_degree_granting_institutions,Boston Graduate School of Psychoanalysis Inc,Brookline · MA,bgsp.edu,https://bgsp.edu,True,logos/usa_0283_boston_graduate_school_of_psychoanalysis_inc.png,USA_Universities_Directory.pdf,37
usa-universities_and_degree_granting_institutions-0284,284,USA,universities_and_degree_granting_institutions,Boston University,Boston · MA,bu.edu,https://bu.edu,True,logos/usa_0284_boston_university.png,USA_Universities_Directory.pdf,37
usa-universities_and_degree_granting_institutions-0285,285,USA,universities_and_degree_granting_institutions,Bowdoin College,Brunswick · ME,bowdoin.edu,https://bowdoin.edu,True,logos/usa_0285_bowdoin_college.png,USA_Universities_Directory.pdf,37
usa-universities_and_degree_granting_institutions-0286,286,USA,universities_and_degree_granting_institutions,Bowie State University,Bowie · MD,bowiestate.edu,https://bowiestate.edu,True,logos/usa_0286_bowie_state_university.png,USA_Universities_Directory.pdf,37
usa-universities_and_degree_granting_institutions-0287,287,USA,universities_and_degree_granting_institutions,Bowling Green State University-Firelands,Huron · OH,firelands.bgsu.edu,https://firelands.bgsu.edu,True,logos/usa_0287_bowling_green_state_university_firelands.png,USA_Universities_Directory.pdf,37
usa-universities_and_degree_granting_institutions-0288,288,USA,universities_and_degree_granting_institutions,Bowling Green State University-Main Campus,Bowling Green · OH,bgsu.edu,https://bgsu.edu,True,logos/usa_0288_bowling_green_state_university_main_campus.png,USA_Universities_Directory.pdf,37
usa-universities_and_degree_granting_institutions-0289,289,USA,universities_and_degree_granting_institutions,Bradley University,Peoria · IL,bradley.edu,https://bradley.edu,True,logos/usa_0289_bradley_university.png,USA_Universities_Directory.pdf,38
usa-universities_and_degree_granting_institutions-0290,290,USA,universities_and_degree_granting_institutions,Brandeis University,Waltham · MA,brandeis.edu,https://brandeis.edu,True,logos/usa_0290_brandeis_university.png,USA_Universities_Directory.pdf,38
usa-universities_and_degree_granting_institutions-0291,291,USA,universities_and_degree_granting_institutions,Brazosport College,Lake Jackson · TX,brazosport.edu,https://brazosport.edu,True,logos/usa_0291_brazosport_college.png,USA_Universities_Directory.pdf,38
usa-universities_and_degree_granting_institutions-0292,292,USA,universities_and_degree_granting_institutions,Brenau University,Gainesville,brenau.edu,https://brenau.edu,True,logos/usa_0292_brenau_university.png,USA_Universities_Directory.pdf,38
usa-universities_and_degree_granting_institutions-0293,293,USA,universities_and_degree_granting_institutions,Brescia University,Owensboro · KY,brescia.edu,https://brescia.edu,True,logos/usa_0293_brescia_university.png,USA_Universities_Directory.pdf,38
usa-universities_and_degree_granting_institutions-0294,294,USA,universities_and_degree_granting_institutions,Brevard College,Brevard · NC,brevard.edu,https://brevard.edu,True,logos/usa_0294_brevard_college.png,USA_Universities_Directory.pdf,38
usa-universities_and_degree_granting_institutions-0295,295,USA,universities_and_degree_granting_institutions,Brewton-Parker College,Mount Vernon · GA,bpc.edu,https://bpc.edu,True,logos/usa_0295_brewton_parker_college.png,USA_Universities_Directory.pdf,38
usa-universities_and_degree_granting_institutions-0296,296,USA,universities_and_degree_granting_institutions,Briar Cliff University,Sioux City · IA,briarcliff.edu,https://briarcliff.edu,True,logos/usa_0296_briar_cliff_university.png,USA_Universities_Directory.pdf,38
usa-universities_and_degree_granting_institutions-0297,297,USA,universities_and_degree_granting_institutions,Bridges Christian College,New Orleans · LA,bcc.edu,https://bcc.edu,True,logos/usa_0297_bridges_christian_college.png,USA_Universities_Directory.pdf,39
usa-universities_and_degree_granting_institutions-0298,298,USA,universities_and_degree_granting_institutions,Bridgewater College,Bridgewater · VA,bridgewater.edu,https://bridgewater.edu,True,logos/usa_0298_bridgewater_college.png,USA_Universities_Directory.pdf,39
usa-universities_and_degree_granting_institutions-0299,299,USA,universities_and_degree_granting_institutions,Bridgewater State University,Bridgewater · MA,bridgew.edu,https://bridgew.edu,True,logos/usa_0299_bridgewater_state_university.png,USA_Universities_Directory.pdf,39
usa-universities_and_degree_granting_institutions-0300,300,USA,universities_and_degree_granting_institutions,Brigham Young University,Provo · UT,byu.edu,https://byu.edu,True,logos/usa_0300_brigham_young_university.png,USA_Universities_Directory.pdf,39
usa-universities_and_degree_granting_institutions-0301,301,USA,universities_and_degree_granting_institutions,Brigham Young University-Hawaii,Laie · HI,byuh.edu,https://byuh.edu,True,logos/usa_0301_brigham_young_university_hawaii.png,USA_Universities_Directory.pdf,39
usa-universities_and_degree_granting_institutions-0302,302,USA,universities_and_degree_granting_institutions,Brigham Young University-Idaho,Rexburg · ID,byui.edu,https://byui.edu,True,logos/usa_0302_brigham_young_university_idaho.png,USA_Universities_Directory.pdf,39
usa-universities_and_degree_granting_institutions-0303,303,USA,universities_and_degree_granting_institutions,Brite Divinity School,Fort Worth · TX,brite.edu,https://brite.edu,True,logos/usa_0303_brite_divinity_school.png,USA_Universities_Directory.pdf,39
usa-universities_and_degree_granting_institutions-0304,304,USA,universities_and_degree_granting_institutions,Brookline College-Albuquerque,Albuquerque · NM,brooklinecollege.edu,https://brooklinecollege.edu,True,logos/usa_0304_brookline_college_albuquerque.png,USA_Universities_Directory.pdf,39
usa-universities_and_degree_granting_institutions-0305,305,USA,universities_and_degree_granting_institutions,Brookline College-Phoenix,Phoenix · AZ,brooklinecollege.edu,https://brooklinecollege.edu,True,logos/usa_0305_brookline_college_phoenix.png,USA_Universities_Directory.pdf,40
usa-universities_and_degree_granting_institutions-0306,306,USA,universities_and_degree_granting_institutions,Brookline College-Tucson,Tucson · AZ,brooklinecollege.edu,https://brooklinecollege.edu,True,logos/usa_0306_brookline_college_tucson.png,USA_Universities_Directory.pdf,40
usa-universities_and_degree_granting_institutions-0307,307,USA,universities_and_degree_granting_institutions,Brooklyn Law School,Brooklyn · NY,brooklaw.edu,https://brooklaw.edu,True,logos/usa_0307_brooklyn_law_school.png,USA_Universities_Directory.pdf,40
usa-universities_and_degree_granting_institutions-0308,308,USA,universities_and_degree_granting_institutions,Broward College,Fort Lauderdale · FL,broward.edu,https://broward.edu,True,logos/usa_0308_broward_college.png,USA_Universities_Directory.pdf,40
usa-universities_and_degree_granting_institutions-0309,309,USA,universities_and_degree_granting_institutions,Brown University,Providence · RI,brown.edu,https://brown.edu,True,logos/usa_0309_brown_university.png,USA_Universities_Directory.pdf,40
usa-universities_and_degree_granting_institutions-0310,310,USA,universities_and_degree_granting_institutions,Bryan College of Health Sciences,Lincoln · NE,bryanhealthcollege.edu,https://bryanhealthcollege.edu,True,logos/usa_0310_bryan_college_of_health_sciences.png,USA_Universities_Directory.pdf,40
usa-universities_and_degree_granting_institutions-0311,311,USA,universities_and_degree_granting_institutions,Bryan College-Dayton,Dayton · TN,bryan.edu,https://bryan.edu,True,logos/usa_0311_bryan_college_dayton.png,USA_Universities_Directory.pdf,40
usa-universities_and_degree_granting_institutions-0312,312,USA,universities_and_degree_granting_institutions,Bryan University,Tempe · AZ,bryanuniversity.edu,https://bryanuniversity.edu,True,logos/usa_0312_bryan_university.png,USA_Universities_Directory.pdf,40
usa-universities_and_degree_granting_institutions-0313,313,USA,universities_and_degree_granting_institutions,Bryan University,Springfield · MO,bryanu.edu,https://bryanu.edu,True,logos/usa_0313_bryan_university.png,USA_Universities_Directory.pdf,41
usa-universities_and_degree_granting_institutions-0314,314,USA,universities_and_degree_granting_institutions,Bryant & Stratton College-Albany,Albany,bryantstratton.edu,https://bryantstratton.edu,True,logos/usa_0314_bryant_stratton_college_albany.png,USA_Universities_Directory.pdf,41
usa-universities_and_degree_granting_institutions-0315,315,USA,universities_and_degree_granting_institutions,Bryant & Stratton College-Buffalo,Buffalo · NY,bryantstratton.edu,https://bryantstratton.edu,True,logos/usa_0315_bryant_stratton_college_buffalo.png,USA_Universities_Directory.pdf,41
usa-universities_and_degree_granting_institutions-0316,316,USA,universities_and_degree_granting_institutions,Bryant & Stratton College-Greece,Rochester · NY,bryantstratton.edu,https://bryantstratton.edu,True,logos/usa_0316_bryant_stratton_college_greece.png,USA_Universities_Directory.pdf,41
usa-universities_and_degree_granting_institutions-0317,317,USA,universities_and_degree_granting_institutions,Bryant & Stratton College-Online,Orchard Park · NY,bryantstratton.edu,https://bryantstratton.edu,True,logos/usa_0317_bryant_stratton_college_online.png,USA_Universities_Directory.pdf,41
usa-universities_and_degree_granting_institutions-0318,318,USA,universities_and_degree_granting_institutions,Bryant & Stratton College-Parma,Parma · OH,bryantstratton.edu,https://bryantstratton.edu,True,logos/usa_0318_bryant_stratton_college_parma.png,USA_Universities_Directory.pdf,41
usa-universities_and_degree_granting_institutions-0319,319,USA,universities_and_degree_granting_institutions,Bryant & Stratton College-Syracuse North,Liverpool · NY,bryantstratton.edu,https://bryantstratton.edu,True,logos/usa_0319_bryant_stratton_college_syracuse_north.png,USA_Universities_Directory.pdf,41
usa-universities_and_degree_granting_institutions-0320,320,USA,universities_and_degree_granting_institutions,Bryant & Stratton College-Virginia Beach,Virginia Beach · VA,bryantstratton.edu,https://bryantstratton.edu,True,logos/usa_0320_bryant_stratton_college_virginia_beach.png,USA_Universities_Directory.pdf,41
usa-universities_and_degree_granting_institutions-0321,321,USA,universities_and_degree_granting_institutions,Bryant & Stratton College-Wauwatosa,Wauwatosa · WI,bryantstratton.edu,https://bryantstratton.edu,True,logos/usa_0321_bryant_stratton_college_wauwatosa.png,USA_Universities_Directory.pdf,42
usa-universities_and_degree_granting_institutions-0322,322,USA,universities_and_degree_granting_institutions,Bryant University,Smithfield · RI,bryant.edu,https://bryant.edu,True,logos/usa_0322_bryant_university.png,USA_Universities_Directory.pdf,42
usa-universities_and_degree_granting_institutions-0323,323,USA,universities_and_degree_granting_institutions,Bryn Athyn College of the New Church,Bryn Athyn · PA,brynathyn.edu,https://brynathyn.edu,True,logos/usa_0323_bryn_athyn_college_of_the_new_church.png,USA_Universities_Directory.pdf,42
usa-universities_and_degree_granting_institutions-0324,324,USA,universities_and_degree_granting_institutions,Bryn Mawr College,Bryn Mawr · PA,brynmawr.edu,https://brynmawr.edu,True,logos/usa_0324_bryn_mawr_college.png,USA_Universities_Directory.pdf,42
usa-universities_and_degree_granting_institutions-0325,325,USA,universities_and_degree_granting_institutions,Bucknell University,Lewisburg · PA,bucknell.edu,https://bucknell.edu,True,logos/usa_0325_bucknell_university.png,USA_Universities_Directory.pdf,42
usa-universities_and_degree_granting_institutions-0326,326,USA,universities_and_degree_granting_institutions,Buena Vista University,Storm Lake · IA,bvu.edu,https://bvu.edu,True,logos/usa_0326_buena_vista_university.png,USA_Universities_Directory.pdf,42
usa-universities_and_degree_granting_institutions-0327,327,USA,universities_and_degree_granting_institutions,Burrell College of Osteopathic Medicine,Las Cruces · NM,burrell.edu,https://burrell.edu,True,logos/usa_0327_burrell_college_of_osteopathic_medicine.png,USA_Universities_Directory.pdf,42
usa-universities_and_degree_granting_institutions-0328,328,USA,universities_and_degree_granting_institutions,Bushnell University,Eugene · OR,bushnell.edu,https://bushnell.edu,True,logos/usa_0328_bushnell_university.png,USA_Universities_Directory.pdf,42
usa-universities_and_degree_granting_institutions-0329,329,USA,universities_and_degree_granting_institutions,Butler University,Indianapolis,butler.edu,https://butler.edu,True,logos/usa_0329_butler_university.png,USA_Universities_Directory.pdf,43
usa-universities_and_degree_granting_institutions-0330,330,USA,universities_and_degree_granting_institutions,Byzantine Catholic Seminary of Saints Cyril and Methodius,Pittsburgh · PA,bcs.edu,https://bcs.edu,False,,USA_Universities_Directory.pdf,43
usa-universities_and_degree_granting_institutions-0331,331,USA,universities_and_degree_granting_institutions,Cabarrus College of Health Sciences,Concord,cabarruscollege.edu,https://cabarruscollege.edu,True,logos/usa_0331_cabarrus_college_of_health_sciences.png,USA_Universities_Directory.pdf,43
usa-universities_and_degree_granting_institutions-0332,332,USA,universities_and_degree_granting_institutions,Cairn University-Langhorne,Langhorne · PA,cairn.edu,https://cairn.edu,True,logos/usa_0332_cairn_university_langhorne.png,USA_Universities_Directory.pdf,43
usa-universities_and_degree_granting_institutions-0333,333,USA,universities_and_degree_granting_institutions,Cal Northern School of Law,Chico · CA,calnorthern.edu,https://calnorthern.edu,True,logos/usa_0333_cal_northern_school_of_law.png,USA_Universities_Directory.pdf,43
usa-universities_and_degree_granting_institutions-0334,334,USA,universities_and_degree_granting_institutions,Caldwell University,Caldwell · NJ,caldwell.edu,https://caldwell.edu,True,logos/usa_0334_caldwell_university.png,USA_Universities_Directory.pdf,43
usa-universities_and_degree_granting_institutions-0335,335,USA,universities_and_degree_granting_institutions,California Aeronautical University,Bakersfield · CA,calaero.edu,https://calaero.edu,True,logos/usa_0335_california_aeronautical_university.png,USA_Universities_Directory.pdf,43
usa-universities_and_degree_granting_institutions-0336,336,USA,universities_and_degree_granting_institutions,California Baptist University,Riverside · CA,calbaptist.edu,https://calbaptist.edu,True,logos/usa_0336_california_baptist_university.png,USA_Universities_Directory.pdf,43
usa-universities_and_degree_granting_institutions-0337,337,USA,universities_and_degree_granting_institutions,California Career College,Canoga Park,californiacareercollege.edu,https://californiacareercollege.edu,True,logos/usa_0337_california_career_college.png,USA_Universities_Directory.pdf,44
usa-universities_and_degree_granting_institutions-0338,338,USA,universities_and_degree_granting_institutions,California College of ASU,Los Angeles · CA,californiacollege.asu.edu,https://californiacollege.asu.edu,True,logos/usa_0338_california_college_of_asu.png,USA_Universities_Directory.pdf,44
usa-universities_and_degree_granting_institutions-0339,339,USA,universities_and_degree_granting_institutions,California College of the Arts,San Francisco · CA,cca.edu,https://cca.edu,True,logos/usa_0339_california_college_of_the_arts.png,USA_Universities_Directory.pdf,44
usa-universities_and_degree_granting_institutions-0340,340,USA,universities_and_degree_granting_institutions,California Health Sciences University,Clovis · CA,chsu.edu,https://chsu.edu,True,logos/usa_0340_california_health_sciences_university.png,USA_Universities_Directory.pdf,44
usa-universities_and_degree_granting_institutions-0341,341,USA,universities_and_degree_granting_institutions,California Institute of Advanced Management,Alhambra · CA,ciam.edu,https://ciam.edu,True,logos/usa_0341_california_institute_of_advanced_management.png,USA_Universities_Directory.pdf,44
usa-universities_and_degree_granting_institutions-0342,342,USA,universities_and_degree_granting_institutions,California Institute of Arts & Technology,National City · CA,ciat.edu,https://ciat.edu,True,logos/usa_0342_california_institute_of_arts_technology.png,USA_Universities_Directory.pdf,44
usa-universities_and_degree_granting_institutions-0343,343,USA,universities_and_degree_granting_institutions,California Institute of Arts & Technology-National City,National City · CA,ciat.edu,https://ciat.edu,True,logos/usa_0343_california_institute_of_arts_technology_national_city.png,USA_Universities_Directory.pdf,44
usa-universities_and_degree_granting_institutions-0344,344,USA,universities_and_degree_granting_institutions,California Institute of Integral Studies,San Francisco · CA,ciis.edu,https://ciis.edu,True,logos/usa_0344_california_institute_of_integral_studies.png,USA_Universities_Directory.pdf,44
usa-universities_and_degree_granting_institutions-0345,345,USA,universities_and_degree_granting_institutions,California Institute of Technology,Pasadena · CA,caltech.edu,https://caltech.edu,True,logos/usa_0345_california_institute_of_technology.png,USA_Universities_Directory.pdf,45
usa-universities_and_degree_granting_institutions-0346,346,USA,universities_and_degree_granting_institutions,California Institute of the Arts,Valencia · CA,calarts.edu,https://calarts.edu,True,logos/usa_0346_california_institute_of_the_arts.png,USA_Universities_Directory.pdf,45
usa-universities_and_degree_granting_institutions-0347,347,USA,universities_and_degree_granting_institutions,California Intercontinental University,Sioux Falls · SD,caluniversity.edu,https://caluniversity.edu,True,logos/usa_0347_california_intercontinental_university.png,USA_Universities_Directory.pdf,45
usa-universities_and_degree_granting_institutions-0348,348,USA,universities_and_degree_granting_institutions,California Jazz Conservatory,Berkeley · CA,cjc.edu,https://cjc.edu,True,logos/usa_0348_california_jazz_conservatory.png,USA_Universities_Directory.pdf,45
usa-universities_and_degree_granting_institutions-0349,349,USA,universities_and_degree_granting_institutions,California Lutheran University,Thousand Oaks · CA,callutheran.edu,https://callutheran.edu,True,logos/usa_0349_california_lutheran_university.png,USA_Universities_Directory.pdf,45
usa-universities_and_degree_granting_institutions-0350,350,USA,universities_and_degree_granting_institutions,California Miramar University,San Diego · CA,calmu.edu,https://calmu.edu,True,logos/usa_0350_california_miramar_university.png,USA_Universities_Directory.pdf,45
usa-universities_and_degree_granting_institutions-0351,351,USA,universities_and_degree_granting_institutions,California Northstate University,Elk Grove · CA,cnsu.edu,https://cnsu.edu,True,logos/usa_0351_california_northstate_university.png,USA_Universities_Directory.pdf,45
usa-universities_and_degree_granting_institutions-0352,352,USA,universities_and_degree_granting_institutions,California Polytechnic State University-San Luis Obispo,San Luis Obispo · CA,calpoly.edu,https://calpoly.edu,True,logos/usa_0352_california_polytechnic_state_university_san_luis_obispo.png,USA_Universities_Directory.pdf,45
usa-universities_and_degree_granting_institutions-0353,353,USA,universities_and_degree_granting_institutions,California State Polytechnic University-Humboldt,Arcata,humboldt.edu,https://humboldt.edu,True,logos/usa_0353_california_state_polytechnic_university_humboldt.png,USA_Universities_Directory.pdf,46
usa-universities_and_degree_granting_institutions-0354,354,USA,universities_and_degree_granting_institutions,California State Polytechnic University-Pomona,Pomona · CA,cpp.edu,https://cpp.edu,True,logos/usa_0354_california_state_polytechnic_university_pomona.png,USA_Universities_Directory.pdf,46
usa-universities_and_degree_granting_institutions-0355,355,USA,universities_and_degree_granting_institutions,California State University Maritime Academy,Vallejo · CA,csum.edu,https://csum.edu,True,logos/usa_0355_california_state_university_maritime_academy.png,USA_Universities_Directory.pdf,46
usa-universities_and_degree_granting_institutions-0356,356,USA,universities_and_degree_granting_institutions,California State University-Bakersfield,Bakersfield · CA,csub.edu,https://csub.edu,True,logos/usa_0356_california_state_university_bakersfield.png,USA_Universities_Directory.pdf,46
usa-universities_and_degree_granting_institutions-0357,357,USA,universities_and_degree_granting_institutions,California State University-Chancellors Office,Long Beach · CA,calstate.edu,https://calstate.edu,False,,USA_Universities_Directory.pdf,46
usa-universities_and_degree_granting_institutions-0358,358,USA,universities_and_degree_granting_institutions,California State University-Channel Islands,Camarillo,csuci.edu,https://csuci.edu,True,logos/usa_0358_california_state_university_channel_islands.png,USA_Universities_Directory.pdf,46
usa-universities_and_degree_granting_institutions-0359,359,USA,universities_and_degree_granting_institutions,California State University-Chico,Chico · CA,csuchico.edu,https://csuchico.edu,True,logos/usa_0359_california_state_university_chico.png,USA_Universities_Directory.pdf,46
usa-universities_and_degree_granting_institutions-0360,360,USA,universities_and_degree_granting_institutions,California State University-Dominguez Hills,Carson,csudh.edu,https://csudh.edu,True,logos/usa_0360_california_state_university_dominguez_hills.png,USA_Universities_Directory.pdf,46
usa-universities_and_degree_granting_institutions-0361,361,USA,universities_and_degree_granting_institutions,California State University-East Bay,Hayward · CA,csueastbay.edu,https://csueastbay.edu,True,logos/usa_0361_california_state_university_east_bay.png,USA_Universities_Directory.pdf,47
usa-universities_and_degree_granting_institutions-0362,362,USA,universities_and_degree_granting_institutions,California State University-Fresno,Fresno · CA,fresnostate.edu,https://fresnostate.edu,True,logos/usa_0362_california_state_university_fresno.png,USA_Universities_Directory.pdf,47
usa-universities_and_degree_granting_institutions-0363,363,USA,universities_and_degree_granting_institutions,California State University-Fullerton,Fullerton · CA,fullerton.edu,https://fullerton.edu,True,logos/usa_0363_california_state_university_fullerton.png,USA_Universities_Directory.pdf,47
usa-universities_and_degree_granting_institutions-0364,364,USA,universities_and_degree_granting_institutions,California State University-Long Beach,Long Beach · CA,csulb.edu,https://csulb.edu,True,logos/usa_0364_california_state_university_long_beach.png,USA_Universities_Directory.pdf,47
usa-universities_and_degree_granting_institutions-0365,365,USA,universities_and_degree_granting_institutions,California State University-Los Angeles,Los Angeles · CA,calstatela.edu,https://calstatela.edu,False,,USA_Universities_Directory.pdf,47
usa-universities_and_degree_granting_institutions-0366,366,USA,universities_and_degree_granting_institutions,California State University-Monterey Bay,Seaside · CA,csumb.edu,https://csumb.edu,True,logos/usa_0366_california_state_university_monterey_bay.png,USA_Universities_Directory.pdf,47
usa-universities_and_degree_granting_institutions-0367,367,USA,universities_and_degree_granting_institutions,California State University-Northridge,Northridge · CA,csun.edu,https://csun.edu,True,logos/usa_0367_california_state_university_northridge.png,USA_Universities_Directory.pdf,47
usa-universities_and_degree_granting_institutions-0368,368,USA,universities_and_degree_granting_institutions,California State University-Sacramento,Sacramento · CA,csus.edu,https://csus.edu,True,logos/usa_0368_california_state_university_sacramento.png,USA_Universities_Directory.pdf,47
usa-universities_and_degree_granting_institutions-0369,369,USA,universities_and_degree_granting_institutions,California State University-San Bernardino,San Bernardino · CA,csusb.edu,https://csusb.edu,True,logos/usa_0369_california_state_university_san_bernardino.png,USA_Universities_Directory.pdf,48
usa-universities_and_degree_granting_institutions-0370,370,USA,universities_and_degree_granting_institutions,California State University-San Marcos,San Marcos · CA,csusm.edu,https://csusm.edu,True,logos/usa_0370_california_state_university_san_marcos.png,USA_Universities_Directory.pdf,48
usa-universities_and_degree_granting_institutions-0371,371,USA,universities_and_degree_granting_institutions,California State University-Stanislaus,Turlock · CA,csustan.edu,https://csustan.edu,True,logos/usa_0371_california_state_university_stanislaus.png,USA_Universities_Directory.pdf,48
usa-universities_and_degree_granting_institutions-0372,372,USA,universities_and_degree_granting_institutions,California University of Science and Medicine,Colton · CA,cusm.edu,https://cusm.edu,True,logos/usa_0372_california_university_of_science_and_medicine.png,USA_Universities_Directory.pdf,48
usa-universities_and_degree_granting_institutions-0373,373,USA,universities_and_degree_granting_institutions,California Western School of Law,San Diego · CA,cwsl.edu,https://cwsl.edu,True,logos/usa_0373_california_western_school_of_law.png,USA_Universities_Directory.pdf,48
usa-universities_and_degree_granting_institutions-0374,374,USA,universities_and_degree_granting_institutions,Calumet College of Saint Joseph,Whiting,ccsj.edu,https://ccsj.edu,True,logos/usa_0374_calumet_college_of_saint_joseph.png,USA_Universities_Directory.pdf,48
usa-universities_and_degree_granting_institutions-0375,375,USA,universities_and_degree_granting_institutions,Calvary University,Kansas City · MO,calvary.edu,https://calvary.edu,True,logos/usa_0375_calvary_university.png,USA_Universities_Directory.pdf,48
usa-universities_and_degree_granting_institutions-0376,376,USA,universities_and_degree_granting_institutions,Calvin Theological Seminary,Grand Rapids · MI,calvinseminary.edu,https://calvinseminary.edu,True,logos/usa_0376_calvin_theological_seminary.png,USA_Universities_Directory.pdf,48
usa-universities_and_degree_granting_institutions-0377,377,USA,universities_and_degree_granting_institutions,Calvin University,Grand Rapids · MI,calvin.edu,https://calvin.edu,True,logos/usa_0377_calvin_university.png,USA_Universities_Directory.pdf,49
usa-universities_and_degree_granting_institutions-0378,378,USA,universities_and_degree_granting_institutions,Cambridge College,Boston · MA,cambridgecollege.edu,https://cambridgecollege.edu,True,logos/usa_0378_cambridge_college.png,USA_Universities_Directory.pdf,49
usa-universities_and_degree_granting_institutions-0379,379,USA,universities_and_degree_granting_institutions,Cambridge College of Healthcare & Technology,Altamonte Springs · FL,cambridgehealth.edu,https://cambridgehealth.edu,True,logos/usa_0379_cambridge_college_of_healthcare_technology.png,USA_Universities_Directory.pdf,49
usa-universities_and_degree_granting_institutions-0380,380,USA,universities_and_degree_granting_institutions,Cambridge College of Healthcare & Technology,Delray Beach · FL,cambridgehealth.edu,https://cambridgehealth.edu,True,logos/usa_0380_cambridge_college_of_healthcare_technology.png,USA_Universities_Directory.pdf,49
usa-universities_and_degree_granting_institutions-0381,381,USA,universities_and_degree_granting_institutions,Cameron University,Lawton · OK,cameron.edu,https://cameron.edu,True,logos/usa_0381_cameron_university.png,USA_Universities_Directory.pdf,49
usa-universities_and_degree_granting_institutions-0382,382,USA,universities_and_degree_granting_institutions,Campbell University,Buies Creek · NC,campbell.edu,https://campbell.edu,True,logos/usa_0382_campbell_university.png,USA_Universities_Directory.pdf,49
usa-universities_and_degree_granting_institutions-0383,383,USA,universities_and_degree_granting_institutions,Campbellsville University,Campbellsville · KY,campbellsville.edu,https://campbellsville.edu,True,logos/usa_0383_campbellsville_university.png,USA_Universities_Directory.pdf,49
usa-universities_and_degree_granting_institutions-0384,384,USA,universities_and_degree_granting_institutions,Canisius University,Buffalo · NY,canisius.edu,https://canisius.edu,True,logos/usa_0384_canisius_university.png,USA_Universities_Directory.pdf,49
usa-universities_and_degree_granting_institutions-0385,385,USA,universities_and_degree_granting_institutions,Capella University,Minneapolis · MN,capella.edu,https://capella.edu,True,logos/usa_0385_capella_university.png,USA_Universities_Directory.pdf,50
usa-universities_and_degree_granting_institutions-0386,386,USA,universities_and_degree_granting_institutions,Capital University,Columbus · OH,capital.edu,https://capital.edu,True,logos/usa_0386_capital_university.png,USA_Universities_Directory.pdf,50
usa-universities_and_degree_granting_institutions-0387,387,USA,universities_and_degree_granting_institutions,Capitol Technology University,Laurel · MD,captechu.edu,https://captechu.edu,True,logos/usa_0387_capitol_technology_university.png,USA_Universities_Directory.pdf,50
usa-universities_and_degree_granting_institutions-0388,388,USA,universities_and_degree_granting_institutions,Career Networks Institute,Santa Ana · CA,cnicollege.edu,https://cnicollege.edu,True,logos/usa_0388_career_networks_institute.png,USA_Universities_Directory.pdf,50
usa-universities_and_degree_granting_institutions-0389,389,USA,universities_and_degree_granting_institutions,Careers Unlimited,Orem · UT,ucdh.edu,https://ucdh.edu,True,logos/usa_0389_careers_unlimited.png,USA_Universities_Directory.pdf,50
usa-universities_and_degree_granting_institutions-0390,390,USA,universities_and_degree_granting_institutions,Caribbean University-Bayamon,Bayamon · PR,caribbean.edu,https://caribbean.edu,True,logos/usa_0390_caribbean_university_bayamon.png,USA_Universities_Directory.pdf,50
usa-universities_and_degree_granting_institutions-0391,391,USA,universities_and_degree_granting_institutions,Caribbean University-Carolina,Carolina · PR,caribbean.edu,https://caribbean.edu,True,logos/usa_0391_caribbean_university_carolina.png,USA_Universities_Directory.pdf,50
usa-universities_and_degree_granting_institutions-0392,392,USA,universities_and_degree_granting_institutions,Caribbean University-Ponce,Ponce · PR,caribbean.edu,https://caribbean.edu,True,logos/usa_0392_caribbean_university_ponce.png,USA_Universities_Directory.pdf,50
usa-universities_and_degree_granting_institutions-0393,393,USA,universities_and_degree_granting_institutions,Caribbean University-Vega Baja,Vega Baja · PR,caribbean.edu,https://caribbean.edu,True,logos/usa_0393_caribbean_university_vega_baja.png,USA_Universities_Directory.pdf,51
usa-universities_and_degree_granting_institutions-0394,394,USA,universities_and_degree_granting_institutions,Carleton College,Northfield · MN,carleton.edu,https://carleton.edu,True,logos/usa_0394_carleton_college.png,USA_Universities_Directory.pdf,51
usa-universities_and_degree_granting_institutions-0395,395,USA,universities_and_degree_granting_institutions,Carlow University,Pittsburgh · PA,carlow.edu,https://carlow.edu,True,logos/usa_0395_carlow_university.png,USA_Universities_Directory.pdf,51
usa-universities_and_degree_granting_institutions-0396,396,USA,universities_and_degree_granting_institutions,Carnegie Mellon University,Pittsburgh · PA,cmu.edu,https://cmu.edu,True,logos/usa_0396_carnegie_mellon_university.png,USA_Universities_Directory.pdf,51
usa-universities_and_degree_granting_institutions-0397,397,USA,universities_and_degree_granting_institutions,Carolina Christian College,Winston Salem · NC,carolina.edu,https://carolina.edu,True,logos/usa_0397_carolina_christian_college.png,USA_Universities_Directory.pdf,51
usa-universities_and_degree_granting_institutions-0398,398,USA,universities_and_degree_granting_institutions,Carolina College of Biblical Studies,Fayetteville · NC,ccbs.edu,https://ccbs.edu,True,logos/usa_0398_carolina_college_of_biblical_studies.png,USA_Universities_Directory.pdf,51
usa-universities_and_degree_granting_institutions-0399,399,USA,universities_and_degree_granting_institutions,Carolina University,Winston-Salem · NC,carolinau.edu,https://carolinau.edu,True,logos/usa_0399_carolina_university.png,USA_Universities_Directory.pdf,51
usa-universities_and_degree_granting_institutions-0400,400,USA,universities_and_degree_granting_institutions,Carolinas College of Health Sciences,Charlotte · NC,carolinascollege.edu,https://carolinascollege.edu,False,,USA_Universities_Directory.pdf,51
usa-universities_and_degree_granting_institutions-0401,401,USA,universities_and_degree_granting_institutions,Carrington College-Administrative Office,Sacramento · CA,carrington.edu,https://carrington.edu,True,logos/usa_0401_carrington_college_administrative_office.png,USA_Universities_Directory.pdf,52
usa-universities_and_degree_granting_institutions-0402,402,USA,universities_and_degree_granting_institutions,Carrington College-Sacramento,Sacramento · CA,carrington.edu,https://carrington.edu,True,logos/usa_0402_carrington_college_sacramento.png,USA_Universities_Directory.pdf,52
usa-universities_and_degree_granting_institutions-0403,403,USA,universities_and_degree_granting_institutions,Carroll College,Helena · MT,carroll.edu,https://carroll.edu,True,logos/usa_0403_carroll_college.png,USA_Universities_Directory.pdf,52
usa-universities_and_degree_granting_institutions-0404,404,USA,universities_and_degree_granting_institutions,Carroll University,Waukesha · WI,carrollu.edu,https://carrollu.edu,True,logos/usa_0404_carroll_university.png,USA_Universities_Directory.pdf,52
usa-universities_and_degree_granting_institutions-0405,405,USA,universities_and_degree_granting_institutions,Carson-Newman University,Jefferson City · TN,cn.edu,https://cn.edu,True,logos/usa_0405_carson_newman_university.png,USA_Universities_Directory.pdf,52
usa-universities_and_degree_granting_institutions-0406,406,USA,universities_and_degree_granting_institutions,Carthage College,Kenosha · WI,carthage.edu,https://carthage.edu,True,logos/usa_0406_carthage_college.png,USA_Universities_Directory.pdf,52
usa-universities_and_degree_granting_institutions-0407,407,USA,universities_and_degree_granting_institutions,Casa Loma College-Los Angeles,Sherman Oaks · CA,casalomacollege.edu,https://casalomacollege.edu,True,logos/usa_0407_casa_loma_college_los_angeles.png,USA_Universities_Directory.pdf,52
usa-universities_and_degree_granting_institutions-0408,408,USA,universities_and_degree_granting_institutions,Cascadia College,Bothell · WA,cascadia.edu,https://cascadia.edu,True,logos/usa_0408_cascadia_college.png,USA_Universities_Directory.pdf,52
usa-universities_and_degree_granting_institutions-0409,409,USA,universities_and_degree_granting_institutions,Case Western Reserve University,Cleveland · OH,case.edu,https://case.edu,True,logos/usa_0409_case_western_reserve_university.png,USA_Universities_Directory.pdf,53
usa-universities_and_degree_granting_institutions-0410,410,USA,universities_and_degree_granting_institutions,Catawba College,Salisbury · NC,catawba.edu,https://catawba.edu,True,logos/usa_0410_catawba_college.png,USA_Universities_Directory.pdf,53
usa-universities_and_degree_granting_institutions-0411,411,USA,universities_and_degree_granting_institutions,Catholic International University,Charles Town · WV,catholiciu.edu,https://catholiciu.edu,True,logos/usa_0411_catholic_international_university.png,USA_Universities_Directory.pdf,53
usa-universities_and_degree_granting_institutions-0412,412,USA,universities_and_degree_granting_institutions,Catholic Theological Union at Chicago,Chicago · IL,ctu.edu,https://ctu.edu,True,logos/usa_0412_catholic_theological_union_at_chicago.png,USA_Universities_Directory.pdf,53
usa-universities_and_degree_granting_institutions-0413,413,USA,universities_and_degree_granting_institutions,CBD College,Los Angeles · CA,cbd.edu,https://cbd.edu,True,logos/usa_0413_cbd_college.png,USA_Universities_Directory.pdf,53
usa-universities_and_degree_granting_institutions-0414,414,USA,universities_and_degree_granting_institutions,Cedar Crest College,Allentown · PA,cedarcrest.edu,https://cedarcrest.edu,True,logos/usa_0414_cedar_crest_college.png,USA_Universities_Directory.pdf,53
usa-universities_and_degree_granting_institutions-0415,415,USA,universities_and_degree_granting_institutions,Cedarville University,Cedarville · OH,cedarville.edu,https://cedarville.edu,True,logos/usa_0415_cedarville_university.png,USA_Universities_Directory.pdf,53
usa-universities_and_degree_granting_institutions-0416,416,USA,universities_and_degree_granting_institutions,CEM College-Humacao,Humacao · PR,cemcollege.edu,https://cemcollege.edu,True,logos/usa_0416_cem_college_humacao.png,USA_Universities_Directory.pdf,53
usa-universities_and_degree_granting_institutions-0417,417,USA,universities_and_degree_granting_institutions,CEM College-San Juan,San Juan · PR,cemcollege.edu,https://cemcollege.edu,True,logos/usa_0417_cem_college_san_juan.png,USA_Universities_Directory.pdf,54
usa-universities_and_degree_granting_institutions-0418,418,USA,universities_and_degree_granting_institutions,Centenary College of Louisiana,Shreveport · LA,centenary.edu,https://centenary.edu,True,logos/usa_0418_centenary_college_of_louisiana.png,USA_Universities_Directory.pdf,54
usa-universities_and_degree_granting_institutions-0419,419,USA,universities_and_degree_granting_institutions,Centenary University,Hackettstown · NJ,centenaryuniversity.edu,https://centenaryuniversity.edu,True,logos/usa_0419_centenary_university.png,USA_Universities_Directory.pdf,54
usa-universities_and_degree_granting_institutions-0420,420,USA,universities_and_degree_granting_institutions,Center for Advanced Legal Studies,Houston · TX,paralegal.edu,https://paralegal.edu,True,logos/usa_0420_center_for_advanced_legal_studies.png,USA_Universities_Directory.pdf,54
usa-universities_and_degree_granting_institutions-0421,421,USA,universities_and_degree_granting_institutions,Center for Advanced Studies On Puerto Rico and the Caribbean,San Juan · PR,ceaprc.edu,https://ceaprc.edu,True,logos/usa_0421_center_for_advanced_studies_on_puerto_rico_and_the_caribbean.png,USA_Universities_Directory.pdf,54
usa-universities_and_degree_granting_institutions-0422,422,USA,universities_and_degree_granting_institutions,Centra College,Lynchburg · VA,centrahealth.com,https://centrahealth.com,True,logos/usa_0422_centra_college.png,USA_Universities_Directory.pdf,54
usa-universities_and_degree_granting_institutions-0423,423,USA,universities_and_degree_granting_institutions,Central Baptist College,Conway · AR,cbc.edu,https://cbc.edu,True,logos/usa_0423_central_baptist_college.png,USA_Universities_Directory.pdf,54
usa-universities_and_degree_granting_institutions-0424,424,USA,universities_and_degree_granting_institutions,Central Christian College of Kansas,McPherson · KS,centralchristian.edu,https://centralchristian.edu,True,logos/usa_0424_central_christian_college_of_kansas.png,USA_Universities_Directory.pdf,54
usa-universities_and_degree_granting_institutions-0425,425,USA,universities_and_degree_granting_institutions,Central Christian College of the Bible,Moberly,cccb.edu,https://cccb.edu,False,,USA_Universities_Directory.pdf,55
usa-universities_and_degree_granting_institutions-0426,426,USA,universities_and_degree_granting_institutions,Central College,Pella · IA,central.edu,https://central.edu,True,logos/usa_0426_central_college.png,USA_Universities_Directory.pdf,55
usa-universities_and_degree_granting_institutions-0427,427,USA,universities_and_degree_granting_institutions,Central Connecticut State University,New Britain · CT,ccsu.edu,https://ccsu.edu,True,logos/usa_0427_central_connecticut_state_university.png,USA_Universities_Directory.pdf,55
usa-universities_and_degree_granting_institutions-0428,428,USA,universities_and_degree_granting_institutions,Central Methodist University-College of Graduate and Extended Studies,Fayette · MO,centralmethodist.edu,https://centralmethodist.edu,True,logos/usa_0428_central_methodist_university_college_of_graduate_and_extended_studies.png,USA_Universities_Directory.pdf,55
usa-universities_and_degree_granting_institutions-0429,429,USA,universities_and_degree_granting_institutions,Central Methodist University-College of Liberal Arts and Sciences,Fayette · MO,centralmethodist.edu,https://centralmethodist.edu,True,logos/usa_0429_central_methodist_university_college_of_liberal_arts_and_sciences.png,USA_Universities_Directory.pdf,55
usa-universities_and_degree_granting_institutions-0430,430,USA,universities_and_degree_granting_institutions,Central Michigan University,Mount Pleasant · MI,cmich.edu,https://cmich.edu,True,logos/usa_0430_central_michigan_university.png,USA_Universities_Directory.pdf,55
usa-universities_and_degree_granting_institutions-0431,431,USA,universities_and_degree_granting_institutions,Central Ohio Technical College,Newark · OH,cotc.edu,https://cotc.edu,True,logos/usa_0431_central_ohio_technical_college.png,USA_Universities_Directory.pdf,55
usa-universities_and_degree_granting_institutions-0432,432,USA,universities_and_degree_granting_institutions,Central Penn College,Summerdale · PA,centralpenn.edu,https://centralpenn.edu,True,logos/usa_0432_central_penn_college.png,USA_Universities_Directory.pdf,55
usa-universities_and_degree_granting_institutions-0433,433,USA,universities_and_degree_granting_institutions,Central State University,Wilberforce · OH,centralstate.edu,https://centralstate.edu,True,logos/usa_0433_central_state_university.png,USA_Universities_Directory.pdf,56
usa-universities_and_degree_granting_institutions-0434,434,USA,universities_and_degree_granting_institutions,Central Washington University,Ellensburg · WA,cwu.edu,https://cwu.edu,True,logos/usa_0434_central_washington_university.png,USA_Universities_Directory.pdf,56
usa-universities_and_degree_granting_institutions-0435,435,USA,universities_and_degree_granting_institutions,Central Wyoming College,Riverton · WY,cwc.edu,https://cwc.edu,True,logos/usa_0435_central_wyoming_college.png,USA_Universities_Directory.pdf,56
usa-universities_and_degree_granting_institutions-0436,436,USA,universities_and_degree_granting_institutions,Central Yeshiva Beth Joseph,Brooklyn · NY,centralyeshivabethjoseph.com,https://centralyeshivabethjoseph.com,False,,USA_Universities_Directory.pdf,56
usa-universities_and_degree_granting_institutions-0437,437,USA,universities_and_degree_granting_institutions,Central Yeshiva Tomchei Tmimim Lubavitz,Brooklyn · NY,cyttl.edu,https://cyttl.edu,True,logos/usa_0437_central_yeshiva_tomchei_tmimim_lubavitz.png,USA_Universities_Directory.pdf,56
usa-universities_and_degree_granting_institutions-0438,438,USA,universities_and_degree_granting_institutions,Centralia College,Centralia · WA,centralia.edu,https://centralia.edu,True,logos/usa_0438_centralia_college.png,USA_Universities_Directory.pdf,56
usa-universities_and_degree_granting_institutions-0439,439,USA,universities_and_degree_granting_institutions,Centre College,Danville · KY,centre.edu,https://centre.edu,True,logos/usa_0439_centre_college.png,USA_Universities_Directory.pdf,56
usa-universities_and_degree_granting_institutions-0440,440,USA,universities_and_degree_granting_institutions,Centura College-Chesapeake,Chesapeake · VA,centuracollege.edu,https://centuracollege.edu,True,logos/usa_0440_centura_college_chesapeake.png,USA_Universities_Directory.pdf,56
usa-universities_and_degree_granting_institutions-0441,441,USA,universities_and_degree_granting_institutions,Chadron State College,Chadron · NE,csc.edu,https://csc.edu,True,logos/usa_0441_chadron_state_college.png,USA_Universities_Directory.pdf,57
usa-universities_and_degree_granting_institutions-0442,442,USA,universities_and_degree_granting_institutions,Chamberlain University-Administrative Office,Chicago · IL,chamberlain.edu,https://chamberlain.edu,True,logos/usa_0442_chamberlain_university_administrative_office.png,USA_Universities_Directory.pdf,57
usa-universities_and_degree_granting_institutions-0443,443,USA,universities_and_degree_granting_institutions,Chamberlain University-Arizona,Phoenix · AZ,chamberlain.edu,https://chamberlain.edu,True,logos/usa_0443_chamberlain_university_arizona.png,USA_Universities_Directory.pdf,57
usa-universities_and_degree_granting_institutions-0444,444,USA,universities_and_degree_granting_institutions,Chamberlain University-California,Rancho Cordova · CA,chamberlain.edu,https://chamberlain.edu,True,logos/usa_0444_chamberlain_university_california.png,USA_Universities_Directory.pdf,57
usa-universities_and_degree_granting_institutions-0445,445,USA,universities_and_degree_granting_institutions,Chamberlain University-Florida,Jacksonville · FL,chamberlain.edu,https://chamberlain.edu,True,logos/usa_0445_chamberlain_university_florida.png,USA_Universities_Directory.pdf,57
usa-universities_and_degree_granting_institutions-0446,446,USA,universities_and_degree_granting_institutions,Chamberlain University-Georgia,Sandy Springs · GA,chamberlain.edu,https://chamberlain.edu,True,logos/usa_0446_chamberlain_university_georgia.png,USA_Universities_Directory.pdf,57
usa-universities_and_degree_granting_institutions-0447,447,USA,universities_and_degree_granting_institutions,Chamberlain University-Illinois,Addison · IL,chamberlain.edu,https://chamberlain.edu,True,logos/usa_0447_chamberlain_university_illinois.png,USA_Universities_Directory.pdf,57
usa-universities_and_degree_granting_institutions-0448,448,USA,universities_and_degree_granting_institutions,Chamberlain University-Indiana,Indianapolis,chamberlain.edu,https://chamberlain.edu,True,logos/usa_0448_chamberlain_university_indiana.png,USA_Universities_Directory.pdf,57
usa-universities_and_degree_granting_institutions-0449,449,USA,universities_and_degree_granting_institutions,Chamberlain University-Louisiana,Jefferson · LA,chamberlain.edu,https://chamberlain.edu,True,logos/usa_0449_chamberlain_university_louisiana.png,USA_Universities_Directory.pdf,58
usa-universities_and_degree_granting_institutions-0450,450,USA,universities_and_degree_granting_institutions,Chamberlain University-Michigan,Troy · MI,chamberlain.edu,https://chamberlain.edu,True,logos/usa_0450_chamberlain_university_michigan.png,USA_Universities_Directory.pdf,58
usa-universities_and_degree_granting_institutions-0451,451,USA,universities_and_degree_granting_institutions,Chamberlain University-Missouri,St. Louis · MO,chamberlain.edu,https://chamberlain.edu,True,logos/usa_0451_chamberlain_university_missouri.png,USA_Universities_Directory.pdf,58
usa-universities_and_degree_granting_institutions-0452,452,USA,universities_and_degree_granting_institutions,Chamberlain University-Nevada,Las Vegas · NV,chamberlain.edu,https://chamberlain.edu,True,logos/usa_0452_chamberlain_university_nevada.png,USA_Universities_Directory.pdf,58
usa-universities_and_degree_granting_institutions-0453,453,USA,universities_and_degree_granting_institutions,Chamberlain University-New Jersey,North Brunswick · NJ,chamberlain.edu,https://chamberlain.edu,True,logos/usa_0453_chamberlain_university_new_jersey.png,USA_Universities_Directory.pdf,58
usa-universities_and_degree_granting_institutions-0454,454,USA,universities_and_degree_granting_institutions,Chamberlain University-North Carolina,Charlotte · NC,chamberlain.edu,https://chamberlain.edu,True,logos/usa_0454_chamberlain_university_north_carolina.png,USA_Universities_Directory.pdf,58
usa-universities_and_degree_granting_institutions-0455,455,USA,universities_and_degree_granting_institutions,Chamberlain University-Ohio,Columbus · OH,chamberlain.edu,https://chamberlain.edu,True,logos/usa_0455_chamberlain_university_ohio.png,USA_Universities_Directory.pdf,58
usa-universities_and_degree_granting_institutions-0456,456,USA,universities_and_degree_granting_institutions,Chamberlain University-Texas,Houston · TX,chamberlain.edu,https://chamberlain.edu,True,logos/usa_0456_chamberlain_university_texas.png,USA_Universities_Directory.pdf,58
usa-universities_and_degree_granting_institutions-0457,457,USA,universities_and_degree_granting_institutions,Chamberlain University-Virginia,Vienna · VA,chamberlain.edu,https://chamberlain.edu,True,logos/usa_0457_chamberlain_university_virginia.png,USA_Universities_Directory.pdf,59
usa-universities_and_degree_granting_institutions-0458,458,USA,universities_and_degree_granting_institutions,Chaminade University of Honolulu,Honolulu · HI,chaminade.edu,https://chaminade.edu,True,logos/usa_0458_chaminade_university_of_honolulu.png,USA_Universities_Directory.pdf,59
usa-universities_and_degree_granting_institutions-0459,459,USA,universities_and_degree_granting_institutions,Champion Christian College,Hot Springs · AR,champion.edu,https://champion.edu,True,logos/usa_0459_champion_christian_college.png,USA_Universities_Directory.pdf,59
usa-universities_and_degree_granting_institutions-0460,460,USA,universities_and_degree_granting_institutions,Champlain College,Burlington · VT,champlain.edu,https://champlain.edu,True,logos/usa_0460_champlain_college.png,USA_Universities_Directory.pdf,59
usa-universities_and_degree_granting_institutions-0461,461,USA,universities_and_degree_granting_institutions,Chapman University,Orange · CA,chapman.edu,https://chapman.edu,False,,USA_Universities_Directory.pdf,59
usa-universities_and_degree_granting_institutions-0462,462,USA,universities_and_degree_granting_institutions,Charles R Drew University of Medicine and Science,Los Angeles · CA,cdrewu.edu,https://cdrewu.edu,True,logos/usa_0462_charles_r_drew_university_of_medicine_and_science.png,USA_Universities_Directory.pdf,59
usa-universities_and_degree_granting_institutions-0463,463,USA,universities_and_degree_granting_institutions,Charleston School of Law,Charleston · SC,charlestonlaw.edu,https://charlestonlaw.edu,True,logos/usa_0463_charleston_school_of_law.png,USA_Universities_Directory.pdf,59
usa-universities_and_degree_granting_institutions-0464,464,USA,universities_and_degree_granting_institutions,Charleston Southern University,Charleston · SC,charlestonsouthern.edu,https://charlestonsouthern.edu,True,logos/usa_0464_charleston_southern_university.png,USA_Universities_Directory.pdf,59
usa-universities_and_degree_granting_institutions-0465,465,USA,universities_and_degree_granting_institutions,Charlotte Christian College and Theological Seminary,Charlotte · NC,charlottechristian.edu,https://charlottechristian.edu,True,logos/usa_0465_charlotte_christian_college_and_theological_seminary.png,USA_Universities_Directory.pdf,60
usa-universities_and_degree_granting_institutions-0466,466,USA,universities_and_degree_granting_institutions,Charter College,Anchorage · AK,chartercollege.edu,https://chartercollege.edu,True,logos/usa_0466_charter_college.png,USA_Universities_Directory.pdf,60
usa-universities_and_degree_granting_institutions-0467,467,USA,universities_and_degree_granting_institutions,Charter Oak State College,New Britain · CT,charteroak.edu,https://charteroak.edu,True,logos/usa_0467_charter_oak_state_college.png,USA_Universities_Directory.pdf,60
usa-universities_and_degree_granting_institutions-0468,468,USA,universities_and_degree_granting_institutions,Chatham University,Pittsburgh · PA,chatham.edu,https://chatham.edu,True,logos/usa_0468_chatham_university.png,USA_Universities_Directory.pdf,60
usa-universities_and_degree_granting_institutions-0469,469,USA,universities_and_degree_granting_institutions,Chattanooga College Medical Dental and & Technical Careers,Chattanooga · TN,chattanoogacollege.edu,https://chattanoogacollege.edu,True,logos/usa_0469_chattanooga_college_medical_dental_and_technical_careers.png,USA_Universities_Directory.pdf,60
usa-universities_and_degree_granting_institutions-0470,470,USA,universities_and_degree_granting_institutions,Chemeketa Community College,Salem · OR,chemeketa.edu,https://chemeketa.edu,False,,USA_Universities_Directory.pdf,60
usa-universities_and_degree_granting_institutions-0471,471,USA,universities_and_degree_granting_institutions,Chestnut Hill College,Philadelphia · PA,chc.edu,https://chc.edu,True,logos/usa_0471_chestnut_hill_college.png,USA_Universities_Directory.pdf,60
usa-universities_and_degree_granting_institutions-0472,472,USA,universities_and_degree_granting_institutions,Cheyney University of Pennsylvania,Cheyney · PA,cheyney.edu,https://cheyney.edu,True,logos/usa_0472_cheyney_university_of_pennsylvania.png,USA_Universities_Directory.pdf,60
usa-universities_and_degree_granting_institutions-0473,473,USA,universities_and_degree_granting_institutions,CHI Health School of Radiologic Technology,Omaha · NE,chihealth.com,https://chihealth.com,True,logos/usa_0473_chi_health_school_of_radiologic_technology.png,USA_Universities_Directory.pdf,61
usa-universities_and_degree_granting_institutions-0474,474,USA,universities_and_degree_granting_institutions,Chicago State University,Chicago · IL,csu.edu,https://csu.edu,True,logos/usa_0474_chicago_state_university.png,USA_Universities_Directory.pdf,61
usa-universities_and_degree_granting_institutions-0475,475,USA,universities_and_degree_granting_institutions,Chicago Theological Seminary,Chicago · IL,ctschicago.edu,https://ctschicago.edu,True,logos/usa_0475_chicago_theological_seminary.png,USA_Universities_Directory.pdf,61
usa-universities_and_degree_granting_institutions-0476,476,USA,universities_and_degree_granting_institutions,Chipola College,Marianna · FL,chipola.edu,https://chipola.edu,True,logos/usa_0476_chipola_college.png,USA_Universities_Directory.pdf,61
usa-universities_and_degree_granting_institutions-0477,477,USA,universities_and_degree_granting_institutions,Chowan University,Murfreesboro · NC,chowan.edu,https://chowan.edu,True,logos/usa_0477_chowan_university.png,USA_Universities_Directory.pdf,61
usa-universities_and_degree_granting_institutions-0478,478,USA,universities_and_degree_granting_institutions,Christ Mission College,San Antonio · TX,cmctx.edu,https://cmctx.edu,True,logos/usa_0478_christ_mission_college.png,USA_Universities_Directory.pdf,61
usa-universities_and_degree_granting_institutions-0479,479,USA,universities_and_degree_granting_institutions,Christian Brothers University,Memphis · TN,cbu.edu,https://cbu.edu,True,logos/usa_0479_christian_brothers_university.png,USA_Universities_Directory.pdf,61
usa-universities_and_degree_granting_institutions-0480,480,USA,universities_and_degree_granting_institutions,Christian Theological Seminary,Indianapolis,cts.edu,https://cts.edu,True,logos/usa_0480_christian_theological_seminary.png,USA_Universities_Directory.pdf,61
usa-universities_and_degree_granting_institutions-0481,481,USA,universities_and_degree_granting_institutions,Christopher Newport University,Newport News · VA,cnu.edu,https://cnu.edu,True,logos/usa_0481_christopher_newport_university.png,USA_Universities_Directory.pdf,62
usa-universities_and_degree_granting_institutions-0482,482,USA,universities_and_degree_granting_institutions,Church Divinity School of the Pacific,Berkeley · CA,cdsp.edu,https://cdsp.edu,True,logos/usa_0482_church_divinity_school_of_the_pacific.png,USA_Universities_Directory.pdf,62
usa-universities_and_degree_granting_institutions-0483,483,USA,universities_and_degree_granting_institutions,Cincinnati College of Mortuary Science,Cincinnati · OH,ccms.edu,https://ccms.edu,True,logos/usa_0483_cincinnati_college_of_mortuary_science.png,USA_Universities_Directory.pdf,62
usa-universities_and_degree_granting_institutions-0484,484,USA,universities_and_degree_granting_institutions,Cincinnati State Technical and Community College,Cincinnati · OH,cincinnatistate.edu,https://cincinnatistate.edu,True,logos/usa_0484_cincinnati_state_technical_and_community_college.png,USA_Universities_Directory.pdf,62
usa-universities_and_degree_granting_institutions-0485,485,USA,universities_and_degree_granting_institutions,Citadel Military College of South Carolina,Charleston · SC,citadel.edu,https://citadel.edu,True,logos/usa_0485_citadel_military_college_of_south_carolina.png,USA_Universities_Directory.pdf,62
usa-universities_and_degree_granting_institutions-0486,486,USA,universities_and_degree_granting_institutions,City College-Hollywood,Hollywood · FL,citycollege.edu,https://citycollege.edu,False,,USA_Universities_Directory.pdf,62
usa-universities_and_degree_granting_institutions-0487,487,USA,universities_and_degree_granting_institutions,City College-Hollywood,Hollywood · FL,citycollege.edu,https://citycollege.edu,False,,USA_Universities_Directory.pdf,62
usa-universities_and_degree_granting_institutions-0488,488,USA,universities_and_degree_granting_institutions,City University of Seattle,Seattle · WA,cityu.edu,https://cityu.edu,True,logos/usa_0488_city_university_of_seattle.png,USA_Universities_Directory.pdf,62
usa-universities_and_degree_granting_institutions-0489,489,USA,universities_and_degree_granting_institutions,City Vision University,Kansas City · MO,cityvision.edu,https://cityvision.edu,True,logos/usa_0489_city_vision_university.png,USA_Universities_Directory.pdf,63
usa-universities_and_degree_granting_institutions-0490,490,USA,universities_and_degree_granting_institutions,Claflin University,Orangeburg · SC,claflin.edu,https://claflin.edu,True,logos/usa_0490_claflin_university.png,USA_Universities_Directory.pdf,63
usa-universities_and_degree_granting_institutions-0491,491,USA,universities_and_degree_granting_institutions,Claremont Graduate University,Claremont · CA,cgu.edu,https://cgu.edu,True,logos/usa_0491_claremont_graduate_university.png,USA_Universities_Directory.pdf,63
usa-universities_and_degree_granting_institutions-0492,492,USA,universities_and_degree_granting_institutions,Claremont Lincoln University,Claremont · CA,claremontlincoln.edu,https://claremontlincoln.edu,True,logos/usa_0492_claremont_lincoln_university.png,USA_Universities_Directory.pdf,63
usa-universities_and_degree_granting_institutions-0493,493,USA,universities_and_degree_granting_institutions,Claremont McKenna College,Claremont · CA,cmc.edu,https://cmc.edu,True,logos/usa_0493_claremont_mckenna_college.png,USA_Universities_Directory.pdf,63
usa-universities_and_degree_granting_institutions-0494,494,USA,universities_and_degree_granting_institutions,Claremont School of Theology,Los Angeles · CA,cst.edu,https://cst.edu,True,logos/usa_0494_claremont_school_of_theology.png,USA_Universities_Directory.pdf,63
usa-universities_and_degree_granting_institutions-0495,495,USA,universities_and_degree_granting_institutions,Clark Atlanta University,Atlanta · GA,cau.edu,https://cau.edu,True,logos/usa_0495_clark_atlanta_university.png,USA_Universities_Directory.pdf,63
usa-universities_and_degree_granting_institutions-0496,496,USA,universities_and_degree_granting_institutions,Clark College,Vancouver · WA,clark.edu,https://clark.edu,True,logos/usa_0496_clark_college.png,USA_Universities_Directory.pdf,63
usa-universities_and_degree_granting_institutions-0497,497,USA,universities_and_degree_granting_institutions,Clark State College,Springfield · OH,clarkstate.edu,https://clarkstate.edu,True,logos/usa_0497_clark_state_college.png,USA_Universities_Directory.pdf,64
usa-universities_and_degree_granting_institutions-0498,498,USA,universities_and_degree_granting_institutions,Clark University,Worcester · MA,clarku.edu,https://clarku.edu,True,logos/usa_0498_clark_university.png,USA_Universities_Directory.pdf,64
usa-universities_and_degree_granting_institutions-0499,499,USA,universities_and_degree_granting_institutions,Clarke University,Dubuque · IA,clarke.edu,https://clarke.edu,True,logos/usa_0499_clarke_university.png,USA_Universities_Directory.pdf,64
usa-universities_and_degree_granting_institutions-0500,500,USA,universities_and_degree_granting_institutions,Clarkson College,Omaha · NE,clarksoncollege.edu,https://clarksoncollege.edu,True,logos/usa_0500_clarkson_college.png,USA_Universities_Directory.pdf,64
usa-universities_and_degree_granting_institutions-0501,501,USA,universities_and_degree_granting_institutions,Clarkson University,Potsdam · NY,clarkson.edu,https://clarkson.edu,True,logos/usa_0501_clarkson_university.png,USA_Universities_Directory.pdf,64
usa-universities_and_degree_granting_institutions-0502,502,USA,universities_and_degree_granting_institutions,Clayton State University,Morrow · GA,clayton.edu,https://clayton.edu,True,logos/usa_0502_clayton_state_university.png,USA_Universities_Directory.pdf,64
usa-universities_and_degree_granting_institutions-0503,503,USA,universities_and_degree_granting_institutions,Clear Creek Baptist Bible College,Pineville · KY,ccbbc.edu,https://ccbbc.edu,True,logos/usa_0503_clear_creek_baptist_bible_college.png,USA_Universities_Directory.pdf,64
usa-universities_and_degree_granting_institutions-0504,504,USA,universities_and_degree_granting_institutions,Cleary University,Howell · MI,cleary.edu,https://cleary.edu,True,logos/usa_0504_cleary_university.png,USA_Universities_Directory.pdf,64
usa-universities_and_degree_granting_institutions-0505,505,USA,universities_and_degree_granting_institutions,Clemson University,Clemson · SC,clemson.edu,https://clemson.edu,True,logos/usa_0505_clemson_university.png,USA_Universities_Directory.pdf,65
usa-universities_and_degree_granting_institutions-0506,506,USA,universities_and_degree_granting_institutions,Cleveland Institute of Art,Cleveland · OH,cia.edu,https://cia.edu,True,logos/usa_0506_cleveland_institute_of_art.png,USA_Universities_Directory.pdf,65
usa-universities_and_degree_granting_institutions-0507,507,USA,universities_and_degree_granting_institutions,Cleveland Institute of Music,Cleveland · OH,cim.edu,https://cim.edu,True,logos/usa_0507_cleveland_institute_of_music.png,USA_Universities_Directory.pdf,65
usa-universities_and_degree_granting_institutions-0508,508,USA,universities_and_degree_granting_institutions,Cleveland State University,Cleveland · OH,csuohio.edu,https://csuohio.edu,True,logos/usa_0508_cleveland_state_university.png,USA_Universities_Directory.pdf,65
usa-universities_and_degree_granting_institutions-0509,509,USA,universities_and_degree_granting_institutions,Cleveland University-Kansas City,Overland Park · KS,cleveland.edu,https://cleveland.edu,True,logos/usa_0509_cleveland_university_kansas_city.png,USA_Universities_Directory.pdf,65
usa-universities_and_degree_granting_institutions-0510,510,USA,universities_and_degree_granting_institutions,Clinton College,Rock Hill · SC,clintoncollege.edu,https://clintoncollege.edu,True,logos/usa_0510_clinton_college.png,USA_Universities_Directory.pdf,65
usa-universities_and_degree_granting_institutions-0511,511,USA,universities_and_degree_granting_institutions,Clover Park Technical College,Lakewood · WA,cptc.edu,https://cptc.edu,True,logos/usa_0511_clover_park_technical_college.png,USA_Universities_Directory.pdf,65
usa-universities_and_degree_granting_institutions-0512,512,USA,universities_and_degree_granting_institutions,Coastal Carolina University,Conway · SC,coastal.edu,https://coastal.edu,True,logos/usa_0512_coastal_carolina_university.png,USA_Universities_Directory.pdf,65
usa-universities_and_degree_granting_institutions-0513,513,USA,universities_and_degree_granting_institutions,Cochise County Community College District,Sierra Vista · AZ,cochise.edu,https://cochise.edu,True,logos/usa_0513_cochise_county_community_college_district.png,USA_Universities_Directory.pdf,66
usa-universities_and_degree_granting_institutions-0514,514,USA,universities_and_degree_granting_institutions,Coe College,Cedar Rapids · IA,coe.edu,https://coe.edu,True,logos/usa_0514_coe_college.png,USA_Universities_Directory.pdf,66
usa-universities_and_degree_granting_institutions-0515,515,USA,universities_and_degree_granting_institutions,Coker University,Hartsville · SC,coker.edu,https://coker.edu,True,logos/usa_0515_coker_university.png,USA_Universities_Directory.pdf,66
usa-universities_and_degree_granting_institutions-0516,516,USA,universities_and_degree_granting_institutions,Colby College,Waterville · ME,colby.edu,https://colby.edu,True,logos/usa_0516_colby_college.png,USA_Universities_Directory.pdf,66
usa-universities_and_degree_granting_institutions-0517,517,USA,universities_and_degree_granting_institutions,Colby-Sawyer College,New London · NH,colby-sawyer.edu,https://colby-sawyer.edu,True,logos/usa_0517_colby_sawyer_college.png,USA_Universities_Directory.pdf,66
usa-universities_and_degree_granting_institutions-0518,518,USA,universities_and_degree_granting_institutions,Colegio Universitario de San Juan,San Juan · PR,cunisanjuan.edu,https://cunisanjuan.edu,True,logos/usa_0518_colegio_universitario_de_san_juan.png,USA_Universities_Directory.pdf,66
usa-universities_and_degree_granting_institutions-0519,519,USA,universities_and_degree_granting_institutions,Colgate Rochester Crozer Divinity School,Rochester · NY,crcds.edu,https://crcds.edu,False,,USA_Universities_Directory.pdf,66
usa-universities_and_degree_granting_institutions-0520,520,USA,universities_and_degree_granting_institutions,Colgate University,Hamilton · NY,colgate.edu,https://colgate.edu,True,logos/usa_0520_colgate_university.png,USA_Universities_Directory.pdf,66
usa-universities_and_degree_granting_institutions-0521,521,USA,universities_and_degree_granting_institutions,College for Creative Studies,Detroit · MI,ccsdetroit.edu,https://ccsdetroit.edu,True,logos/usa_0521_college_for_creative_studies.png,USA_Universities_Directory.pdf,67
usa-universities_and_degree_granting_institutions-0522,522,USA,universities_and_degree_granting_institutions,College of Athens,Watkinsville · GA,collegeofathens.edu,https://collegeofathens.edu,True,logos/usa_0522_college_of_athens.png,USA_Universities_Directory.pdf,67
usa-universities_and_degree_granting_institutions-0523,523,USA,universities_and_degree_granting_institutions,College of Biblical Studies-Houston,Houston · TX,cbshouston.edu,https://cbshouston.edu,True,logos/usa_0523_college_of_biblical_studies_houston.png,USA_Universities_Directory.pdf,67
usa-universities_and_degree_granting_institutions-0524,524,USA,universities_and_degree_granting_institutions,College of Central Florida,Ocala · FL,cf.edu,https://cf.edu,True,logos/usa_0524_college_of_central_florida.png,USA_Universities_Directory.pdf,67
usa-universities_and_degree_granting_institutions-0525,525,USA,universities_and_degree_granting_institutions,College of Charleston,Charleston · SC,charleston.edu,https://charleston.edu,True,logos/usa_0525_college_of_charleston.png,USA_Universities_Directory.pdf,67
usa-universities_and_degree_granting_institutions-0526,526,USA,universities_and_degree_granting_institutions,College of Coastal Georgia,Brunswick · GA,ccga.edu,https://ccga.edu,True,logos/usa_0526_college_of_coastal_georgia.png,USA_Universities_Directory.pdf,67
usa-universities_and_degree_granting_institutions-0527,527,USA,universities_and_degree_granting_institutions,College of Menominee Nation,Keshena · WI,menominee.edu,https://menominee.edu,True,logos/usa_0527_college_of_menominee_nation.png,USA_Universities_Directory.pdf,67
usa-universities_and_degree_granting_institutions-0528,528,USA,universities_and_degree_granting_institutions,College of Micronesia-FSM,Pohnpei · FM,comfsm.fm,https://comfsm.fm,True,logos/usa_0528_college_of_micronesia_fsm.png,USA_Universities_Directory.pdf,67
usa-universities_and_degree_granting_institutions-0529,529,USA,universities_and_degree_granting_institutions,College of Our Lady of the Elms,Chicopee · MA,elms.edu,https://elms.edu,True,logos/usa_0529_college_of_our_lady_of_the_elms.png,USA_Universities_Directory.pdf,68
usa-universities_and_degree_granting_institutions-0530,530,USA,universities_and_degree_granting_institutions,College of Saint Benedict,Saint Joseph · MN,csbsju.edu,https://csbsju.edu,True,logos/usa_0530_college_of_saint_benedict.png,USA_Universities_Directory.pdf,68
usa-universities_and_degree_granting_institutions-0531,531,USA,universities_and_degree_granting_institutions,College of Saint Mary,Omaha · NE,csm.edu,https://csm.edu,True,logos/usa_0531_college_of_saint_mary.png,USA_Universities_Directory.pdf,68
usa-universities_and_degree_granting_institutions-0532,532,USA,universities_and_degree_granting_institutions,College of Southern Idaho,Twin Falls · ID,csi.edu,https://csi.edu,True,logos/usa_0532_college_of_southern_idaho.png,USA_Universities_Directory.pdf,68
usa-universities_and_degree_granting_institutions-0533,533,USA,universities_and_degree_granting_institutions,College of Southern Nevada,Las Vegas · NV,csn.edu,https://csn.edu,True,logos/usa_0533_college_of_southern_nevada.png,USA_Universities_Directory.pdf,68
usa-universities_and_degree_granting_institutions-0534,534,USA,universities_and_degree_granting_institutions,College of Staten Island CUNY,Staten Island · NY,csi.cuny.edu,https://csi.cuny.edu,True,logos/usa_0534_college_of_staten_island_cuny.png,USA_Universities_Directory.pdf,68
usa-universities_and_degree_granting_institutions-0535,535,USA,universities_and_degree_granting_institutions,College of the Atlantic,Bar Harbor · ME,coa.edu,https://coa.edu,True,logos/usa_0535_college_of_the_atlantic.png,USA_Universities_Directory.pdf,68
usa-universities_and_degree_granting_institutions-0536,536,USA,universities_and_degree_granting_institutions,College of the Holy Cross,Worcester · MA,holycross.edu,https://holycross.edu,True,logos/usa_0536_college_of_the_holy_cross.png,USA_Universities_Directory.pdf,68
usa-universities_and_degree_granting_institutions-0537,537,USA,universities_and_degree_granting_institutions,College of the Mainland,Texas City · TX,com.edu,https://com.edu,True,logos/usa_0537_college_of_the_mainland.png,USA_Universities_Directory.pdf,69
usa-universities_and_degree_granting_institutions-0538,538,USA,universities_and_degree_granting_institutions,College of the Marshall Islands,Majuro · MH,cmi.edu,https://cmi.edu,True,logos/usa_0538_college_of_the_marshall_islands.png,USA_Universities_Directory.pdf,69
usa-universities_and_degree_granting_institutions-0539,539,USA,universities_and_degree_granting_institutions,College of the Ozarks,Point Lookout · MO,cofo.edu,https://cofo.edu,True,logos/usa_0539_college_of_the_ozarks.png,USA_Universities_Directory.pdf,69
usa-universities_and_degree_granting_institutions-0540,540,USA,universities_and_degree_granting_institutions,College Unbound,Providence · RI,collegeunbound.edu,https://collegeunbound.edu,True,logos/usa_0540_college_unbound.png,USA_Universities_Directory.pdf,69
usa-universities_and_degree_granting_institutions-0541,541,USA,universities_and_degree_granting_institutions,Collin County Community College District,McKinney · TX,collin.edu,https://collin.edu,True,logos/usa_0541_collin_county_community_college_district.png,USA_Universities_Directory.pdf,69
usa-universities_and_degree_granting_institutions-0542,542,USA,universities_and_degree_granting_institutions,Colorado Chinese Medicine University,Denver · CO,ccmu.edu,https://ccmu.edu,True,logos/usa_0542_colorado_chinese_medicine_university.png,USA_Universities_Directory.pdf,69
usa-universities_and_degree_granting_institutions-0543,543,USA,universities_and_degree_granting_institutions,Colorado Christian University,Lakewood · CO,ccu.edu,https://ccu.edu,True,logos/usa_0543_colorado_christian_university.png,USA_Universities_Directory.pdf,69
usa-universities_and_degree_granting_institutions-0544,544,USA,universities_and_degree_granting_institutions,Colorado College,Colorado Springs,coloradocollege.edu,https://coloradocollege.edu,True,logos/usa_0544_colorado_college.png,USA_Universities_Directory.pdf,69
usa-universities_and_degree_granting_institutions-0545,545,USA,universities_and_degree_granting_institutions,Colorado Mesa University,Grand Junction · CO,coloradomesa.edu,https://coloradomesa.edu,True,logos/usa_0545_colorado_mesa_university.png,USA_Universities_Directory.pdf,70
usa-universities_and_degree_granting_institutions-0546,546,USA,universities_and_degree_granting_institutions,Colorado Mountain College,Glenwood Springs · CO,coloradomtn.edu,https://coloradomtn.edu,True,logos/usa_0546_colorado_mountain_college.png,USA_Universities_Directory.pdf,70
usa-universities_and_degree_granting_institutions-0547,547,USA,universities_and_degree_granting_institutions,Colorado Northwestern Community College,Rangely · CO,cncc.edu,https://cncc.edu,True,logos/usa_0547_colorado_northwestern_community_college.png,USA_Universities_Directory.pdf,70
usa-universities_and_degree_granting_institutions-0548,548,USA,universities_and_degree_granting_institutions,Colorado School of Mines,Golden · CO,mines.edu,https://mines.edu,True,logos/usa_0548_colorado_school_of_mines.png,USA_Universities_Directory.pdf,70
usa-universities_and_degree_granting_institutions-0549,549,USA,universities_and_degree_granting_institutions,Colorado State University Global,Denver · CO,csuglobal.edu,https://csuglobal.edu,True,logos/usa_0549_colorado_state_university_global.png,USA_Universities_Directory.pdf,70
usa-universities_and_degree_granting_institutions-0550,550,USA,universities_and_degree_granting_institutions,Colorado State University Pueblo,Pueblo · CO,csupueblo.edu,https://csupueblo.edu,True,logos/usa_0550_colorado_state_university_pueblo.png,USA_Universities_Directory.pdf,70
usa-universities_and_degree_granting_institutions-0551,551,USA,universities_and_degree_granting_institutions,Colorado State University-Fort Collins,Fort Collins,colostate.edu,https://colostate.edu,True,logos/usa_0551_colorado_state_university_fort_collins.png,USA_Universities_Directory.pdf,70
usa-universities_and_degree_granting_institutions-0552,552,USA,universities_and_degree_granting_institutions,Colorado State University-System Office,Denver · CO,csusystem.edu,https://csusystem.edu,True,logos/usa_0552_colorado_state_university_system_office.png,USA_Universities_Directory.pdf,70
usa-universities_and_degree_granting_institutions-0553,553,USA,universities_and_degree_granting_institutions,Colorado Technical University-Colorado Springs,Colorado Springs,coloradotech.edu,https://coloradotech.edu,True,logos/usa_0553_colorado_technical_university_colorado_springs.png,USA_Universities_Directory.pdf,71
usa-universities_and_degree_granting_institutions-0554,554,USA,universities_and_degree_granting_institutions,Columbia Basin College,Pasco · WA,columbiabasin.edu,https://columbiabasin.edu,True,logos/usa_0554_columbia_basin_college.png,USA_Universities_Directory.pdf,71
usa-universities_and_degree_granting_institutions-0555,555,USA,universities_and_degree_granting_institutions,Columbia Central University-Caguas,Caguas · PR,columbiacentral.edu,https://columbiacentral.edu,True,logos/usa_0555_columbia_central_university_caguas.png,USA_Universities_Directory.pdf,71
usa-universities_and_degree_granting_institutions-0556,556,USA,universities_and_degree_granting_institutions,Columbia College,Columbia · MO,ccis.edu,https://ccis.edu,True,logos/usa_0556_columbia_college.png,USA_Universities_Directory.pdf,71
usa-universities_and_degree_granting_institutions-0557,557,USA,universities_and_degree_granting_institutions,Columbia College,Columbia · SC,ccis.edu,https://ccis.edu,True,logos/usa_0557_columbia_college.png,USA_Universities_Directory.pdf,71
usa-universities_and_degree_granting_institutions-0558,558,USA,universities_and_degree_granting_institutions,Columbia College Chicago,Chicago · IL,colum.edu,https://colum.edu,True,logos/usa_0558_columbia_college_chicago.png,USA_Universities_Directory.pdf,71
usa-universities_and_degree_granting_institutions-0559,559,USA,universities_and_degree_granting_institutions,Columbia International University,Columbia · SC,ciu.edu,https://ciu.edu,True,logos/usa_0559_columbia_international_university.png,USA_Universities_Directory.pdf,71
usa-universities_and_degree_granting_institutions-0560,560,USA,universities_and_degree_granting_institutions,Columbia Southern University,Orange Beach · AL,columbiasouthern.edu,https://columbiasouthern.edu,True,logos/usa_0560_columbia_southern_university.png,USA_Universities_Directory.pdf,71
usa-universities_and_degree_granting_institutions-0561,561,USA,universities_and_degree_granting_institutions,Columbia Theological Seminary,Decatur · GA,ctsnet.edu,https://ctsnet.edu,False,,USA_Universities_Directory.pdf,72
usa-universities_and_degree_granting_institutions-0562,562,USA,universities_and_degree_granting_institutions,Columbia University in the City of New York,New York · NY,columbia.edu,https://columbia.edu,True,logos/usa_0562_columbia_university_in_the_city_of_new_york.png,USA_Universities_Directory.pdf,72
usa-universities_and_degree_granting_institutions-0563,563,USA,universities_and_degree_granting_institutions,Columbus College of Art & Design,Columbus · OH,ccad.edu,https://ccad.edu,True,logos/usa_0563_columbus_college_of_art_design.png,USA_Universities_Directory.pdf,72
usa-universities_and_degree_granting_institutions-0564,564,USA,universities_and_degree_granting_institutions,Columbus State Community College,Columbus · OH,cscc.edu,https://cscc.edu,True,logos/usa_0564_columbus_state_community_college.png,USA_Universities_Directory.pdf,72
usa-universities_and_degree_granting_institutions-0565,565,USA,universities_and_degree_granting_institutions,Columbus State University,Columbus · GA,columbusstate.edu,https://columbusstate.edu,True,logos/usa_0565_columbus_state_university.png,USA_Universities_Directory.pdf,72
usa-universities_and_degree_granting_institutions-0566,566,USA,universities_and_degree_granting_institutions,Commonwealth University of Pennsylvania,Bloomsburg · PA,commonwealthu.edu,https://commonwealthu.edu,True,logos/usa_0566_commonwealth_university_of_pennsylvania.png,USA_Universities_Directory.pdf,72
usa-universities_and_degree_granting_institutions-0567,567,USA,universities_and_degree_granting_institutions,Community College of Denver,Denver · CO,ccd.edu,https://ccd.edu,True,logos/usa_0567_community_college_of_denver.png,USA_Universities_Directory.pdf,72
usa-universities_and_degree_granting_institutions-0568,568,USA,universities_and_degree_granting_institutions,Compu-Med Vocational Careers Corp,Hialeah · FL,compumed.edu,https://compumed.edu,False,,USA_Universities_Directory.pdf,72
usa-universities_and_degree_granting_institutions-0569,569,USA,universities_and_degree_granting_institutions,Conception Seminary College,Conception · MO,conception.edu,https://conception.edu,True,logos/usa_0569_conception_seminary_college.png,USA_Universities_Directory.pdf,73
usa-universities_and_degree_granting_institutions-0570,570,USA,universities_and_degree_granting_institutions,Concord University,Athens · WV,concord.edu,https://concord.edu,True,logos/usa_0570_concord_university.png,USA_Universities_Directory.pdf,73
usa-universities_and_degree_granting_institutions-0571,571,USA,universities_and_degree_granting_institutions,Concorde Career College-Aurora,Aurora · CO,concorde.edu,https://concorde.edu,True,logos/usa_0571_concorde_career_college_aurora.png,USA_Universities_Directory.pdf,73
usa-universities_and_degree_granting_institutions-0572,572,USA,universities_and_degree_granting_institutions,Concorde Career College-Kansas City,Kansas City · MO,concorde.edu,https://concorde.edu,True,logos/usa_0572_concorde_career_college_kansas_city.png,USA_Universities_Directory.pdf,73
usa-universities_and_degree_granting_institutions-0573,573,USA,universities_and_degree_granting_institutions,Concordia College at Moorhead,Moorhead · MN,concordiacollege.edu,https://concordiacollege.edu,True,logos/usa_0573_concordia_college_at_moorhead.png,USA_Universities_Directory.pdf,73
usa-universities_and_degree_granting_institutions-0574,574,USA,universities_and_degree_granting_institutions,Concordia Seminary,Saint Louis · MO,csl.edu,https://csl.edu,True,logos/usa_0574_concordia_seminary.png,USA_Universities_Directory.pdf,73
usa-universities_and_degree_granting_institutions-0575,575,USA,universities_and_degree_granting_institutions,Concordia Theological Seminary,Fort Wayne · IN,ctsfw.edu,https://ctsfw.edu,True,logos/usa_0575_concordia_theological_seminary.png,USA_Universities_Directory.pdf,73
usa-universities_and_degree_granting_institutions-0576,576,USA,universities_and_degree_granting_institutions,Concordia University Ann Arbor,Ann Arbor · MI,cuaa.edu,https://cuaa.edu,True,logos/usa_0576_concordia_university_ann_arbor.png,USA_Universities_Directory.pdf,73
usa-universities_and_degree_granting_institutions-0577,577,USA,universities_and_degree_granting_institutions,Concordia University Texas,Austin · TX,concordia.edu,https://concordia.edu,True,logos/usa_0577_concordia_university_texas.png,USA_Universities_Directory.pdf,74
usa-universities_and_degree_granting_institutions-0578,578,USA,universities_and_degree_granting_institutions,Concordia University-Chicago,River Forest · IL,cuchicago.edu,https://cuchicago.edu,True,logos/usa_0578_concordia_university_chicago.png,USA_Universities_Directory.pdf,74
usa-universities_and_degree_granting_institutions-0579,579,USA,universities_and_degree_granting_institutions,Concordia University-Irvine,Irvine · CA,cui.edu,https://cui.edu,True,logos/usa_0579_concordia_university_irvine.png,USA_Universities_Directory.pdf,74
usa-universities_and_degree_granting_institutions-0580,580,USA,universities_and_degree_granting_institutions,Concordia University-Nebraska,Seward · NE,cune.edu,https://cune.edu,True,logos/usa_0580_concordia_university_nebraska.png,USA_Universities_Directory.pdf,74
usa-universities_and_degree_granting_institutions-0581,581,USA,universities_and_degree_granting_institutions,Concordia University-Saint Paul,Saint Paul · MN,csp.edu,https://csp.edu,True,logos/usa_0581_concordia_university_saint_paul.png,USA_Universities_Directory.pdf,74
usa-universities_and_degree_granting_institutions-0582,582,USA,universities_and_degree_granting_institutions,Concordia University-Wisconsin,Mequon · WI,cuw.edu,https://cuw.edu,True,logos/usa_0582_concordia_university_wisconsin.png,USA_Universities_Directory.pdf,74
usa-universities_and_degree_granting_institutions-0583,583,USA,universities_and_degree_granting_institutions,Congregation Talmidei Mesivta Tiferes Shmiel Aleksander,Brooklyn · NY,yeshivaaleksander.org,https://yeshivaaleksander.org,False,,USA_Universities_Directory.pdf,74
usa-universities_and_degree_granting_institutions-0584,584,USA,universities_and_degree_granting_institutions,Connecticut College,New London · CT,conncoll.edu,https://conncoll.edu,True,logos/usa_0584_connecticut_college.png,USA_Universities_Directory.pdf,74
usa-universities_and_degree_granting_institutions-0585,585,USA,universities_and_degree_granting_institutions,Converse University,Spartanburg · SC,converse.edu,https://converse.edu,True,logos/usa_0585_converse_university.png,USA_Universities_Directory.pdf,75
usa-universities_and_degree_granting_institutions-0586,586,USA,universities_and_degree_granting_institutions,Conway School of Landscape Design,Northampton · MA,csld.edu,https://csld.edu,True,logos/usa_0586_conway_school_of_landscape_design.png,USA_Universities_Directory.pdf,75
usa-universities_and_degree_granting_institutions-0587,587,USA,universities_and_degree_granting_institutions,Coppin State University,Baltimore · MD,coppin.edu,https://coppin.edu,True,logos/usa_0587_coppin_state_university.png,USA_Universities_Directory.pdf,75
usa-universities_and_degree_granting_institutions-0588,588,USA,universities_and_degree_granting_institutions,Corban University,Salem · OR,corban.edu,https://corban.edu,True,logos/usa_0588_corban_university.png,USA_Universities_Directory.pdf,75
usa-universities_and_degree_granting_institutions-0589,589,USA,universities_and_degree_granting_institutions,Cornell College,Mount Vernon · IA,cornellcollege.edu,https://cornellcollege.edu,True,logos/usa_0589_cornell_college.png,USA_Universities_Directory.pdf,75
usa-universities_and_degree_granting_institutions-0590,590,USA,universities_and_degree_granting_institutions,Cornell University,Ithaca · NY,cornell.edu,https://cornell.edu,True,logos/usa_0590_cornell_university.png,USA_Universities_Directory.pdf,75
usa-universities_and_degree_granting_institutions-0591,591,USA,universities_and_degree_granting_institutions,Cornerstone University,Grand Rapids · MI,cornerstone.edu,https://cornerstone.edu,True,logos/usa_0591_cornerstone_university.png,USA_Universities_Directory.pdf,75
usa-universities_and_degree_granting_institutions-0592,592,USA,universities_and_degree_granting_institutions,Cornish College of the Arts,Seattle · WA,cornish.edu,https://cornish.edu,True,logos/usa_0592_cornish_college_of_the_arts.png,USA_Universities_Directory.pdf,75
usa-universities_and_degree_granting_institutions-0593,593,USA,universities_and_degree_granting_institutions,Cottey College,Nevada · MO,cottey.edu,https://cottey.edu,True,logos/usa_0593_cottey_college.png,USA_Universities_Directory.pdf,76
usa-universities_and_degree_granting_institutions-0594,594,USA,universities_and_degree_granting_institutions,Covenant College,Lookout Mountain · GA,covenant.edu,https://covenant.edu,True,logos/usa_0594_covenant_college.png,USA_Universities_Directory.pdf,76
usa-universities_and_degree_granting_institutions-0595,595,USA,universities_and_degree_granting_institutions,Covenant Theological Seminary,Saint Louis · MO,covenantseminary.edu,https://covenantseminary.edu,True,logos/usa_0595_covenant_theological_seminary.png,USA_Universities_Directory.pdf,76
usa-universities_and_degree_granting_institutions-0596,596,USA,universities_and_degree_granting_institutions,Cox College,Springfield · MO,coxcollege.edu,https://coxcollege.edu,True,logos/usa_0596_cox_college.png,USA_Universities_Directory.pdf,76
usa-universities_and_degree_granting_institutions-0597,597,USA,universities_and_degree_granting_institutions,Crafton Hills College,Yucaipa,craftonhills.edu,https://craftonhills.edu,True,logos/usa_0597_crafton_hills_college.png,USA_Universities_Directory.pdf,76
usa-universities_and_degree_granting_institutions-0598,598,USA,universities_and_degree_granting_institutions,Cranbrook Academy of Art,Bloomfield Hills · MI,cranbrookart.edu,https://cranbrookart.edu,True,logos/usa_0598_cranbrook_academy_of_art.png,USA_Universities_Directory.pdf,76
usa-universities_and_degree_granting_institutions-0599,599,USA,universities_and_degree_granting_institutions,Creighton University,Omaha · NE,creighton.edu,https://creighton.edu,True,logos/usa_0599_creighton_university.png,USA_Universities_Directory.pdf,76
usa-universities_and_degree_granting_institutions-0600,600,USA,universities_and_degree_granting_institutions,Crestpoint University,Phoenix · AZ,crestpoint.edu,https://crestpoint.edu,True,logos/usa_0600_crestpoint_university.png,USA_Universities_Directory.pdf,76
usa-universities_and_degree_granting_institutions-0601,601,USA,universities_and_degree_granting_institutions,Criswell College,Dallas · TX,criswell.edu,https://criswell.edu,True,logos/usa_0601_criswell_college.png,USA_Universities_Directory.pdf,77
usa-universities_and_degree_granting_institutions-0602,602,USA,universities_and_degree_granting_institutions,Crowley's Ridge College,Paragould,crc.edu,https://crc.edu,True,logos/usa_0602_crowley_s_ridge_college.png,USA_Universities_Directory.pdf,77
usa-universities_and_degree_granting_institutions-0603,603,USA,universities_and_degree_granting_institutions,Crown College,Saint Bonifacius · MN,crown.edu,https://crown.edu,True,logos/usa_0603_crown_college.png,USA_Universities_Directory.pdf,77
usa-universities_and_degree_granting_institutions-0604,604,USA,universities_and_degree_granting_institutions,Culinary Institute of America,Hyde Park · NY,ciachef.edu,https://ciachef.edu,True,logos/usa_0604_culinary_institute_of_america.png,USA_Universities_Directory.pdf,77
usa-universities_and_degree_granting_institutions-0605,605,USA,universities_and_degree_granting_institutions,Culver-Stockton College,Canton · MO,culver.edu,https://culver.edu,True,logos/usa_0605_culver_stockton_college.png,USA_Universities_Directory.pdf,77
usa-universities_and_degree_granting_institutions-0606,606,USA,universities_and_degree_granting_institutions,Cumberland University,Lebanon · TN,cumberland.edu,https://cumberland.edu,True,logos/usa_0606_cumberland_university.png,USA_Universities_Directory.pdf,77
usa-universities_and_degree_granting_institutions-0607,607,USA,universities_and_degree_granting_institutions,CUNY Bernard M Baruch College,New York · NY,baruch.cuny.edu,https://baruch.cuny.edu,True,logos/usa_0607_cuny_bernard_m_baruch_college.png,USA_Universities_Directory.pdf,77
usa-universities_and_degree_granting_institutions-0608,608,USA,universities_and_degree_granting_institutions,CUNY Brooklyn College,Brooklyn · NY,brooklyn.edu,https://brooklyn.edu,True,logos/usa_0608_cuny_brooklyn_college.png,USA_Universities_Directory.pdf,77
usa-universities_and_degree_granting_institutions-0609,609,USA,universities_and_degree_granting_institutions,CUNY City College,New York · NY,ccny.cuny.edu,https://ccny.cuny.edu,True,logos/usa_0609_cuny_city_college.png,USA_Universities_Directory.pdf,78
usa-universities_and_degree_granting_institutions-0610,610,USA,universities_and_degree_granting_institutions,CUNY Graduate School and University Center,New York · NY,gc.cuny.edu,https://gc.cuny.edu,True,logos/usa_0610_cuny_graduate_school_and_university_center.png,USA_Universities_Directory.pdf,78
usa-universities_and_degree_granting_institutions-0611,611,USA,universities_and_degree_granting_institutions,CUNY Hunter College,New York · NY,hunter.cuny.edu,https://hunter.cuny.edu,True,logos/usa_0611_cuny_hunter_college.png,USA_Universities_Directory.pdf,78
usa-universities_and_degree_granting_institutions-0612,612,USA,universities_and_degree_granting_institutions,CUNY John Jay College of Criminal Justice,New York · NY,jjay.cuny.edu,https://jjay.cuny.edu,True,logos/usa_0612_cuny_john_jay_college_of_criminal_justice.png,USA_Universities_Directory.pdf,78
usa-universities_and_degree_granting_institutions-0613,613,USA,universities_and_degree_granting_institutions,CUNY Lehman College,Bronx · NY,lehman.edu,https://lehman.edu,True,logos/usa_0613_cuny_lehman_college.png,USA_Universities_Directory.pdf,78
usa-universities_and_degree_granting_institutions-0614,614,USA,universities_and_degree_granting_institutions,CUNY Medgar Evers College,Brooklyn · NY,mec.cuny.edu,https://mec.cuny.edu,True,logos/usa_0614_cuny_medgar_evers_college.png,USA_Universities_Directory.pdf,78
usa-universities_and_degree_granting_institutions-0615,615,USA,universities_and_degree_granting_institutions,CUNY New York City College of Technology,Brooklyn · NY,citytech.cuny.edu,https://citytech.cuny.edu,True,logos/usa_0615_cuny_new_york_city_college_of_technology.png,USA_Universities_Directory.pdf,78
usa-universities_and_degree_granting_institutions-0616,616,USA,universities_and_degree_granting_institutions,CUNY Queens College,Queens · NY,qc.cuny.edu,https://qc.cuny.edu,True,logos/usa_0616_cuny_queens_college.png,USA_Universities_Directory.pdf,78
usa-universities_and_degree_granting_institutions-0617,617,USA,universities_and_degree_granting_institutions,CUNY School of Law,Long Island City · NY,law.cuny.edu,https://law.cuny.edu,True,logos/usa_0617_cuny_school_of_law.png,USA_Universities_Directory.pdf,79
usa-universities_and_degree_granting_institutions-0618,618,USA,universities_and_degree_granting_institutions,CUNY System Office,New York · NY,www2.cuny.edu,https://www2.cuny.edu,True,logos/usa_0618_cuny_system_office.png,USA_Universities_Directory.pdf,79
usa-universities_and_degree_granting_institutions-0619,619,USA,universities_and_degree_granting_institutions,CUNY York College,Jamaica · NY,york.cuny.edu,https://york.cuny.edu,True,logos/usa_0619_cuny_york_college.png,USA_Universities_Directory.pdf,79
usa-universities_and_degree_granting_institutions-0620,620,USA,universities_and_degree_granting_institutions,Curry College,Milton · MA,curry.edu,https://curry.edu,True,logos/usa_0620_curry_college.png,USA_Universities_Directory.pdf,79
usa-universities_and_degree_granting_institutions-0621,621,USA,universities_and_degree_granting_institutions,Curtis Institute of Music,Philadelphia · PA,curtis.edu,https://curtis.edu,True,logos/usa_0621_curtis_institute_of_music.png,USA_Universities_Directory.pdf,79
usa-universities_and_degree_granting_institutions-0622,622,USA,universities_and_degree_granting_institutions,Cypress College,Cypress · CA,cypresscollege.edu,https://cypresscollege.edu,True,logos/usa_0622_cypress_college.png,USA_Universities_Directory.pdf,79
usa-universities_and_degree_granting_institutions-0623,623,USA,universities_and_degree_granting_institutions,D'Youville University,Buffalo · NY,dyu.edu,https://dyu.edu,True,logos/usa_0623_d_youville_university.png,USA_Universities_Directory.pdf,79
usa-universities_and_degree_granting_institutions-0624,624,USA,universities_and_degree_granting_institutions,Daemen University,Amherst · NY,daemen.edu,https://daemen.edu,True,logos/usa_0624_daemen_university.png,USA_Universities_Directory.pdf,79
usa-universities_and_degree_granting_institutions-0625,625,USA,universities_and_degree_granting_institutions,Dakota State University,Madison · SD,dsu.edu,https://dsu.edu,True,logos/usa_0625_dakota_state_university.png,USA_Universities_Directory.pdf,80
usa-universities_and_degree_granting_institutions-0626,626,USA,universities_and_degree_granting_institutions,Dakota Wesleyan University,Mitchell · SD,dwu.edu,https://dwu.edu,True,logos/usa_0626_dakota_wesleyan_university.png,USA_Universities_Directory.pdf,80
usa-universities_and_degree_granting_institutions-0627,627,USA,universities_and_degree_granting_institutions,Dallas Baptist University,Dallas · TX,dbu.edu,https://dbu.edu,True,logos/usa_0627_dallas_baptist_university.png,USA_Universities_Directory.pdf,80
usa-universities_and_degree_granting_institutions-0628,628,USA,universities_and_degree_granting_institutions,Dallas Christian College,Dallas · TX,dallas.edu,https://dallas.edu,True,logos/usa_0628_dallas_christian_college.png,USA_Universities_Directory.pdf,80
usa-universities_and_degree_granting_institutions-0629,629,USA,universities_and_degree_granting_institutions,Dallas College,Dallas · TX,dallascollege.edu,https://dallascollege.edu,True,logos/usa_0629_dallas_college.png,USA_Universities_Directory.pdf,80
usa-universities_and_degree_granting_institutions-0630,630,USA,universities_and_degree_granting_institutions,Dallas Theological Seminary,Dallas · TX,dts.edu,https://dts.edu,True,logos/usa_0630_dallas_theological_seminary.png,USA_Universities_Directory.pdf,80
usa-universities_and_degree_granting_institutions-0631,631,USA,universities_and_degree_granting_institutions,Dalton State College,Dalton · GA,daltonstate.edu,https://daltonstate.edu,True,logos/usa_0631_dalton_state_college.png,USA_Universities_Directory.pdf,80
usa-universities_and_degree_granting_institutions-0632,632,USA,universities_and_degree_granting_institutions,Daoist Traditions College of Chinese Medical Arts,Asheville · NC,daoisttraditions.edu,https://daoisttraditions.edu,True,logos/usa_0632_daoist_traditions_college_of_chinese_medical_arts.png,USA_Universities_Directory.pdf,80
usa-universities_and_degree_granting_institutions-0633,633,USA,universities_and_degree_granting_institutions,Dartmouth College,Hanover · NH,dartmouth.edu,https://dartmouth.edu,True,logos/usa_0633_dartmouth_college.png,USA_Universities_Directory.pdf,81
usa-universities_and_degree_granting_institutions-0634,634,USA,universities_and_degree_granting_institutions,Davenport University,Grand Rapids · MI,davenport.edu,https://davenport.edu,True,logos/usa_0634_davenport_university.png,USA_Universities_Directory.pdf,81
usa-universities_and_degree_granting_institutions-0635,635,USA,universities_and_degree_granting_institutions,Davidson College,Davidson · NC,davidson.edu,https://davidson.edu,True,logos/usa_0635_davidson_college.png,USA_Universities_Directory.pdf,81
usa-universities_and_degree_granting_institutions-0636,636,USA,universities_and_degree_granting_institutions,Davis & Elkins College,Elkins · WV,dewv.edu,https://dewv.edu,True,logos/usa_0636_davis_elkins_college.png,USA_Universities_Directory.pdf,81
usa-universities_and_degree_granting_institutions-0637,637,USA,universities_and_degree_granting_institutions,Davis College,Pottersville · NY,davisny.edu,https://davisny.edu,True,logos/usa_0637_davis_college.png,USA_Universities_Directory.pdf,81
usa-universities_and_degree_granting_institutions-0638,638,USA,universities_and_degree_granting_institutions,Davis College,Toledo · OH,davisny.edu,https://davisny.edu,True,logos/usa_0638_davis_college.png,USA_Universities_Directory.pdf,81
usa-universities_and_degree_granting_institutions-0639,639,USA,universities_and_degree_granting_institutions,Daybreak University,Anaheim · CA,daybreak.edu,https://daybreak.edu,True,logos/usa_0639_daybreak_university.png,USA_Universities_Directory.pdf,81
usa-universities_and_degree_granting_institutions-0640,640,USA,universities_and_degree_granting_institutions,Daytona College,Ormond Beach · FL,daytonacollege.edu,https://daytonacollege.edu,True,logos/usa_0640_daytona_college.png,USA_Universities_Directory.pdf,81
usa-universities_and_degree_granting_institutions-0641,641,USA,universities_and_degree_granting_institutions,Daytona State College,Daytona Beach · FL,daytonastate.edu,https://daytonastate.edu,True,logos/usa_0641_daytona_state_college.png,USA_Universities_Directory.pdf,82
usa-universities_and_degree_granting_institutions-0642,642,USA,universities_and_degree_granting_institutions,Dean College,Franklin · MA,dean.edu,https://dean.edu,True,logos/usa_0642_dean_college.png,USA_Universities_Directory.pdf,82
usa-universities_and_degree_granting_institutions-0643,643,USA,universities_and_degree_granting_institutions,Defiance College,Defiance · OH,defiance.edu,https://defiance.edu,True,logos/usa_0643_defiance_college.png,USA_Universities_Directory.pdf,82
usa-universities_and_degree_granting_institutions-0644,644,USA,universities_and_degree_granting_institutions,Del Mar College,Corpus Christi · TX,delmar.edu,https://delmar.edu,True,logos/usa_0644_del_mar_college.png,USA_Universities_Directory.pdf,82
usa-universities_and_degree_granting_institutions-0645,645,USA,universities_and_degree_granting_institutions,Delaware State University,Dover · DE,desu.edu,https://desu.edu,True,logos/usa_0645_delaware_state_university.png,USA_Universities_Directory.pdf,82
usa-universities_and_degree_granting_institutions-0646,646,USA,universities_and_degree_granting_institutions,Delaware Technical Community College-Central Office,Dover · DE,dtcc.edu,https://dtcc.edu,True,logos/usa_0646_delaware_technical_community_college_central_office.png,USA_Universities_Directory.pdf,82
usa-universities_and_degree_granting_institutions-0647,647,USA,universities_and_degree_granting_institutions,Delaware Technical Community College-Terry,Dover · DE,dtcc.edu,https://dtcc.edu,True,logos/usa_0647_delaware_technical_community_college_terry.png,USA_Universities_Directory.pdf,82
usa-universities_and_degree_granting_institutions-0648,648,USA,universities_and_degree_granting_institutions,Delaware Valley University,Doylestown · PA,delval.edu,https://delval.edu,True,logos/usa_0648_delaware_valley_university.png,USA_Universities_Directory.pdf,82
usa-universities_and_degree_granting_institutions-0649,649,USA,universities_and_degree_granting_institutions,Delta State University,Cleveland · MS,deltastate.edu,https://deltastate.edu,True,logos/usa_0649_delta_state_university.png,USA_Universities_Directory.pdf,83
usa-universities_and_degree_granting_institutions-0650,650,USA,universities_and_degree_granting_institutions,Denison University,Granville · OH,denison.edu,https://denison.edu,True,logos/usa_0650_denison_university.png,USA_Universities_Directory.pdf,83
usa-universities_and_degree_granting_institutions-0651,651,USA,universities_and_degree_granting_institutions,Denver College of Nursing,Denver · CO,denvercollegeofnursing.edu,https://denvercollegeofnursing.edu,True,logos/usa_0651_denver_college_of_nursing.png,USA_Universities_Directory.pdf,83
usa-universities_and_degree_granting_institutions-0652,652,USA,universities_and_degree_granting_institutions,Denver College of Nursing-Houston,Houston · TX,denvercollegeofnursing.edu,https://denvercollegeofnursing.edu,True,logos/usa_0652_denver_college_of_nursing_houston.png,USA_Universities_Directory.pdf,83
usa-universities_and_degree_granting_institutions-0653,653,USA,universities_and_degree_granting_institutions,Denver Seminary,Littleton · CO,denverseminary.edu,https://denverseminary.edu,True,logos/usa_0653_denver_seminary.png,USA_Universities_Directory.pdf,83
usa-universities_and_degree_granting_institutions-0654,654,USA,universities_and_degree_granting_institutions,DePaul University,Chicago · IL,depaul.edu,https://depaul.edu,True,logos/usa_0654_depaul_university.png,USA_Universities_Directory.pdf,83
usa-universities_and_degree_granting_institutions-0655,655,USA,universities_and_degree_granting_institutions,DePauw University,Greencastle · IN,depauw.edu,https://depauw.edu,True,logos/usa_0655_depauw_university.png,USA_Universities_Directory.pdf,83
usa-universities_and_degree_granting_institutions-0656,656,USA,universities_and_degree_granting_institutions,Des Moines University-Osteopathic Medical Center,West Des Moines · IA,dmu.edu,https://dmu.edu,True,logos/usa_0656_des_moines_university_osteopathic_medical_center.png,USA_Universities_Directory.pdf,83
usa-universities_and_degree_granting_institutions-0657,657,USA,universities_and_degree_granting_institutions,DeSales University,Center Valley · PA,desales.edu,https://desales.edu,True,logos/usa_0657_desales_university.png,USA_Universities_Directory.pdf,84
usa-universities_and_degree_granting_institutions-0658,658,USA,universities_and_degree_granting_institutions,Design Institute of San Diego,San Diego · CA,disd.edu,https://disd.edu,True,logos/usa_0658_design_institute_of_san_diego.png,USA_Universities_Directory.pdf,84
usa-universities_and_degree_granting_institutions-0659,659,USA,universities_and_degree_granting_institutions,DeVry College of New York,New York · NY,devry.edu,https://devry.edu,True,logos/usa_0659_devry_college_of_new_york.png,USA_Universities_Directory.pdf,84
usa-universities_and_degree_granting_institutions-0660,660,USA,universities_and_degree_granting_institutions,DeVry University-Administrative Office,Lisle · IL,devry.edu,https://devry.edu,True,logos/usa_0660_devry_university_administrative_office.png,USA_Universities_Directory.pdf,84
usa-universities_and_degree_granting_institutions-0661,661,USA,universities_and_degree_granting_institutions,DeVry University-Arizona,Phoenix · AZ,devry.edu,https://devry.edu,True,logos/usa_0661_devry_university_arizona.png,USA_Universities_Directory.pdf,84
usa-universities_and_degree_granting_institutions-0662,662,USA,universities_and_degree_granting_institutions,DeVry University-California,Ontario · CA,devry.edu,https://devry.edu,True,logos/usa_0662_devry_university_california.png,USA_Universities_Directory.pdf,84
usa-universities_and_degree_granting_institutions-0663,663,USA,universities_and_degree_granting_institutions,DeVry University-Florida,Orlando · FL,devry.edu,https://devry.edu,True,logos/usa_0663_devry_university_florida.png,USA_Universities_Directory.pdf,84
usa-universities_and_degree_granting_institutions-0664,664,USA,universities_and_degree_granting_institutions,DeVry University-Georgia,Decatur · GA,devry.edu,https://devry.edu,True,logos/usa_0664_devry_university_georgia.png,USA_Universities_Directory.pdf,84
usa-universities_and_degree_granting_institutions-0665,665,USA,universities_and_degree_granting_institutions,DeVry University-Illinois,Lisle · IL,devry.edu,https://devry.edu,True,logos/usa_0665_devry_university_illinois.png,USA_Universities_Directory.pdf,85
usa-universities_and_degree_granting_institutions-0666,666,USA,universities_and_degree_granting_institutions,DeVry University-Nevada,Henderson · NV,devry.edu,https://devry.edu,True,logos/usa_0666_devry_university_nevada.png,USA_Universities_Directory.pdf,85
usa-universities_and_degree_granting_institutions-0667,667,USA,universities_and_degree_granting_institutions,DeVry University-New Jersey,Iselin · NJ,devry.edu,https://devry.edu,True,logos/usa_0667_devry_university_new_jersey.png,USA_Universities_Directory.pdf,85
usa-universities_and_degree_granting_institutions-0668,668,USA,universities_and_degree_granting_institutions,DeVry University-Ohio,Columbus · OH,devry.edu,https://devry.edu,True,logos/usa_0668_devry_university_ohio.png,USA_Universities_Directory.pdf,85
usa-universities_and_degree_granting_institutions-0669,669,USA,universities_and_degree_granting_institutions,DeVry University-Texas,Irving · TX,devry.edu,https://devry.edu,True,logos/usa_0669_devry_university_texas.png,USA_Universities_Directory.pdf,85
usa-universities_and_degree_granting_institutions-0670,670,USA,universities_and_degree_granting_institutions,DeVry University-Virginia,Arlington · VA,devry.edu,https://devry.edu,True,logos/usa_0670_devry_university_virginia.png,USA_Universities_Directory.pdf,85
usa-universities_and_degree_granting_institutions-0671,671,USA,universities_and_degree_granting_institutions,Dewey University-Carolina,Carolina · PR,dewey.edu,https://dewey.edu,True,logos/usa_0671_dewey_university_carolina.png,USA_Universities_Directory.pdf,85
usa-universities_and_degree_granting_institutions-0672,672,USA,universities_and_degree_granting_institutions,Dewey University-Hato Rey,Hato Rey · PR,dewey.edu,https://dewey.edu,True,logos/usa_0672_dewey_university_hato_rey.png,USA_Universities_Directory.pdf,85
usa-universities_and_degree_granting_institutions-0673,673,USA,universities_and_degree_granting_institutions,Dewey University-Juana Díaz,Juana Diaz · PR,dewey.edu,https://dewey.edu,True,logos/usa_0673_dewey_university_juana_d_az.png,USA_Universities_Directory.pdf,86
usa-universities_and_degree_granting_institutions-0674,674,USA,universities_and_degree_granting_institutions,Dewey University-Manati,Manati · PR,dewey.edu,https://dewey.edu,True,logos/usa_0674_dewey_university_manati.png,USA_Universities_Directory.pdf,86
usa-universities_and_degree_granting_institutions-0675,675,USA,universities_and_degree_granting_institutions,DHARMA REALM BUDDHIST UNIVERSITY,Ukiah · CA,drbu.edu,https://drbu.edu,True,logos/usa_0675_dharma_realm_buddhist_university.png,USA_Universities_Directory.pdf,86
usa-universities_and_degree_granting_institutions-0676,676,USA,universities_and_degree_granting_institutions,Dickinson College,Carlisle · PA,dickinson.edu,https://dickinson.edu,True,logos/usa_0676_dickinson_college.png,USA_Universities_Directory.pdf,86
usa-universities_and_degree_granting_institutions-0677,677,USA,universities_and_degree_granting_institutions,Dickinson State University,Dickinson · ND,dickinsonstate.edu,https://dickinsonstate.edu,True,logos/usa_0677_dickinson_state_university.png,USA_Universities_Directory.pdf,86
usa-universities_and_degree_granting_institutions-0678,678,USA,universities_and_degree_granting_institutions,DigiPen Institute of Technology,Redmond · WA,digipen.edu,https://digipen.edu,True,logos/usa_0678_digipen_institute_of_technology.png,USA_Universities_Directory.pdf,86
usa-universities_and_degree_granting_institutions-0679,679,USA,universities_and_degree_granting_institutions,Dillard University,New Orleans · LA,dillard.edu,https://dillard.edu,True,logos/usa_0679_dillard_university.png,USA_Universities_Directory.pdf,86
usa-universities_and_degree_granting_institutions-0680,680,USA,universities_and_degree_granting_institutions,Dine College,Tsaile · AZ,dinecollege.edu,https://dinecollege.edu,True,logos/usa_0680_dine_college.png,USA_Universities_Directory.pdf,86
usa-universities_and_degree_granting_institutions-0681,681,USA,universities_and_degree_granting_institutions,Divine Mercy University,Sterling · VA,divinemercy.edu,https://divinemercy.edu,True,logos/usa_0681_divine_mercy_university.png,USA_Universities_Directory.pdf,87
usa-universities_and_degree_granting_institutions-0682,682,USA,universities_and_degree_granting_institutions,Divine Word College,Epworth · IA,dwci.edu,https://dwci.edu,True,logos/usa_0682_divine_word_college.png,USA_Universities_Directory.pdf,87
usa-universities_and_degree_granting_institutions-0683,683,USA,universities_and_degree_granting_institutions,Doane University,Crete · NE,doane.edu,https://doane.edu,True,logos/usa_0683_doane_university.png,USA_Universities_Directory.pdf,87
usa-universities_and_degree_granting_institutions-0684,684,USA,universities_and_degree_granting_institutions,Dominican School of Philosophy & Theology,Berkeley · CA,dspt.edu,https://dspt.edu,True,logos/usa_0684_dominican_school_of_philosophy_theology.png,USA_Universities_Directory.pdf,87
usa-universities_and_degree_granting_institutions-0685,685,USA,universities_and_degree_granting_institutions,Dominican University,River Forest · IL,dom.edu,https://dom.edu,True,logos/usa_0685_dominican_university.png,USA_Universities_Directory.pdf,87
usa-universities_and_degree_granting_institutions-0686,686,USA,universities_and_degree_granting_institutions,Dominican University New York,Orangeburg · NY,duny.edu,https://duny.edu,True,logos/usa_0686_dominican_university_new_york.png,USA_Universities_Directory.pdf,87
usa-universities_and_degree_granting_institutions-0687,687,USA,universities_and_degree_granting_institutions,Dominican University of California,San Rafael · CA,dominican.edu,https://dominican.edu,True,logos/usa_0687_dominican_university_of_california.png,USA_Universities_Directory.pdf,87
usa-universities_and_degree_granting_institutions-0688,688,USA,universities_and_degree_granting_institutions,Dongguk University Los Angeles,Los Angeles · CA,dula.edu,https://dula.edu,True,logos/usa_0688_dongguk_university_los_angeles.png,USA_Universities_Directory.pdf,87
usa-universities_and_degree_granting_institutions-0689,689,USA,universities_and_degree_granting_institutions,Donnelly College,Kansas City · KS,donnelly.edu,https://donnelly.edu,True,logos/usa_0689_donnelly_college.png,USA_Universities_Directory.pdf,88
usa-universities_and_degree_granting_institutions-0690,690,USA,universities_and_degree_granting_institutions,Doral College,Doral · FL,doral.edu,https://doral.edu,True,logos/usa_0690_doral_college.png,USA_Universities_Directory.pdf,88
usa-universities_and_degree_granting_institutions-0691,691,USA,universities_and_degree_granting_institutions,Dordt University,Sioux Center · IA,dordt.edu,https://dordt.edu,True,logos/usa_0691_dordt_university.png,USA_Universities_Directory.pdf,88
usa-universities_and_degree_granting_institutions-0692,692,USA,universities_and_degree_granting_institutions,Dragon Rises College of Oriental Medicine,Bradenton · FL,dragonrises.edu,https://dragonrises.edu,False,,USA_Universities_Directory.pdf,88
usa-universities_and_degree_granting_institutions-0693,693,USA,universities_and_degree_granting_institutions,Drake University,Des Moines · IA,drake.edu,https://drake.edu,True,logos/usa_0693_drake_university.png,USA_Universities_Directory.pdf,88
usa-universities_and_degree_granting_institutions-0694,694,USA,universities_and_degree_granting_institutions,Drew University,Madison · NJ,drew.edu,https://drew.edu,True,logos/usa_0694_drew_university.png,USA_Universities_Directory.pdf,88
usa-universities_and_degree_granting_institutions-0695,695,USA,universities_and_degree_granting_institutions,Drexel University,Philadelphia · PA,drexel.edu,https://drexel.edu,True,logos/usa_0695_drexel_university.png,USA_Universities_Directory.pdf,88
usa-universities_and_degree_granting_institutions-0696,696,USA,universities_and_degree_granting_institutions,Drury University,Springfield · MO,drury.edu,https://drury.edu,True,logos/usa_0696_drury_university.png,USA_Universities_Directory.pdf,88
usa-universities_and_degree_granting_institutions-0697,697,USA,universities_and_degree_granting_institutions,Drury University-College of Continuing Professional Studies,Springfield · MO,drury.edu,https://drury.edu,True,logos/usa_0697_drury_university_college_of_continuing_professional_studies.png,USA_Universities_Directory.pdf,89
usa-universities_and_degree_granting_institutions-0698,698,USA,universities_and_degree_granting_institutions,Duke University,Durham · NC,duke.edu,https://duke.edu,True,logos/usa_0698_duke_university.png,USA_Universities_Directory.pdf,89
usa-universities_and_degree_granting_institutions-0699,699,USA,universities_and_degree_granting_institutions,Dunwoody College of Technology,Minneapolis · MN,dunwoody.edu,https://dunwoody.edu,True,logos/usa_0699_dunwoody_college_of_technology.png,USA_Universities_Directory.pdf,89
usa-universities_and_degree_granting_institutions-0700,700,USA,universities_and_degree_granting_institutions,Duquesne University,Pittsburgh · PA,duq.edu,https://duq.edu,True,logos/usa_0700_duquesne_university.png,USA_Universities_Directory.pdf,89
usa-universities_and_degree_granting_institutions-0701,701,USA,universities_and_degree_granting_institutions,Eagle Gate College-Boise Campus,Boise · ID,eaglegatecollege.edu,https://eaglegatecollege.edu,True,logos/usa_0701_eagle_gate_college_boise_campus.png,USA_Universities_Directory.pdf,89
usa-universities_and_degree_granting_institutions-0702,702,USA,universities_and_degree_granting_institutions,Eagle Gate College-Layton,Layton · UT,eaglegatecollege.edu,https://eaglegatecollege.edu,True,logos/usa_0702_eagle_gate_college_layton.png,USA_Universities_Directory.pdf,89
usa-universities_and_degree_granting_institutions-0703,703,USA,universities_and_degree_granting_institutions,Eagle Gate College-Murray,Murray · UT,eaglegatecollege.edu,https://eaglegatecollege.edu,True,logos/usa_0703_eagle_gate_college_murray.png,USA_Universities_Directory.pdf,89
usa-universities_and_degree_granting_institutions-0704,704,USA,universities_and_degree_granting_institutions,Earlham College,Richmond · IN,earlham.edu,https://earlham.edu,True,logos/usa_0704_earlham_college.png,USA_Universities_Directory.pdf,89
usa-universities_and_degree_granting_institutions-0705,705,USA,universities_and_degree_granting_institutions,East Carolina University,Greenville · NC,ecu.edu,https://ecu.edu,True,logos/usa_0705_east_carolina_university.png,USA_Universities_Directory.pdf,90
usa-universities_and_degree_granting_institutions-0706,706,USA,universities_and_degree_granting_institutions,East Central University,Ada · OK,ecok.edu,https://ecok.edu,True,logos/usa_0706_east_central_university.png,USA_Universities_Directory.pdf,90
usa-universities_and_degree_granting_institutions-0707,707,USA,universities_and_degree_granting_institutions,East Georgia State College,Swainsboro · GA,ega.edu,https://ega.edu,True,logos/usa_0707_east_georgia_state_college.png,USA_Universities_Directory.pdf,90
usa-universities_and_degree_granting_institutions-0708,708,USA,universities_and_degree_granting_institutions,East Stroudsburg University of Pennsylvania,East Stroudsburg · PA,esu.edu,https://esu.edu,True,logos/usa_0708_east_stroudsburg_university_of_pennsylvania.png,USA_Universities_Directory.pdf,90
usa-universities_and_degree_granting_institutions-0709,709,USA,universities_and_degree_granting_institutions,East Tennessee State University,Johnson City · TN,etsu.edu,https://etsu.edu,True,logos/usa_0709_east_tennessee_state_university.png,USA_Universities_Directory.pdf,90
usa-universities_and_degree_granting_institutions-0710,710,USA,universities_and_degree_granting_institutions,East Texas A&M University,Commerce · TX,etamu.edu,https://etamu.edu,True,logos/usa_0710_east_texas_a_m_university.png,USA_Universities_Directory.pdf,90
usa-universities_and_degree_granting_institutions-0711,711,USA,universities_and_degree_granting_institutions,East Texas Baptist University,Marshall · TX,etbu.edu,https://etbu.edu,True,logos/usa_0711_east_texas_baptist_university.png,USA_Universities_Directory.pdf,90
usa-universities_and_degree_granting_institutions-0712,712,USA,universities_and_degree_granting_institutions,East West College of Natural Medicine,Sarasota · FL,ewcollege.edu,https://ewcollege.edu,True,logos/usa_0712_east_west_college_of_natural_medicine.png,USA_Universities_Directory.pdf,90
usa-universities_and_degree_granting_institutions-0713,713,USA,universities_and_degree_granting_institutions,East-West University,Chicago · IL,eastwest.edu,https://eastwest.edu,True,logos/usa_0713_east_west_university.png,USA_Universities_Directory.pdf,91
usa-universities_and_degree_granting_institutions-0714,714,USA,universities_and_degree_granting_institutions,Eastern Arizona College,Thatcher · AZ,eac.edu,https://eac.edu,True,logos/usa_0714_eastern_arizona_college.png,USA_Universities_Directory.pdf,91
usa-universities_and_degree_granting_institutions-0715,715,USA,universities_and_degree_granting_institutions,Eastern Connecticut State University,Willimantic · CT,easternct.edu,https://easternct.edu,True,logos/usa_0715_eastern_connecticut_state_university.png,USA_Universities_Directory.pdf,91
usa-universities_and_degree_granting_institutions-0716,716,USA,universities_and_degree_granting_institutions,Eastern Florida State College,Melbourne · FL,easternflorida.edu,https://easternflorida.edu,True,logos/usa_0716_eastern_florida_state_college.png,USA_Universities_Directory.pdf,91
usa-universities_and_degree_granting_institutions-0717,717,USA,universities_and_degree_granting_institutions,Eastern Illinois University,Charleston · IL,eiu.edu,https://eiu.edu,True,logos/usa_0717_eastern_illinois_university.png,USA_Universities_Directory.pdf,91
usa-universities_and_degree_granting_institutions-0718,718,USA,universities_and_degree_granting_institutions,Eastern International College-Jersey City,Jersey City · NJ,eicollege.edu,https://eicollege.edu,True,logos/usa_0718_eastern_international_college_jersey_city.png,USA_Universities_Directory.pdf,91
usa-universities_and_degree_granting_institutions-0719,719,USA,universities_and_degree_granting_institutions,Eastern Kentucky University,Richmond · KY,eku.edu,https://eku.edu,True,logos/usa_0719_eastern_kentucky_university.png,USA_Universities_Directory.pdf,91
usa-universities_and_degree_granting_institutions-0720,720,USA,universities_and_degree_granting_institutions,Eastern Mennonite University,Harrisonburg · VA,emu.edu,https://emu.edu,True,logos/usa_0720_eastern_mennonite_university.png,USA_Universities_Directory.pdf,91
usa-universities_and_degree_granting_institutions-0721,721,USA,universities_and_degree_granting_institutions,Eastern Michigan University,Ypsilanti · MI,emich.edu,https://emich.edu,True,logos/usa_0721_eastern_michigan_university.png,USA_Universities_Directory.pdf,92
usa-universities_and_degree_granting_institutions-0722,722,USA,universities_and_degree_granting_institutions,Eastern Nazarene College,Quincy · MA,enc.edu,https://enc.edu,True,logos/usa_0722_eastern_nazarene_college.png,USA_Universities_Directory.pdf,92
usa-universities_and_degree_granting_institutions-0723,723,USA,universities_and_degree_granting_institutions,Eastern New Mexico University-Main Campus,Portales · NM,enmu.edu,https://enmu.edu,True,logos/usa_0723_eastern_new_mexico_university_main_campus.png,USA_Universities_Directory.pdf,92
usa-universities_and_degree_granting_institutions-0724,724,USA,universities_and_degree_granting_institutions,Eastern Oregon University,La Grande · OR,eou.edu,https://eou.edu,True,logos/usa_0724_eastern_oregon_university.png,USA_Universities_Directory.pdf,92
usa-universities_and_degree_granting_institutions-0725,725,USA,universities_and_degree_granting_institutions,Eastern School of Acupuncture and Traditional Medicine,Bloomfield · NJ,esatm.edu,https://esatm.edu,True,logos/usa_0725_eastern_school_of_acupuncture_and_traditional_medicine.png,USA_Universities_Directory.pdf,92
usa-universities_and_degree_granting_institutions-0726,726,USA,universities_and_degree_granting_institutions,Eastern University,Saint Davids · PA,eastern.edu,https://eastern.edu,True,logos/usa_0726_eastern_university.png,USA_Universities_Directory.pdf,92
usa-universities_and_degree_granting_institutions-0727,727,USA,universities_and_degree_granting_institutions,Eastern Virginia Medical School,Norfolk · VA,evms.edu,https://evms.edu,True,logos/usa_0727_eastern_virginia_medical_school.png,USA_Universities_Directory.pdf,92
usa-universities_and_degree_granting_institutions-0728,728,USA,universities_and_degree_granting_institutions,Eastern Washington University,Cheney · WA,ewu.edu,https://ewu.edu,True,logos/usa_0728_eastern_washington_university.png,USA_Universities_Directory.pdf,92
usa-universities_and_degree_granting_institutions-0729,729,USA,universities_and_degree_granting_institutions,Eastwick College-Hackensack,Hackensack · NJ,eastwickcollege.edu,https://eastwickcollege.edu,True,logos/usa_0729_eastwick_college_hackensack.png,USA_Universities_Directory.pdf,93
usa-universities_and_degree_granting_institutions-0730,730,USA,universities_and_degree_granting_institutions,Eastwick College-Ramsey,Ramsey · NJ,eastwickcollege.edu,https://eastwickcollege.edu,True,logos/usa_0730_eastwick_college_ramsey.png,USA_Universities_Directory.pdf,93
usa-universities_and_degree_granting_institutions-0731,731,USA,universities_and_degree_granting_institutions,Ecclesia College,Springdale · AR,ecollege.edu,https://ecollege.edu,True,logos/usa_0731_ecclesia_college.png,USA_Universities_Directory.pdf,93
usa-universities_and_degree_granting_institutions-0732,732,USA,universities_and_degree_granting_institutions,Eckerd College,Saint Petersburg · FL,eckerd.edu,https://eckerd.edu,True,logos/usa_0732_eckerd_college.png,USA_Universities_Directory.pdf,93
usa-universities_and_degree_granting_institutions-0733,733,USA,universities_and_degree_granting_institutions,ECPI University,Virginia Beach · VA,ecpi.edu,https://ecpi.edu,True,logos/usa_0733_ecpi_university.png,USA_Universities_Directory.pdf,93
usa-universities_and_degree_granting_institutions-0734,734,USA,universities_and_degree_granting_institutions,Ecumenical Theological Seminary,Detroit · MI,etseminary.edu,https://etseminary.edu,True,logos/usa_0734_ecumenical_theological_seminary.png,USA_Universities_Directory.pdf,93
usa-universities_and_degree_granting_institutions-0735,735,USA,universities_and_degree_granting_institutions,Eden Theological Seminary,Webster Groves · MO,eden.edu,https://eden.edu,True,logos/usa_0735_eden_theological_seminary.png,USA_Universities_Directory.pdf,93
usa-universities_and_degree_granting_institutions-0736,736,USA,universities_and_degree_granting_institutions,Edgewood College,Madison · WI,edgewood.edu,https://edgewood.edu,True,logos/usa_0736_edgewood_college.png,USA_Universities_Directory.pdf,93
usa-universities_and_degree_granting_institutions-0737,737,USA,universities_and_degree_granting_institutions,Edison State Community College,Piqua · OH,edisonohio.edu,https://edisonohio.edu,True,logos/usa_0737_edison_state_community_college.png,USA_Universities_Directory.pdf,94
usa-universities_and_degree_granting_institutions-0738,738,USA,universities_and_degree_granting_institutions,Edmonds College,Lynnwood · WA,edmonds.edu,https://edmonds.edu,True,logos/usa_0738_edmonds_college.png,USA_Universities_Directory.pdf,94
usa-universities_and_degree_granting_institutions-0739,739,USA,universities_and_degree_granting_institutions,EDP University of Puerto Rico Inc-San Juan,San Juan · PR,edpuniversity.edu,https://edpuniversity.edu,True,logos/usa_0739_edp_university_of_puerto_rico_inc_san_juan.png,USA_Universities_Directory.pdf,94
usa-universities_and_degree_granting_institutions-0740,740,USA,universities_and_degree_granting_institutions,EDP University of Puerto Rico Inc-San Sebastian,San Sebastian · PR,edpuniversity.edu,https://edpuniversity.edu,True,logos/usa_0740_edp_university_of_puerto_rico_inc_san_sebastian.png,USA_Universities_Directory.pdf,94
usa-universities_and_degree_granting_institutions-0741,741,USA,universities_and_degree_granting_institutions,EDP University of Puerto Rico-Caguas,Caguas · PR,edpuniversity.edu,https://edpuniversity.edu,True,logos/usa_0741_edp_university_of_puerto_rico_caguas.png,USA_Universities_Directory.pdf,94
usa-universities_and_degree_granting_institutions-0742,742,USA,universities_and_degree_granting_institutions,EDP University of Puerto Rico-Humacao,Humacao · PR,edpuniversity.edu,https://edpuniversity.edu,True,logos/usa_0742_edp_university_of_puerto_rico_humacao.png,USA_Universities_Directory.pdf,94
usa-universities_and_degree_granting_institutions-0743,743,USA,universities_and_degree_granting_institutions,EDP University of Puerto Rico-Manati,Manati · PR,edpuniversity.edu,https://edpuniversity.edu,True,logos/usa_0743_edp_university_of_puerto_rico_manati.png,USA_Universities_Directory.pdf,94
usa-universities_and_degree_granting_institutions-0744,744,USA,universities_and_degree_granting_institutions,EDP University of Puerto Rico-Villalba,Villalba · PR,edpuniversity.edu,https://edpuniversity.edu,True,logos/usa_0744_edp_university_of_puerto_rico_villalba.png,USA_Universities_Directory.pdf,94
usa-universities_and_degree_granting_institutions-0745,745,USA,universities_and_degree_granting_institutions,EDvance College,San Francisco · CA,edvance.edu,https://edvance.edu,True,logos/usa_0745_edvance_college.png,USA_Universities_Directory.pdf,95
usa-universities_and_degree_granting_institutions-0746,746,USA,universities_and_degree_granting_institutions,Edward Via College of Osteopathic Medicine,Blacksburg · VA,vcom.edu,https://vcom.edu,True,logos/usa_0746_edward_via_college_of_osteopathic_medicine.png,USA_Universities_Directory.pdf,95
usa-universities_and_degree_granting_institutions-0747,747,USA,universities_and_degree_granting_institutions,Edward Waters University,Jacksonville · FL,ew.edu,https://ew.edu,True,logos/usa_0747_edward_waters_university.png,USA_Universities_Directory.pdf,95
usa-universities_and_degree_granting_institutions-0748,748,USA,universities_and_degree_granting_institutions,Elim Bible Institute and College,Lima · NY,elim.edu,https://elim.edu,True,logos/usa_0748_elim_bible_institute_and_college.png,USA_Universities_Directory.pdf,95
usa-universities_and_degree_granting_institutions-0749,749,USA,universities_and_degree_granting_institutions,Elizabeth City State University,Elizabeth City · NC,ecsu.edu,https://ecsu.edu,True,logos/usa_0749_elizabeth_city_state_university.png,USA_Universities_Directory.pdf,95
usa-universities_and_degree_granting_institutions-0750,750,USA,universities_and_degree_granting_institutions,Elizabethtown College,Elizabethtown · PA,etown.edu,https://etown.edu,True,logos/usa_0750_elizabethtown_college.png,USA_Universities_Directory.pdf,95
usa-universities_and_degree_granting_institutions-0751,751,USA,universities_and_degree_granting_institutions,Elmezzi Graduate School of Molecular Medicine,Manhasset · NY,northwell.edu,https://northwell.edu,True,logos/usa_0751_elmezzi_graduate_school_of_molecular_medicine.png,USA_Universities_Directory.pdf,95
usa-universities_and_degree_granting_institutions-0752,752,USA,universities_and_degree_granting_institutions,Elmhurst University,Elmhurst · IL,elmhurst.edu,https://elmhurst.edu,True,logos/usa_0752_elmhurst_university.png,USA_Universities_Directory.pdf,95
usa-universities_and_degree_granting_institutions-0753,753,USA,universities_and_degree_granting_institutions,Elmira College,Elmira · NY,elmira.edu,https://elmira.edu,True,logos/usa_0753_elmira_college.png,USA_Universities_Directory.pdf,96
usa-universities_and_degree_granting_institutions-0754,754,USA,universities_and_degree_granting_institutions,Elon University,Elon · NC,elon.edu,https://elon.edu,True,logos/usa_0754_elon_university.png,USA_Universities_Directory.pdf,96
usa-universities_and_degree_granting_institutions-0755,755,USA,universities_and_degree_granting_institutions,Embry-Riddle Aeronautical University-Daytona Beach,Daytona Beach · FL,daytonabeach.erau.edu,https://daytonabeach.erau.edu,True,logos/usa_0755_embry_riddle_aeronautical_university_daytona_beach.png,USA_Universities_Directory.pdf,96
usa-universities_and_degree_granting_institutions-0756,756,USA,universities_and_degree_granting_institutions,Embry-Riddle Aeronautical University-Prescott,Prescott · AZ,prescott.erau.edu,https://prescott.erau.edu,True,logos/usa_0756_embry_riddle_aeronautical_university_prescott.png,USA_Universities_Directory.pdf,96
usa-universities_and_degree_granting_institutions-0757,757,USA,universities_and_degree_granting_institutions,Embry-Riddle Aeronautical University-Worldwide,Daytona Beach · FL,worldwide.erau.edu,https://worldwide.erau.edu,True,logos/usa_0757_embry_riddle_aeronautical_university_worldwide.png,USA_Universities_Directory.pdf,96
usa-universities_and_degree_granting_institutions-0758,758,USA,universities_and_degree_granting_institutions,Emerson College,Boston · MA,emerson.edu,https://emerson.edu,True,logos/usa_0758_emerson_college.png,USA_Universities_Directory.pdf,96
usa-universities_and_degree_granting_institutions-0759,759,USA,universities_and_degree_granting_institutions,Emmanuel College,Boston · MA,emmanuel.edu,https://emmanuel.edu,True,logos/usa_0759_emmanuel_college.png,USA_Universities_Directory.pdf,96
usa-universities_and_degree_granting_institutions-0760,760,USA,universities_and_degree_granting_institutions,Emmanuel University,Franklin Springs · GA,eu.edu,https://eu.edu,True,logos/usa_0760_emmanuel_university.png,USA_Universities_Directory.pdf,96
usa-universities_and_degree_granting_institutions-0761,761,USA,universities_and_degree_granting_institutions,Emmaus Bible College,Dubuque · IA,emmaus.edu,https://emmaus.edu,True,logos/usa_0761_emmaus_bible_college.png,USA_Universities_Directory.pdf,97
usa-universities_and_degree_granting_institutions-0762,762,USA,universities_and_degree_granting_institutions,Emory & Henry University,Emory · VA,emoryhenry.edu,https://emoryhenry.edu,True,logos/usa_0762_emory_henry_university.png,USA_Universities_Directory.pdf,97
usa-universities_and_degree_granting_institutions-0763,763,USA,universities_and_degree_granting_institutions,Emory University,Atlanta · GA,emory.edu,https://emory.edu,True,logos/usa_0763_emory_university.png,USA_Universities_Directory.pdf,97
usa-universities_and_degree_granting_institutions-0764,764,USA,universities_and_degree_granting_institutions,Emperor's College of Traditional Oriental Medicine,Santa Monica,emperors.edu,https://emperors.edu,False,,USA_Universities_Directory.pdf,97
usa-universities_and_degree_granting_institutions-0765,765,USA,universities_and_degree_granting_institutions,Empire State University,Saratoga Springs · NY,sunyempire.edu,https://sunyempire.edu,True,logos/usa_0765_empire_state_university.png,USA_Universities_Directory.pdf,97
usa-universities_and_degree_granting_institutions-0766,766,USA,universities_and_degree_granting_institutions,Emporia State University,Emporia · KS,emporia.edu,https://emporia.edu,True,logos/usa_0766_emporia_state_university.png,USA_Universities_Directory.pdf,97
usa-universities_and_degree_granting_institutions-0767,767,USA,universities_and_degree_granting_institutions,Endicott College,Beverly · MA,endicott.edu,https://endicott.edu,True,logos/usa_0767_endicott_college.png,USA_Universities_Directory.pdf,97
usa-universities_and_degree_granting_institutions-0768,768,USA,universities_and_degree_granting_institutions,Ensign College,Salt Lake City · UT,ensign.edu,https://ensign.edu,True,logos/usa_0768_ensign_college.png,USA_Universities_Directory.pdf,97
usa-universities_and_degree_granting_institutions-0769,769,USA,universities_and_degree_granting_institutions,Epic Bible College & Graduate School,Sacramento · CA,epic.edu,https://epic.edu,True,logos/usa_0769_epic_bible_college_graduate_school.png,USA_Universities_Directory.pdf,98
usa-universities_and_degree_granting_institutions-0770,770,USA,universities_and_degree_granting_institutions,Episcopal Theological Seminary of the Southwest,Austin · TX,ssw.edu,https://ssw.edu,True,logos/usa_0770_episcopal_theological_seminary_of_the_southwest.png,USA_Universities_Directory.pdf,98
usa-universities_and_degree_granting_institutions-0771,771,USA,universities_and_degree_granting_institutions,Erikson Institute,Chicago · IL,erikson.edu,https://erikson.edu,True,logos/usa_0771_erikson_institute.png,USA_Universities_Directory.pdf,98
usa-universities_and_degree_granting_institutions-0772,772,USA,universities_and_degree_granting_institutions,Erskine College,Due West · SC,erskine.edu,https://erskine.edu,True,logos/usa_0772_erskine_college.png,USA_Universities_Directory.pdf,98
usa-universities_and_degree_granting_institutions-0773,773,USA,universities_and_degree_granting_institutions,Escuela de Artes Plasticas y Diseno de Puerto Rico,San Juan · PR,eap.edu,https://eap.edu,True,logos/usa_0773_escuela_de_artes_plasticas_y_diseno_de_puerto_rico.png,USA_Universities_Directory.pdf,98
usa-universities_and_degree_granting_institutions-0774,774,USA,universities_and_degree_granting_institutions,Eureka College,Eureka · IL,eureka.edu,https://eureka.edu,True,logos/usa_0774_eureka_college.png,USA_Universities_Directory.pdf,98
usa-universities_and_degree_granting_institutions-0775,775,USA,universities_and_degree_granting_institutions,Evangel University,Springfield · MO,evangel.edu,https://evangel.edu,True,logos/usa_0775_evangel_university.png,USA_Universities_Directory.pdf,98
usa-universities_and_degree_granting_institutions-0776,776,USA,universities_and_degree_granting_institutions,Evangel University-College of Online Learning,Springfield · MO,evangel.edu,https://evangel.edu,True,logos/usa_0776_evangel_university_college_of_online_learning.png,USA_Universities_Directory.pdf,98
usa-universities_and_degree_granting_institutions-0777,777,USA,universities_and_degree_granting_institutions,Everett Community College,Everett · WA,everettcc.edu,https://everettcc.edu,True,logos/usa_0777_everett_community_college.png,USA_Universities_Directory.pdf,99
usa-universities_and_degree_granting_institutions-0778,778,USA,universities_and_degree_granting_institutions,Everglades University,Boca Raton · FL,evergladesuniversity.edu,https://evergladesuniversity.edu,True,logos/usa_0778_everglades_university.png,USA_Universities_Directory.pdf,99
usa-universities_and_degree_granting_institutions-0779,779,USA,universities_and_degree_granting_institutions,Excelsior University,Albany,excelsior.edu,https://excelsior.edu,True,logos/usa_0779_excelsior_university.png,USA_Universities_Directory.pdf,99
usa-universities_and_degree_granting_institutions-0780,780,USA,universities_and_degree_granting_institutions,Fairfield University,Fairfield · CT,fairfield.edu,https://fairfield.edu,True,logos/usa_0780_fairfield_university.png,USA_Universities_Directory.pdf,99
usa-universities_and_degree_granting_institutions-0781,781,USA,universities_and_degree_granting_institutions,Fairleigh Dickinson University-Florham Campus,Madison · NJ,fdu.edu,https://fdu.edu,True,logos/usa_0781_fairleigh_dickinson_university_florham_campus.png,USA_Universities_Directory.pdf,99
usa-universities_and_degree_granting_institutions-0782,782,USA,universities_and_degree_granting_institutions,Fairleigh Dickinson University-Metropolitan Campus,Teaneck · NJ,fdu.edu,https://fdu.edu,True,logos/usa_0782_fairleigh_dickinson_university_metropolitan_campus.png,USA_Universities_Directory.pdf,99
usa-universities_and_degree_granting_institutions-0783,783,USA,universities_and_degree_granting_institutions,Fairmont State University,Fairmont · WV,fairmontstate.edu,https://fairmontstate.edu,True,logos/usa_0783_fairmont_state_university.png,USA_Universities_Directory.pdf,99
usa-universities_and_degree_granting_institutions-0784,784,USA,universities_and_degree_granting_institutions,Faith Baptist Bible College and Theological Seminary,Ankeny · IA,faith.edu,https://faith.edu,True,logos/usa_0784_faith_baptist_bible_college_and_theological_seminary.png,USA_Universities_Directory.pdf,99
usa-universities_and_degree_granting_institutions-0785,785,USA,universities_and_degree_granting_institutions,Faith International University,Tacoma · WA,faithiu.edu,https://faithiu.edu,True,logos/usa_0785_faith_international_university.png,USA_Universities_Directory.pdf,100
usa-universities_and_degree_granting_institutions-0786,786,USA,universities_and_degree_granting_institutions,Faith Theological Seminary and Christian College,Tampa · FL,ftscc.org,https://ftscc.org,True,logos/usa_0786_faith_theological_seminary_and_christian_college.png,USA_Universities_Directory.pdf,100
usa-universities_and_degree_granting_institutions-0787,787,USA,universities_and_degree_granting_institutions,Family of Faith Christian University,Shawnee · OK,familyoffaith.edu,https://familyoffaith.edu,True,logos/usa_0787_family_of_faith_christian_university.png,USA_Universities_Directory.pdf,100
usa-universities_and_degree_granting_institutions-0788,788,USA,universities_and_degree_granting_institutions,Farmingdale State College,Farmingdale · NY,farmingdale.edu,https://farmingdale.edu,True,logos/usa_0788_farmingdale_state_college.png,USA_Universities_Directory.pdf,100
usa-universities_and_degree_granting_institutions-0789,789,USA,universities_and_degree_granting_institutions,Fashion Institute of Technology,New York · NY,fitnyc.edu,https://fitnyc.edu,True,logos/usa_0789_fashion_institute_of_technology.png,USA_Universities_Directory.pdf,100
usa-universities_and_degree_granting_institutions-0790,790,USA,universities_and_degree_granting_institutions,Faulkner University,Montgomery · AL,faulkner.edu,https://faulkner.edu,True,logos/usa_0790_faulkner_university.png,USA_Universities_Directory.pdf,100
usa-universities_and_degree_granting_institutions-0791,791,USA,universities_and_degree_granting_institutions,Fayetteville State University,Fayetteville · NC,uncfsu.edu,https://uncfsu.edu,True,logos/usa_0791_fayetteville_state_university.png,USA_Universities_Directory.pdf,100
usa-universities_and_degree_granting_institutions-0792,792,USA,universities_and_degree_granting_institutions,Feather River Community College District,Quincy · CA,frc.edu,https://frc.edu,True,logos/usa_0792_feather_river_community_college_district.png,USA_Universities_Directory.pdf,100
usa-universities_and_degree_granting_institutions-0793,793,USA,universities_and_degree_granting_institutions,Felbry College,Columbus · OH,felbrycollege.edu,https://felbrycollege.edu,True,logos/usa_0793_felbry_college.png,USA_Universities_Directory.pdf,101
usa-universities_and_degree_granting_institutions-0794,794,USA,universities_and_degree_granting_institutions,Felician University,Lodi · NJ,felician.edu,https://felician.edu,True,logos/usa_0794_felician_university.png,USA_Universities_Directory.pdf,101
usa-universities_and_degree_granting_institutions-0795,795,USA,universities_and_degree_granting_institutions,Ferris State University,Big Rapids · MI,ferris.edu,https://ferris.edu,True,logos/usa_0795_ferris_state_university.png,USA_Universities_Directory.pdf,101
usa-universities_and_degree_granting_institutions-0796,796,USA,universities_and_degree_granting_institutions,Ferrum College,Ferrum · VA,ferrum.edu,https://ferrum.edu,True,logos/usa_0796_ferrum_college.png,USA_Universities_Directory.pdf,101
usa-universities_and_degree_granting_institutions-0797,797,USA,universities_and_degree_granting_institutions,FIDM-Fashion Institute of Design & Merchandising,Los Angeles · CA,fidm.edu,https://fidm.edu,False,,USA_Universities_Directory.pdf,101
usa-universities_and_degree_granting_institutions-0798,798,USA,universities_and_degree_granting_institutions,Fielding Graduate University,Santa Barbara · CA,fielding.edu,https://fielding.edu,True,logos/usa_0798_fielding_graduate_university.png,USA_Universities_Directory.pdf,101
usa-universities_and_degree_granting_institutions-0799,799,USA,universities_and_degree_granting_institutions,Fisher College,Boston · MA,fisher.edu,https://fisher.edu,True,logos/usa_0799_fisher_college.png,USA_Universities_Directory.pdf,101
usa-universities_and_degree_granting_institutions-0800,800,USA,universities_and_degree_granting_institutions,Fisk University,Nashville · TN,fisk.edu,https://fisk.edu,True,logos/usa_0800_fisk_university.png,USA_Universities_Directory.pdf,101
usa-universities_and_degree_granting_institutions-0801,801,USA,universities_and_degree_granting_institutions,Fitchburg State University,Fitchburg · MA,fitchburgstate.edu,https://fitchburgstate.edu,True,logos/usa_0801_fitchburg_state_university.png,USA_Universities_Directory.pdf,102
usa-universities_and_degree_granting_institutions-0802,802,USA,universities_and_degree_granting_institutions,Five Branches University,Santa Cruz · CA,fivebranches.edu,https://fivebranches.edu,True,logos/usa_0802_five_branches_university.png,USA_Universities_Directory.pdf,102
usa-universities_and_degree_granting_institutions-0803,803,USA,universities_and_degree_granting_institutions,Five Towns College,Dix Hills · NY,ftc.edu,https://ftc.edu,False,,USA_Universities_Directory.pdf,102
usa-universities_and_degree_granting_institutions-0804,804,USA,universities_and_degree_granting_institutions,Flagler College,Saint Augustine · FL,flagler.edu,https://flagler.edu,True,logos/usa_0804_flagler_college.png,USA_Universities_Directory.pdf,102
usa-universities_and_degree_granting_institutions-0805,805,USA,universities_and_degree_granting_institutions,Florida Academy of Nursing,Miramar · FL,fan.edu,https://fan.edu,True,logos/usa_0805_florida_academy_of_nursing.png,USA_Universities_Directory.pdf,102
usa-universities_and_degree_granting_institutions-0806,806,USA,universities_and_degree_granting_institutions,Florida Agricultural and Mechanical University,Tallahassee · FL,famu.edu,https://famu.edu,True,logos/usa_0806_florida_agricultural_and_mechanical_university.png,USA_Universities_Directory.pdf,102
usa-universities_and_degree_granting_institutions-0807,807,USA,universities_and_degree_granting_institutions,Florida Atlantic University,Boca Raton · FL,fau.edu,https://fau.edu,True,logos/usa_0807_florida_atlantic_university.png,USA_Universities_Directory.pdf,102
usa-universities_and_degree_granting_institutions-0808,808,USA,universities_and_degree_granting_institutions,Florida College,Temple Terrace · FL,floridacollege.edu,https://floridacollege.edu,True,logos/usa_0808_florida_college.png,USA_Universities_Directory.pdf,102
usa-universities_and_degree_granting_institutions-0809,809,USA,universities_and_degree_granting_institutions,Florida College of Integrative Medicine,Orlando · FL,fcim.edu,https://fcim.edu,True,logos/usa_0809_florida_college_of_integrative_medicine.png,USA_Universities_Directory.pdf,103
usa-universities_and_degree_granting_institutions-0810,810,USA,universities_and_degree_granting_institutions,Florida Gateway College,Lake City · FL,fgc.edu,https://fgc.edu,True,logos/usa_0810_florida_gateway_college.png,USA_Universities_Directory.pdf,103
usa-universities_and_degree_granting_institutions-0811,811,USA,universities_and_degree_granting_institutions,Florida Gulf Coast University,Fort Myers · FL,fgcu.edu,https://fgcu.edu,True,logos/usa_0811_florida_gulf_coast_university.png,USA_Universities_Directory.pdf,103
usa-universities_and_degree_granting_institutions-0812,812,USA,universities_and_degree_granting_institutions,Florida Institute of Technology,Melbourne · FL,fit.edu,https://fit.edu,True,logos/usa_0812_florida_institute_of_technology.png,USA_Universities_Directory.pdf,103
usa-universities_and_degree_granting_institutions-0813,813,USA,universities_and_degree_granting_institutions,Florida Institute of Technology-Online,Melbourne · FL,fit.edu,https://fit.edu,True,logos/usa_0813_florida_institute_of_technology_online.png,USA_Universities_Directory.pdf,103
usa-universities_and_degree_granting_institutions-0814,814,USA,universities_and_degree_granting_institutions,Florida International University,Miami · FL,fiu.edu,https://fiu.edu,True,logos/usa_0814_florida_international_university.png,USA_Universities_Directory.pdf,103
usa-universities_and_degree_granting_institutions-0815,815,USA,universities_and_degree_granting_institutions,Florida Memorial University,Miami Gardens · FL,fmu.edu,https://fmu.edu,True,logos/usa_0815_florida_memorial_university.png,USA_Universities_Directory.pdf,103
usa-universities_and_degree_granting_institutions-0816,816,USA,universities_and_degree_granting_institutions,Florida National University-Main Campus,Hialeah · FL,fnu.edu,https://fnu.edu,True,logos/usa_0816_florida_national_university_main_campus.png,USA_Universities_Directory.pdf,103
usa-universities_and_degree_granting_institutions-0817,817,USA,universities_and_degree_granting_institutions,Florida Polytechnic University,Lakeland · FL,floridapoly.edu,https://floridapoly.edu,True,logos/usa_0817_florida_polytechnic_university.png,USA_Universities_Directory.pdf,104
usa-universities_and_degree_granting_institutions-0818,818,USA,universities_and_degree_granting_institutions,Florida Southern College,Lakeland · FL,flsouthern.edu,https://flsouthern.edu,True,logos/usa_0818_florida_southern_college.png,USA_Universities_Directory.pdf,104
usa-universities_and_degree_granting_institutions-0819,819,USA,universities_and_degree_granting_institutions,Florida SouthWestern State College,Fort Myers · FL,fsw.edu,https://fsw.edu,True,logos/usa_0819_florida_southwestern_state_college.png,USA_Universities_Directory.pdf,104
usa-universities_and_degree_granting_institutions-0820,820,USA,universities_and_degree_granting_institutions,Florida State College at Jacksonville,Jacksonville · FL,fscj.edu,https://fscj.edu,True,logos/usa_0820_florida_state_college_at_jacksonville.png,USA_Universities_Directory.pdf,104
usa-universities_and_degree_granting_institutions-0821,821,USA,universities_and_degree_granting_institutions,Florida State University,Tallahassee · FL,fsu.edu,https://fsu.edu,True,logos/usa_0821_florida_state_university.png,USA_Universities_Directory.pdf,104
usa-universities_and_degree_granting_institutions-0822,822,USA,universities_and_degree_granting_institutions,Fond du Lac Tribal and Community College,Cloquet · MN,fdltcc.edu,https://fdltcc.edu,True,logos/usa_0822_fond_du_lac_tribal_and_community_college.png,USA_Universities_Directory.pdf,104
usa-universities_and_degree_granting_institutions-0823,823,USA,universities_and_degree_granting_institutions,Fontbonne University,Saint Louis · MO,fontbonne.edu,https://fontbonne.edu,True,logos/usa_0823_fontbonne_university.png,USA_Universities_Directory.pdf,104
usa-universities_and_degree_granting_institutions-0824,824,USA,universities_and_degree_granting_institutions,Foothill College,Los Altos Hills · CA,foothill.edu,https://foothill.edu,True,logos/usa_0824_foothill_college.png,USA_Universities_Directory.pdf,104
usa-universities_and_degree_granting_institutions-0825,825,USA,universities_and_degree_granting_institutions,Foothill-De Anza Community College District,Los Altos Hills · CA,fhda.edu,https://fhda.edu,True,logos/usa_0825_foothill_de_anza_community_college_district.png,USA_Universities_Directory.pdf,105
usa-universities_and_degree_granting_institutions-0826,826,USA,universities_and_degree_granting_institutions,Fordham University,Bronx · NY,fordham.edu,https://fordham.edu,True,logos/usa_0826_fordham_university.png,USA_Universities_Directory.pdf,105
usa-universities_and_degree_granting_institutions-0827,827,USA,universities_and_degree_granting_institutions,Fort Hays State University,Hays · KS,fhsu.edu,https://fhsu.edu,True,logos/usa_0827_fort_hays_state_university.png,USA_Universities_Directory.pdf,105
usa-universities_and_degree_granting_institutions-0828,828,USA,universities_and_degree_granting_institutions,Fort Lewis College,Durango · CO,fortlewis.edu,https://fortlewis.edu,True,logos/usa_0828_fort_lewis_college.png,USA_Universities_Directory.pdf,105
usa-universities_and_degree_granting_institutions-0829,829,USA,universities_and_degree_granting_institutions,Fort Valley State University,Fort Valley · GA,fvsu.edu,https://fvsu.edu,True,logos/usa_0829_fort_valley_state_university.png,USA_Universities_Directory.pdf,105
usa-universities_and_degree_granting_institutions-0830,830,USA,universities_and_degree_granting_institutions,Framingham State University,Framingham · MA,framingham.edu,https://framingham.edu,True,logos/usa_0830_framingham_state_university.png,USA_Universities_Directory.pdf,105
usa-universities_and_degree_granting_institutions-0831,831,USA,universities_and_degree_granting_institutions,Francis Marion University,Florence · SC,fmarion.edu,https://fmarion.edu,True,logos/usa_0831_francis_marion_university.png,USA_Universities_Directory.pdf,105
usa-universities_and_degree_granting_institutions-0832,832,USA,universities_and_degree_granting_institutions,Franciscan Missionaries of Our Lady University,Baton Rouge · LA,franu.edu,https://franu.edu,True,logos/usa_0832_franciscan_missionaries_of_our_lady_university.png,USA_Universities_Directory.pdf,105
usa-universities_and_degree_granting_institutions-0833,833,USA,universities_and_degree_granting_institutions,Franciscan School of Theology,San Diego · CA,fst.edu,https://fst.edu,True,logos/usa_0833_franciscan_school_of_theology.png,USA_Universities_Directory.pdf,106
usa-universities_and_degree_granting_institutions-0834,834,USA,universities_and_degree_granting_institutions,Franciscan University of Steubenville,Steubenville · OH,franciscan.edu,https://franciscan.edu,True,logos/usa_0834_franciscan_university_of_steubenville.png,USA_Universities_Directory.pdf,106
usa-universities_and_degree_granting_institutions-0835,835,USA,universities_and_degree_granting_institutions,Franklin and Marshall College,Lancaster · PA,fandm.edu,https://fandm.edu,True,logos/usa_0835_franklin_and_marshall_college.png,USA_Universities_Directory.pdf,106
usa-universities_and_degree_granting_institutions-0836,836,USA,universities_and_degree_granting_institutions,Franklin College,Franklin,franklincollege.edu,https://franklincollege.edu,True,logos/usa_0836_franklin_college.png,USA_Universities_Directory.pdf,106
usa-universities_and_degree_granting_institutions-0837,837,USA,universities_and_degree_granting_institutions,Franklin Pierce University,Rindge · NH,franklinpierce.edu,https://franklinpierce.edu,True,logos/usa_0837_franklin_pierce_university.png,USA_Universities_Directory.pdf,106
usa-universities_and_degree_granting_institutions-0838,838,USA,universities_and_degree_granting_institutions,Franklin University,Columbus · OH,franklin.edu,https://franklin.edu,True,logos/usa_0838_franklin_university.png,USA_Universities_Directory.pdf,106
usa-universities_and_degree_granting_institutions-0839,839,USA,universities_and_degree_granting_institutions,Franklin W Olin College of Engineering,Needham · MA,olin.edu,https://olin.edu,True,logos/usa_0839_franklin_w_olin_college_of_engineering.png,USA_Universities_Directory.pdf,106
usa-universities_and_degree_granting_institutions-0840,840,USA,universities_and_degree_granting_institutions,Freed-Hardeman University,Henderson · TN,fhu.edu,https://fhu.edu,True,logos/usa_0840_freed_hardeman_university.png,USA_Universities_Directory.pdf,106
usa-universities_and_degree_granting_institutions-0841,841,USA,universities_and_degree_granting_institutions,Fremont University,Cerritos · CA,fremont.edu,https://fremont.edu,True,logos/usa_0841_fremont_university.png,USA_Universities_Directory.pdf,107
usa-universities_and_degree_granting_institutions-0842,842,USA,universities_and_degree_granting_institutions,Fresno City College,Fresno · CA,fresnocitycollege.edu,https://fresnocitycollege.edu,True,logos/usa_0842_fresno_city_college.png,USA_Universities_Directory.pdf,107
usa-universities_and_degree_granting_institutions-0843,843,USA,universities_and_degree_granting_institutions,Fresno Pacific University,Fresno · CA,fresno.edu,https://fresno.edu,True,logos/usa_0843_fresno_pacific_university.png,USA_Universities_Directory.pdf,107
usa-universities_and_degree_granting_institutions-0844,844,USA,universities_and_degree_granting_institutions,Friends University,Wichita · KS,friends.edu,https://friends.edu,True,logos/usa_0844_friends_university.png,USA_Universities_Directory.pdf,107
usa-universities_and_degree_granting_institutions-0845,845,USA,universities_and_degree_granting_institutions,Front Range Community College,Westminster · CO,frontrange.edu,https://frontrange.edu,True,logos/usa_0845_front_range_community_college.png,USA_Universities_Directory.pdf,107
usa-universities_and_degree_granting_institutions-0846,846,USA,universities_and_degree_granting_institutions,Frontier Nursing University,Versailles · KY,frontier.edu,https://frontier.edu,True,logos/usa_0846_frontier_nursing_university.png,USA_Universities_Directory.pdf,107
usa-universities_and_degree_granting_institutions-0847,847,USA,universities_and_degree_granting_institutions,Frostburg State University,Frostburg · MD,frostburg.edu,https://frostburg.edu,True,logos/usa_0847_frostburg_state_university.png,USA_Universities_Directory.pdf,107
usa-universities_and_degree_granting_institutions-0848,848,USA,universities_and_degree_granting_institutions,Full Sail University,Winter Park · FL,fullsail.edu,https://fullsail.edu,True,logos/usa_0848_full_sail_university.png,USA_Universities_Directory.pdf,107
usa-universities_and_degree_granting_institutions-0849,849,USA,universities_and_degree_granting_institutions,Fuller Theological Seminary,Pasadena · CA,fuller.edu,https://fuller.edu,True,logos/usa_0849_fuller_theological_seminary.png,USA_Universities_Directory.pdf,108
usa-universities_and_degree_granting_institutions-0850,850,USA,universities_and_degree_granting_institutions,Furman University,Greenville · SC,furman.edu,https://furman.edu,True,logos/usa_0850_furman_university.png,USA_Universities_Directory.pdf,108
usa-universities_and_degree_granting_institutions-0851,851,USA,universities_and_degree_granting_institutions,Future Generations University,Franklin · WV,future.edu,https://future.edu,True,logos/usa_0851_future_generations_university.png,USA_Universities_Directory.pdf,108
usa-universities_and_degree_granting_institutions-0852,852,USA,universities_and_degree_granting_institutions,Galen College of Nursing-Cincinnati,Cincinnati · OH,galencollege.edu,https://galencollege.edu,True,logos/usa_0852_galen_college_of_nursing_cincinnati.png,USA_Universities_Directory.pdf,108
usa-universities_and_degree_granting_institutions-0853,853,USA,universities_and_degree_granting_institutions,Galen College of Nursing-Louisville,Louisville · KY,galencollege.edu,https://galencollege.edu,True,logos/usa_0853_galen_college_of_nursing_louisville.png,USA_Universities_Directory.pdf,108
usa-universities_and_degree_granting_institutions-0854,854,USA,universities_and_degree_granting_institutions,Galen College of Nursing-San Antonio,San Antonio · TX,galencollege.edu,https://galencollege.edu,True,logos/usa_0854_galen_college_of_nursing_san_antonio.png,USA_Universities_Directory.pdf,108
usa-universities_and_degree_granting_institutions-0855,855,USA,universities_and_degree_granting_institutions,Galen College of Nursing-Tampa Bay,Saint Petersburg · FL,galencollege.edu,https://galencollege.edu,True,logos/usa_0855_galen_college_of_nursing_tampa_bay.png,USA_Universities_Directory.pdf,108
usa-universities_and_degree_granting_institutions-0856,856,USA,universities_and_degree_granting_institutions,Galen Health Institutes-Asheville,Asheville · NC,galencollege.edu,https://galencollege.edu,True,logos/usa_0856_galen_health_institutes_asheville.png,USA_Universities_Directory.pdf,108
usa-universities_and_degree_granting_institutions-0857,857,USA,universities_and_degree_granting_institutions,Galen Health Institutes-Austin Campus,Round Rock · TX,galencollege.edu,https://galencollege.edu,True,logos/usa_0857_galen_health_institutes_austin_campus.png,USA_Universities_Directory.pdf,109
usa-universities_and_degree_granting_institutions-0858,858,USA,universities_and_degree_granting_institutions,Galen Health Institutes-Dallas,Richardson · TX,galencollege.edu,https://galencollege.edu,True,logos/usa_0858_galen_health_institutes_dallas.png,USA_Universities_Directory.pdf,109
usa-universities_and_degree_granting_institutions-0859,859,USA,universities_and_degree_granting_institutions,Galen Health Institutes-Gainesville,Gainesville · FL,galencollege.edu,https://galencollege.edu,True,logos/usa_0859_galen_health_institutes_gainesville.png,USA_Universities_Directory.pdf,109
usa-universities_and_degree_granting_institutions-0860,860,USA,universities_and_degree_granting_institutions,Galen Health Institutes-Houston,Houston · TX,galencollege.edu,https://galencollege.edu,True,logos/usa_0860_galen_health_institutes_houston.png,USA_Universities_Directory.pdf,109
usa-universities_and_degree_granting_institutions-0861,861,USA,universities_and_degree_granting_institutions,Galen Health Institutes-Las Vegas,Las Vegas · NV,galencollege.edu,https://galencollege.edu,True,logos/usa_0861_galen_health_institutes_las_vegas.png,USA_Universities_Directory.pdf,109
usa-universities_and_degree_granting_institutions-0862,862,USA,universities_and_degree_granting_institutions,Galen Health Institutes-Miami Campus,Pembroke Pines · FL,galencollege.edu,https://galencollege.edu,True,logos/usa_0862_galen_health_institutes_miami_campus.png,USA_Universities_Directory.pdf,109
usa-universities_and_degree_granting_institutions-0863,863,USA,universities_and_degree_granting_institutions,Galen Health Institutes-Nashville Campus,Nashville · TN,galencollege.edu,https://galencollege.edu,True,logos/usa_0863_galen_health_institutes_nashville_campus.png,USA_Universities_Directory.pdf,109
usa-universities_and_degree_granting_institutions-0864,864,USA,universities_and_degree_granting_institutions,Galen Health Institutes-Sarasota,Sarasota · FL,galencollege.edu,https://galencollege.edu,True,logos/usa_0864_galen_health_institutes_sarasota.png,USA_Universities_Directory.pdf,109
usa-universities_and_degree_granting_institutions-0865,865,USA,universities_and_degree_granting_institutions,Gallaudet University,Washington · DC,gallaudet.edu,https://gallaudet.edu,True,logos/usa_0865_gallaudet_university.png,USA_Universities_Directory.pdf,110
usa-universities_and_degree_granting_institutions-0866,866,USA,universities_and_degree_granting_institutions,Galveston College,Galveston · TX,gc.edu,https://gc.edu,True,logos/usa_0866_galveston_college.png,USA_Universities_Directory.pdf,110
usa-universities_and_degree_granting_institutions-0867,867,USA,universities_and_degree_granting_institutions,Gannon University,Erie · PA,gannon.edu,https://gannon.edu,True,logos/usa_0867_gannon_university.png,USA_Universities_Directory.pdf,110
usa-universities_and_degree_granting_institutions-0868,868,USA,universities_and_degree_granting_institutions,Gardner-Webb University,Boiling Springs · NC,gardner-webb.edu,https://gardner-webb.edu,True,logos/usa_0868_gardner_webb_university.png,USA_Universities_Directory.pdf,110
usa-universities_and_degree_granting_institutions-0869,869,USA,universities_and_degree_granting_institutions,Garrett-Evangelical Theological Seminary,Evanston · IL,garrett.edu,https://garrett.edu,True,logos/usa_0869_garrett_evangelical_theological_seminary.png,USA_Universities_Directory.pdf,110
usa-universities_and_degree_granting_institutions-0870,870,USA,universities_and_degree_granting_institutions,GateWay Community College,Phoenix · AZ,gatewaycc.edu,https://gatewaycc.edu,True,logos/usa_0870_gateway_community_college.png,USA_Universities_Directory.pdf,110
usa-universities_and_degree_granting_institutions-0871,871,USA,universities_and_degree_granting_institutions,Geisinger Commonwealth School of Medicine,Scranton · PA,geisinger.edu,https://geisinger.edu,True,logos/usa_0871_geisinger_commonwealth_school_of_medicine.png,USA_Universities_Directory.pdf,110
usa-universities_and_degree_granting_institutions-0872,872,USA,universities_and_degree_granting_institutions,Geneva College,Beaver Falls · PA,geneva.edu,https://geneva.edu,True,logos/usa_0872_geneva_college.png,USA_Universities_Directory.pdf,110
usa-universities_and_degree_granting_institutions-0873,873,USA,universities_and_degree_granting_institutions,George Fox University,Newberg · OR,georgefox.edu,https://georgefox.edu,True,logos/usa_0873_george_fox_university.png,USA_Universities_Directory.pdf,111
usa-universities_and_degree_granting_institutions-0874,874,USA,universities_and_degree_granting_institutions,George Mason University,Fairfax · VA,gmu.edu,https://gmu.edu,True,logos/usa_0874_george_mason_university.png,USA_Universities_Directory.pdf,111
usa-universities_and_degree_granting_institutions-0875,875,USA,universities_and_degree_granting_institutions,George Washington University,Washington · DC,gwu.edu,https://gwu.edu,True,logos/usa_0875_george_washington_university.png,USA_Universities_Directory.pdf,111
usa-universities_and_degree_granting_institutions-0876,876,USA,universities_and_degree_granting_institutions,Georgetown College,Georgetown · KY,georgetowncollege.edu,https://georgetowncollege.edu,True,logos/usa_0876_georgetown_college.png,USA_Universities_Directory.pdf,111
usa-universities_and_degree_granting_institutions-0877,877,USA,universities_and_degree_granting_institutions,Georgetown University,Washington · DC,georgetown.edu,https://georgetown.edu,True,logos/usa_0877_georgetown_university.png,USA_Universities_Directory.pdf,111
usa-universities_and_degree_granting_institutions-0878,878,USA,universities_and_degree_granting_institutions,Georgia College & State University,Milledgeville · GA,gcsu.edu,https://gcsu.edu,True,logos/usa_0878_georgia_college_state_university.png,USA_Universities_Directory.pdf,111
usa-universities_and_degree_granting_institutions-0879,879,USA,universities_and_degree_granting_institutions,Georgia Gwinnett College,Lawrenceville · GA,ggc.edu,https://ggc.edu,True,logos/usa_0879_georgia_gwinnett_college.png,USA_Universities_Directory.pdf,111
usa-universities_and_degree_granting_institutions-0880,880,USA,universities_and_degree_granting_institutions,Georgia Highlands College,Rome · GA,highlands.edu,https://highlands.edu,True,logos/usa_0880_georgia_highlands_college.png,USA_Universities_Directory.pdf,111
usa-universities_and_degree_granting_institutions-0881,881,USA,universities_and_degree_granting_institutions,Georgia Institute of Technology-Main Campus,Atlanta · GA,gatech.edu,https://gatech.edu,True,logos/usa_0881_georgia_institute_of_technology_main_campus.png,USA_Universities_Directory.pdf,112
usa-universities_and_degree_granting_institutions-0882,882,USA,universities_and_degree_granting_institutions,Georgia Military College,Milledgeville · GA,gmc.edu,https://gmc.edu,False,,USA_Universities_Directory.pdf,112
usa-universities_and_degree_granting_institutions-0883,883,USA,universities_and_degree_granting_institutions,Georgia Southern University,Statesboro · GA,georgiasouthern.edu,https://georgiasouthern.edu,True,logos/usa_0883_georgia_southern_university.png,USA_Universities_Directory.pdf,112
usa-universities_and_degree_granting_institutions-0884,884,USA,universities_and_degree_granting_institutions,Georgia Southwestern State University,Americus · GA,gsw.edu,https://gsw.edu,True,logos/usa_0884_georgia_southwestern_state_university.png,USA_Universities_Directory.pdf,112
usa-universities_and_degree_granting_institutions-0885,885,USA,universities_and_degree_granting_institutions,Georgia State University,Atlanta · GA,gsu.edu,https://gsu.edu,True,logos/usa_0885_georgia_state_university.png,USA_Universities_Directory.pdf,112
usa-universities_and_degree_granting_institutions-0886,886,USA,universities_and_degree_granting_institutions,Georgian Court University,Lakewood · NJ,georgian.edu,https://georgian.edu,True,logos/usa_0886_georgian_court_university.png,USA_Universities_Directory.pdf,112
usa-universities_and_degree_granting_institutions-0887,887,USA,universities_and_degree_granting_institutions,Gettysburg College,Gettysburg · PA,gettysburg.edu,https://gettysburg.edu,True,logos/usa_0887_gettysburg_college.png,USA_Universities_Directory.pdf,112
usa-universities_and_degree_granting_institutions-0888,888,USA,universities_and_degree_granting_institutions,Glendale Career College,Glendale · CA,success.edu,https://success.edu,True,logos/usa_0888_glendale_career_college.png,USA_Universities_Directory.pdf,112
usa-universities_and_degree_granting_institutions-0889,889,USA,universities_and_degree_granting_institutions,Glendale Community College,Glendale · AZ,gccaz.edu,https://gccaz.edu,True,logos/usa_0889_glendale_community_college.png,USA_Universities_Directory.pdf,113
usa-universities_and_degree_granting_institutions-0890,890,USA,universities_and_degree_granting_institutions,Glenville State University,Glenville · WV,glenville.edu,https://glenville.edu,True,logos/usa_0890_glenville_state_university.png,USA_Universities_Directory.pdf,113
usa-universities_and_degree_granting_institutions-0891,891,USA,universities_and_degree_granting_institutions,Gnomon,North Hollywood · CA,gnomon.edu,https://gnomon.edu,True,logos/usa_0891_gnomon.png,USA_Universities_Directory.pdf,113
usa-universities_and_degree_granting_institutions-0892,892,USA,universities_and_degree_granting_institutions,Gods Bible School and College,Cincinnati · OH,gbs.edu,https://gbs.edu,True,logos/usa_0892_gods_bible_school_and_college.png,USA_Universities_Directory.pdf,113
usa-universities_and_degree_granting_institutions-0893,893,USA,universities_and_degree_granting_institutions,Golden Gate University,San Francisco · CA,ggu.edu,https://ggu.edu,True,logos/usa_0893_golden_gate_university.png,USA_Universities_Directory.pdf,113
usa-universities_and_degree_granting_institutions-0894,894,USA,universities_and_degree_granting_institutions,Goldey-Beacom College,Wilmington · DE,gbc.edu,https://gbc.edu,True,logos/usa_0894_goldey_beacom_college.png,USA_Universities_Directory.pdf,113
usa-universities_and_degree_granting_institutions-0895,895,USA,universities_and_degree_granting_institutions,Gonzaga University,Spokane · WA,gonzaga.edu,https://gonzaga.edu,True,logos/usa_0895_gonzaga_university.png,USA_Universities_Directory.pdf,113
usa-universities_and_degree_granting_institutions-0896,896,USA,universities_and_degree_granting_institutions,Good Samaritan College of Nursing and Health Science,Cincinnati · OH,gscollege.edu,https://gscollege.edu,True,logos/usa_0896_good_samaritan_college_of_nursing_and_health_science.png,USA_Universities_Directory.pdf,113
usa-universities_and_degree_granting_institutions-0897,897,USA,universities_and_degree_granting_institutions,Goodwin University,East Hartford · CT,goodwin.edu,https://goodwin.edu,True,logos/usa_0897_goodwin_university.png,USA_Universities_Directory.pdf,114
usa-universities_and_degree_granting_institutions-0898,898,USA,universities_and_degree_granting_institutions,Gordon College,Wenham · MA,gordon.edu,https://gordon.edu,True,logos/usa_0898_gordon_college.png,USA_Universities_Directory.pdf,114
usa-universities_and_degree_granting_institutions-0899,899,USA,universities_and_degree_granting_institutions,Gordon State College,Barnesville · GA,gordonstate.edu,https://gordonstate.edu,True,logos/usa_0899_gordon_state_college.png,USA_Universities_Directory.pdf,114
usa-universities_and_degree_granting_institutions-0900,900,USA,universities_and_degree_granting_institutions,Gordon-Conwell Theological Seminary,South Hamilton · MA,gordonconwell.edu,https://gordonconwell.edu,True,logos/usa_0900_gordon_conwell_theological_seminary.png,USA_Universities_Directory.pdf,114
usa-universities_and_degree_granting_institutions-0901,901,USA,universities_and_degree_granting_institutions,Goshen College,Goshen · IN,goshen.edu,https://goshen.edu,True,logos/usa_0901_goshen_college.png,USA_Universities_Directory.pdf,114
usa-universities_and_degree_granting_institutions-0902,902,USA,universities_and_degree_granting_institutions,Goucher College,Baltimore · MD,goucher.edu,https://goucher.edu,True,logos/usa_0902_goucher_college.png,USA_Universities_Directory.pdf,114
usa-universities_and_degree_granting_institutions-0903,903,USA,universities_and_degree_granting_institutions,Governors State University,University Park · IL,govst.edu,https://govst.edu,True,logos/usa_0903_governors_state_university.png,USA_Universities_Directory.pdf,114
usa-universities_and_degree_granting_institutions-0904,904,USA,universities_and_degree_granting_institutions,Grace Christian University,Wyoming,gracechristian.edu,https://gracechristian.edu,True,logos/usa_0904_grace_christian_university.png,USA_Universities_Directory.pdf,114
usa-universities_and_degree_granting_institutions-0905,905,USA,universities_and_degree_granting_institutions,Grace College and Theological Seminary,Winona Lake,grace.edu,https://grace.edu,True,logos/usa_0905_grace_college_and_theological_seminary.png,USA_Universities_Directory.pdf,115
usa-universities_and_degree_granting_institutions-0906,906,USA,universities_and_degree_granting_institutions,Grace Mission University,Fullerton · CA,gm.edu,https://gm.edu,True,logos/usa_0906_grace_mission_university.png,USA_Universities_Directory.pdf,115
usa-universities_and_degree_granting_institutions-0907,907,USA,universities_and_degree_granting_institutions,Grace School of Theology,Conroe · TX,gsot.edu,https://gsot.edu,True,logos/usa_0907_grace_school_of_theology.png,USA_Universities_Directory.pdf,115
usa-universities_and_degree_granting_institutions-0908,908,USA,universities_and_degree_granting_institutions,Graceland University-Lamoni,Lamoni · IA,graceland.edu,https://graceland.edu,True,logos/usa_0908_graceland_university_lamoni.png,USA_Universities_Directory.pdf,115
usa-universities_and_degree_granting_institutions-0909,909,USA,universities_and_degree_granting_institutions,Graduate Theological Union,Berkeley · CA,gtu.edu,https://gtu.edu,True,logos/usa_0909_graduate_theological_union.png,USA_Universities_Directory.pdf,115
usa-universities_and_degree_granting_institutions-0910,910,USA,universities_and_degree_granting_institutions,Grambling State University,Grambling · LA,gram.edu,https://gram.edu,True,logos/usa_0910_grambling_state_university.png,USA_Universities_Directory.pdf,115
usa-universities_and_degree_granting_institutions-0911,911,USA,universities_and_degree_granting_institutions,Grand Canyon University,Phoenix · AZ,gcu.edu,https://gcu.edu,True,logos/usa_0911_grand_canyon_university.png,USA_Universities_Directory.pdf,115
usa-universities_and_degree_granting_institutions-0912,912,USA,universities_and_degree_granting_institutions,Grand Valley State University,Allendale · MI,gvsu.edu,https://gvsu.edu,True,logos/usa_0912_grand_valley_state_university.png,USA_Universities_Directory.pdf,115
usa-universities_and_degree_granting_institutions-0913,913,USA,universities_and_degree_granting_institutions,Grand View University,Des Moines · IA,grandview.edu,https://grandview.edu,True,logos/usa_0913_grand_view_university.png,USA_Universities_Directory.pdf,116
usa-universities_and_degree_granting_institutions-0914,914,USA,universities_and_degree_granting_institutions,Gratz College,Melrose Park,gratz.edu,https://gratz.edu,True,logos/usa_0914_gratz_college.png,USA_Universities_Directory.pdf,116
usa-universities_and_degree_granting_institutions-0915,915,USA,universities_and_degree_granting_institutions,Grays Harbor College,Aberdeen · WA,ghc.edu,https://ghc.edu,True,logos/usa_0915_grays_harbor_college.png,USA_Universities_Directory.pdf,116
usa-universities_and_degree_granting_institutions-0916,916,USA,universities_and_degree_granting_institutions,Grayson College,Denison · TX,grayson.edu,https://grayson.edu,True,logos/usa_0916_grayson_college.png,USA_Universities_Directory.pdf,116
usa-universities_and_degree_granting_institutions-0917,917,USA,universities_and_degree_granting_institutions,Great Basin College,Elko · NV,gbcnv.edu,https://gbcnv.edu,True,logos/usa_0917_great_basin_college.png,USA_Universities_Directory.pdf,116
usa-universities_and_degree_granting_institutions-0918,918,USA,universities_and_degree_granting_institutions,Great Lakes Christian College,Lansing · MI,glcc.edu,https://glcc.edu,True,logos/usa_0918_great_lakes_christian_college.png,USA_Universities_Directory.pdf,116
usa-universities_and_degree_granting_institutions-0919,919,USA,universities_and_degree_granting_institutions,Great Northern University,Spokane · WA,greatnorthernu.org,https://greatnorthernu.org,True,logos/usa_0919_great_northern_university.png,USA_Universities_Directory.pdf,116
usa-universities_and_degree_granting_institutions-0920,920,USA,universities_and_degree_granting_institutions,Green River College,Auburn · WA,greenriver.edu,https://greenriver.edu,True,logos/usa_0920_green_river_college.png,USA_Universities_Directory.pdf,116
usa-universities_and_degree_granting_institutions-0921,921,USA,universities_and_degree_granting_institutions,Greensboro College,Greensboro · NC,greensboro.edu,https://greensboro.edu,True,logos/usa_0921_greensboro_college.png,USA_Universities_Directory.pdf,117
usa-universities_and_degree_granting_institutions-0922,922,USA,universities_and_degree_granting_institutions,Greenville Technical College,Greenville · SC,gvltec.edu,https://gvltec.edu,True,logos/usa_0922_greenville_technical_college.png,USA_Universities_Directory.pdf,117
usa-universities_and_degree_granting_institutions-0923,923,USA,universities_and_degree_granting_institutions,Greenville University,Greenville,greenville.edu,https://greenville.edu,True,logos/usa_0923_greenville_university.png,USA_Universities_Directory.pdf,117
usa-universities_and_degree_granting_institutions-0924,924,USA,universities_and_degree_granting_institutions,Grinnell College,Grinnell · IA,grinnell.edu,https://grinnell.edu,True,logos/usa_0924_grinnell_college.png,USA_Universities_Directory.pdf,117
usa-universities_and_degree_granting_institutions-0925,925,USA,universities_and_degree_granting_institutions,Grove City College,Grove City · PA,gcc.edu,https://gcc.edu,True,logos/usa_0925_grove_city_college.png,USA_Universities_Directory.pdf,117
usa-universities_and_degree_granting_institutions-0926,926,USA,universities_and_degree_granting_institutions,Guam Community College,Mangilao · GU,guamcc.edu,https://guamcc.edu,True,logos/usa_0926_guam_community_college.png,USA_Universities_Directory.pdf,117
usa-universities_and_degree_granting_institutions-0927,927,USA,universities_and_degree_granting_institutions,Guilford College,Greensboro · NC,guilford.edu,https://guilford.edu,True,logos/usa_0927_guilford_college.png,USA_Universities_Directory.pdf,117
usa-universities_and_degree_granting_institutions-0928,928,USA,universities_and_degree_granting_institutions,Gulf Coast State College,Panama City · FL,gulfcoast.edu,https://gulfcoast.edu,True,logos/usa_0928_gulf_coast_state_college.png,USA_Universities_Directory.pdf,117
usa-universities_and_degree_granting_institutions-0929,929,USA,universities_and_degree_granting_institutions,Gurnick Academy of Medical Arts,San Jose · CA,gurnick.edu,https://gurnick.edu,True,logos/usa_0929_gurnick_academy_of_medical_arts.png,USA_Universities_Directory.pdf,118
usa-universities_and_degree_granting_institutions-0930,930,USA,universities_and_degree_granting_institutions,Gustavus Adolphus College,Saint Peter · MN,gustavus.edu,https://gustavus.edu,True,logos/usa_0930_gustavus_adolphus_college.png,USA_Universities_Directory.pdf,118
usa-universities_and_degree_granting_institutions-0931,931,USA,universities_and_degree_granting_institutions,Gwinnett Institute,Orlando · FL,gwinnettcollege.edu,https://gwinnettcollege.edu,True,logos/usa_0931_gwinnett_institute.png,USA_Universities_Directory.pdf,118
usa-universities_and_degree_granting_institutions-0932,932,USA,universities_and_degree_granting_institutions,Gwynedd Mercy University,Gwynedd Valley · PA,gmercyu.edu,https://gmercyu.edu,True,logos/usa_0932_gwynedd_mercy_university.png,USA_Universities_Directory.pdf,118
usa-universities_and_degree_granting_institutions-0933,933,USA,universities_and_degree_granting_institutions,Hackensack Meridian School of Medicine,Nutley · NJ,hmsom.edu,https://hmsom.edu,True,logos/usa_0933_hackensack_meridian_school_of_medicine.png,USA_Universities_Directory.pdf,118
usa-universities_and_degree_granting_institutions-0934,934,USA,universities_and_degree_granting_institutions,Hallmark University,San Antonio · TX,hallmarkuniversity.edu,https://hallmarkuniversity.edu,True,logos/usa_0934_hallmark_university.png,USA_Universities_Directory.pdf,118
usa-universities_and_degree_granting_institutions-0935,935,USA,universities_and_degree_granting_institutions,Hamilton College,Clinton · NY,hamilton.edu,https://hamilton.edu,True,logos/usa_0935_hamilton_college.png,USA_Universities_Directory.pdf,118
usa-universities_and_degree_granting_institutions-0936,936,USA,universities_and_degree_granting_institutions,Hamline University,Saint Paul · MN,hamline.edu,https://hamline.edu,True,logos/usa_0936_hamline_university.png,USA_Universities_Directory.pdf,118
usa-universities_and_degree_granting_institutions-0937,937,USA,universities_and_degree_granting_institutions,Hampden-Sydney College,Hampden-Sydney · VA,hsc.edu,https://hsc.edu,True,logos/usa_0937_hampden_sydney_college.png,USA_Universities_Directory.pdf,119
usa-universities_and_degree_granting_institutions-0938,938,USA,universities_and_degree_granting_institutions,Hampshire College,Amherst · MA,hampshire.edu,https://hampshire.edu,False,,USA_Universities_Directory.pdf,119
usa-universities_and_degree_granting_institutions-0939,939,USA,universities_and_degree_granting_institutions,Hampton University,Hampton · VA,home.hamptonu.edu,https://home.hamptonu.edu,True,logos/usa_0939_hampton_university.png,USA_Universities_Directory.pdf,119
usa-universities_and_degree_granting_institutions-0940,940,USA,universities_and_degree_granting_institutions,Hannibal-LaGrange University,Hannibal · MO,hlg.edu,https://hlg.edu,True,logos/usa_0940_hannibal_lagrange_university.png,USA_Universities_Directory.pdf,119
usa-universities_and_degree_granting_institutions-0941,941,USA,universities_and_degree_granting_institutions,Hanover College,Hanover · IN,hanover.edu,https://hanover.edu,True,logos/usa_0941_hanover_college.png,USA_Universities_Directory.pdf,119
usa-universities_and_degree_granting_institutions-0942,942,USA,universities_and_degree_granting_institutions,Hardin-Simmons University,Abilene · TX,hsutx.edu,https://hsutx.edu,True,logos/usa_0942_hardin_simmons_university.png,USA_Universities_Directory.pdf,119
usa-universities_and_degree_granting_institutions-0943,943,USA,universities_and_degree_granting_institutions,Harding University,Searcy,harding.edu,https://harding.edu,True,logos/usa_0943_harding_university.png,USA_Universities_Directory.pdf,119
usa-universities_and_degree_granting_institutions-0944,944,USA,universities_and_degree_granting_institutions,Harris-Stowe State University,Saint Louis · MO,hssu.edu,https://hssu.edu,True,logos/usa_0944_harris_stowe_state_university.png,USA_Universities_Directory.pdf,119
usa-universities_and_degree_granting_institutions-0945,945,USA,universities_and_degree_granting_institutions,Harrisburg University of Science and Technology,Harrisburg · PA,harrisburgu.edu,https://harrisburgu.edu,True,logos/usa_0945_harrisburg_university_of_science_and_technology.png,USA_Universities_Directory.pdf,120
usa-universities_and_degree_granting_institutions-0946,946,USA,universities_and_degree_granting_institutions,Hartford International University for Religion and Peace,Hartford · CT,hartfordinternational.edu,https://hartfordinternational.edu,True,logos/usa_0946_hartford_international_university_for_religion_and_peace.png,USA_Universities_Directory.pdf,120
usa-universities_and_degree_granting_institutions-0947,947,USA,universities_and_degree_granting_institutions,Hartwick College,Oneonta · NY,hartwick.edu,https://hartwick.edu,True,logos/usa_0947_hartwick_college.png,USA_Universities_Directory.pdf,120
usa-universities_and_degree_granting_institutions-0948,948,USA,universities_and_degree_granting_institutions,Harvard University,Cambridge · MA,harvard.edu,https://harvard.edu,True,logos/usa_0948_harvard_university.png,USA_Universities_Directory.pdf,120
usa-universities_and_degree_granting_institutions-0949,949,USA,universities_and_degree_granting_institutions,Harvey Mudd College,Claremont · CA,hmc.edu,https://hmc.edu,True,logos/usa_0949_harvey_mudd_college.png,USA_Universities_Directory.pdf,120
usa-universities_and_degree_granting_institutions-0950,950,USA,universities_and_degree_granting_institutions,Haskell Indian Nations University,Lawrence · KS,haskell.edu,https://haskell.edu,True,logos/usa_0950_haskell_indian_nations_university.png,USA_Universities_Directory.pdf,120
usa-universities_and_degree_granting_institutions-0951,951,USA,universities_and_degree_granting_institutions,Hastings College,Hastings · NE,hastings.edu,https://hastings.edu,True,logos/usa_0951_hastings_college.png,USA_Universities_Directory.pdf,120
usa-universities_and_degree_granting_institutions-0952,952,USA,universities_and_degree_granting_institutions,Haven University,Garden Grove · CA,haven.edu,https://haven.edu,True,logos/usa_0952_haven_university.png,USA_Universities_Directory.pdf,120
usa-universities_and_degree_granting_institutions-0953,953,USA,universities_and_degree_granting_institutions,Haverford College,Haverford · PA,haverford.edu,https://haverford.edu,True,logos/usa_0953_haverford_college.png,USA_Universities_Directory.pdf,121
usa-universities_and_degree_granting_institutions-0954,954,USA,universities_and_degree_granting_institutions,Hawaii Pacific University,Honolulu · HI,hpu.edu,https://hpu.edu,True,logos/usa_0954_hawaii_pacific_university.png,USA_Universities_Directory.pdf,121
usa-universities_and_degree_granting_institutions-0955,955,USA,universities_and_degree_granting_institutions,Hazelden Betty Ford Graduate School,Center City · MN,hazeldenbettyford.org,https://hazeldenbettyford.org,True,logos/usa_0955_hazelden_betty_ford_graduate_school.png,USA_Universities_Directory.pdf,121
usa-universities_and_degree_granting_institutions-0956,956,USA,universities_and_degree_granting_institutions,Hebrew College,Newton · MA,hebrewcollege.edu,https://hebrewcollege.edu,True,logos/usa_0956_hebrew_college.png,USA_Universities_Directory.pdf,121
usa-universities_and_degree_granting_institutions-0957,957,USA,universities_and_degree_granting_institutions,Hebrew Theological College,Skokie · IL,htc.edu,https://htc.edu,True,logos/usa_0957_hebrew_theological_college.png,USA_Universities_Directory.pdf,121
usa-universities_and_degree_granting_institutions-0958,958,USA,universities_and_degree_granting_institutions,Hebrew Union College-Jewish Institute of Religion,New York · NY,huc.edu,https://huc.edu,True,logos/usa_0958_hebrew_union_college_jewish_institute_of_religion.png,USA_Universities_Directory.pdf,121
usa-universities_and_degree_granting_institutions-0959,959,USA,universities_and_degree_granting_institutions,Heidelberg University,Tiffin · OH,heidelberg.edu,https://heidelberg.edu,True,logos/usa_0959_heidelberg_university.png,USA_Universities_Directory.pdf,121
usa-universities_and_degree_granting_institutions-0960,960,USA,universities_and_degree_granting_institutions,Helene Fuld College of Nursing,New York · NY,helenefuld.edu,https://helenefuld.edu,True,logos/usa_0960_helene_fuld_college_of_nursing.png,USA_Universities_Directory.pdf,121
usa-universities_and_degree_granting_institutions-0961,961,USA,universities_and_degree_granting_institutions,Hellenic College-Holy Cross Greek Orthodox School of Theology,Brookline · MA,hchc.edu,https://hchc.edu,True,logos/usa_0961_hellenic_college_holy_cross_greek_orthodox_school_of_theology.png,USA_Universities_Directory.pdf,122
usa-universities_and_degree_granting_institutions-0962,962,USA,universities_and_degree_granting_institutions,Henderson State University,Arkadelphia,hsu.edu,https://hsu.edu,True,logos/usa_0962_henderson_state_university.png,USA_Universities_Directory.pdf,122
usa-universities_and_degree_granting_institutions-0963,963,USA,universities_and_degree_granting_institutions,Hendrix College,Conway · AR,hendrix.edu,https://hendrix.edu,True,logos/usa_0963_hendrix_college.png,USA_Universities_Directory.pdf,122
usa-universities_and_degree_granting_institutions-0964,964,USA,universities_and_degree_granting_institutions,Henry Ford College,Dearborn · MI,hfcc.edu,https://hfcc.edu,True,logos/usa_0964_henry_ford_college.png,USA_Universities_Directory.pdf,122
usa-universities_and_degree_granting_institutions-0965,965,USA,universities_and_degree_granting_institutions,Heritage Bible College,Dunn · NC,heritagebiblecollege.edu,https://heritagebiblecollege.edu,True,logos/usa_0965_heritage_bible_college.png,USA_Universities_Directory.pdf,122
usa-universities_and_degree_granting_institutions-0966,966,USA,universities_and_degree_granting_institutions,Heritage Christian University,Florence · AL,hcu.edu,https://hcu.edu,True,logos/usa_0966_heritage_christian_university.png,USA_Universities_Directory.pdf,122
usa-universities_and_degree_granting_institutions-0967,967,USA,universities_and_degree_granting_institutions,Heritage University,Toppenish · WA,heritage.edu,https://heritage.edu,True,logos/usa_0967_heritage_university.png,USA_Universities_Directory.pdf,122
usa-universities_and_degree_granting_institutions-0968,968,USA,universities_and_degree_granting_institutions,Herzing University-Akron,Akron · OH,herzing.edu,https://herzing.edu,True,logos/usa_0968_herzing_university_akron.png,USA_Universities_Directory.pdf,122
usa-universities_and_degree_granting_institutions-0969,969,USA,universities_and_degree_granting_institutions,Herzing University-Atlanta,Atlanta · GA,herzing.edu,https://herzing.edu,True,logos/usa_0969_herzing_university_atlanta.png,USA_Universities_Directory.pdf,123
usa-universities_and_degree_granting_institutions-0970,970,USA,universities_and_degree_granting_institutions,Herzing University-Birmingham,Birmingham · AL,herzing.edu,https://herzing.edu,True,logos/usa_0970_herzing_university_birmingham.png,USA_Universities_Directory.pdf,123
usa-universities_and_degree_granting_institutions-0971,971,USA,universities_and_degree_granting_institutions,Herzing University-Brookfield,Brookfield · WI,herzing.edu,https://herzing.edu,True,logos/usa_0971_herzing_university_brookfield.png,USA_Universities_Directory.pdf,123
usa-universities_and_degree_granting_institutions-0972,972,USA,universities_and_degree_granting_institutions,Herzing University-Kenosha,Kenosha · WI,herzing.edu,https://herzing.edu,True,logos/usa_0972_herzing_university_kenosha.png,USA_Universities_Directory.pdf,123
usa-universities_and_degree_granting_institutions-0973,973,USA,universities_and_degree_granting_institutions,Herzing University-Madison,Madison · WI,herzing.edu,https://herzing.edu,True,logos/usa_0973_herzing_university_madison.png,USA_Universities_Directory.pdf,123
usa-universities_and_degree_granting_institutions-0974,974,USA,universities_and_degree_granting_institutions,Herzing University-Minneapolis,St. Louis Park · MN,herzing.edu,https://herzing.edu,True,logos/usa_0974_herzing_university_minneapolis.png,USA_Universities_Directory.pdf,123
usa-universities_and_degree_granting_institutions-0975,975,USA,universities_and_degree_granting_institutions,Herzing University-Nashville,Nashville · TN,herzing.edu,https://herzing.edu,True,logos/usa_0975_herzing_university_nashville.png,USA_Universities_Directory.pdf,123
usa-universities_and_degree_granting_institutions-0976,976,USA,universities_and_degree_granting_institutions,Herzing University-New Orleans,Metairie · LA,herzing.edu,https://herzing.edu,True,logos/usa_0976_herzing_university_new_orleans.png,USA_Universities_Directory.pdf,123
usa-universities_and_degree_granting_institutions-0977,977,USA,universities_and_degree_granting_institutions,Herzing University-Orlando,Winter Park · FL,herzing.edu,https://herzing.edu,True,logos/usa_0977_herzing_university_orlando.png,USA_Universities_Directory.pdf,124
usa-universities_and_degree_granting_institutions-0978,978,USA,universities_and_degree_granting_institutions,Herzing University-Tampa,Tampa · FL,herzing.edu,https://herzing.edu,True,logos/usa_0978_herzing_university_tampa.png,USA_Universities_Directory.pdf,124
usa-universities_and_degree_granting_institutions-0979,979,USA,universities_and_degree_granting_institutions,Hesston College,Hesston · KS,hesston.edu,https://hesston.edu,True,logos/usa_0979_hesston_college.png,USA_Universities_Directory.pdf,124
usa-universities_and_degree_granting_institutions-0980,980,USA,universities_and_degree_granting_institutions,High Point University,High Point · NC,highpoint.edu,https://highpoint.edu,True,logos/usa_0980_high_point_university.png,USA_Universities_Directory.pdf,124
usa-universities_and_degree_granting_institutions-0981,981,USA,universities_and_degree_granting_institutions,High Tech High Graduate School of Education,San Diego · CA,hthgse.edu,https://hthgse.edu,True,logos/usa_0981_high_tech_high_graduate_school_of_education.png,USA_Universities_Directory.pdf,124
usa-universities_and_degree_granting_institutions-0982,982,USA,universities_and_degree_granting_institutions,Highline College,Des Moines · WA,highline.edu,https://highline.edu,False,,USA_Universities_Directory.pdf,124
usa-universities_and_degree_granting_institutions-0983,983,USA,universities_and_degree_granting_institutions,Hilbert College,Hamburg · NY,hilbert.edu,https://hilbert.edu,True,logos/usa_0983_hilbert_college.png,USA_Universities_Directory.pdf,124
usa-universities_and_degree_granting_institutions-0984,984,USA,universities_and_degree_granting_institutions,Hillsborough Community College,Tampa · FL,hccfl.edu,https://hccfl.edu,True,logos/usa_0984_hillsborough_community_college.png,USA_Universities_Directory.pdf,124
usa-universities_and_degree_granting_institutions-0985,985,USA,universities_and_degree_granting_institutions,Hillsdale College,Hillsdale · MI,hillsdale.edu,https://hillsdale.edu,True,logos/usa_0985_hillsdale_college.png,USA_Universities_Directory.pdf,125
usa-universities_and_degree_granting_institutions-0986,986,USA,universities_and_degree_granting_institutions,Hiram College,Hiram · OH,hiram.edu,https://hiram.edu,True,logos/usa_0986_hiram_college.png,USA_Universities_Directory.pdf,125
usa-universities_and_degree_granting_institutions-0987,987,USA,universities_and_degree_granting_institutions,HJ International Graduate School for Peace and Public Leadership,New York · NY,uts.edu,https://uts.edu,True,logos/usa_0987_hj_international_graduate_school_for_peace_and_public_leadership.png,USA_Universities_Directory.pdf,125
usa-universities_and_degree_granting_institutions-0988,988,USA,universities_and_degree_granting_institutions,Hobart William Smith Colleges,Geneva · NY,hws.edu,https://hws.edu,True,logos/usa_0988_hobart_william_smith_colleges.png,USA_Universities_Directory.pdf,125
usa-universities_and_degree_granting_institutions-0989,989,USA,universities_and_degree_granting_institutions,Hobe Sound Bible College,Hobe Sound · FL,hsbc.edu,https://hsbc.edu,True,logos/usa_0989_hobe_sound_bible_college.png,USA_Universities_Directory.pdf,125
usa-universities_and_degree_granting_institutions-0990,990,USA,universities_and_degree_granting_institutions,Hofstra University,Hempstead · NY,hofstra.edu,https://hofstra.edu,True,logos/usa_0990_hofstra_university.png,USA_Universities_Directory.pdf,125
usa-universities_and_degree_granting_institutions-0991,991,USA,universities_and_degree_granting_institutions,Hollins University,Roanoke · VA,hollins.edu,https://hollins.edu,True,logos/usa_0991_hollins_university.png,USA_Universities_Directory.pdf,125
usa-universities_and_degree_granting_institutions-0992,992,USA,universities_and_degree_granting_institutions,Holy Apostles College and Seminary,Cromwell · CT,holyapostles.edu,https://holyapostles.edu,True,logos/usa_0992_holy_apostles_college_and_seminary.png,USA_Universities_Directory.pdf,125
usa-universities_and_degree_granting_institutions-0993,993,USA,universities_and_degree_granting_institutions,Holy Cross College,Notre Dame · IN,hcc-nd.edu,https://hcc-nd.edu,True,logos/usa_0993_holy_cross_college.png,USA_Universities_Directory.pdf,126
usa-universities_and_degree_granting_institutions-0994,994,USA,universities_and_degree_granting_institutions,Holy Family University,Philadelphia · PA,holyfamily.edu,https://holyfamily.edu,True,logos/usa_0994_holy_family_university.png,USA_Universities_Directory.pdf,126
usa-universities_and_degree_granting_institutions-0995,995,USA,universities_and_degree_granting_institutions,Homestead Schools,Torrance · CA,homesteadschools.net,https://homesteadschools.net,True,logos/usa_0995_homestead_schools.png,USA_Universities_Directory.pdf,126
usa-universities_and_degree_granting_institutions-0996,996,USA,universities_and_degree_granting_institutions,Hood College,Frederick · MD,hood.edu,https://hood.edu,True,logos/usa_0996_hood_college.png,USA_Universities_Directory.pdf,126
usa-universities_and_degree_granting_institutions-0997,997,USA,universities_and_degree_granting_institutions,Hood Theological Seminary,Salisbury · NC,hoodseminary.edu,https://hoodseminary.edu,True,logos/usa_0997_hood_theological_seminary.png,USA_Universities_Directory.pdf,126
usa-universities_and_degree_granting_institutions-0998,998,USA,universities_and_degree_granting_institutions,Hope College,Holland · MI,hope.edu,https://hope.edu,True,logos/usa_0998_hope_college.png,USA_Universities_Directory.pdf,126
usa-universities_and_degree_granting_institutions-0999,999,USA,universities_and_degree_granting_institutions,Hope International University,Fullerton · CA,hiu.edu,https://hiu.edu,True,logos/usa_0999_hope_international_university.png,USA_Universities_Directory.pdf,126
usa-universities_and_degree_granting_institutions-1000,1000,USA,universities_and_degree_granting_institutions,Horizon University,Indianapolis,horizonuniversity.edu,https://horizonuniversity.edu,True,logos/usa_1000_horizon_university.png,USA_Universities_Directory.pdf,126
usa-universities_and_degree_granting_institutions-1001,1001,USA,universities_and_degree_granting_institutions,Houghton University,Houghton · NY,houghton.edu,https://houghton.edu,True,logos/usa_1001_houghton_university.png,USA_Universities_Directory.pdf,127
usa-universities_and_degree_granting_institutions-1002,1002,USA,universities_and_degree_granting_institutions,Houston Christian University,Houston · TX,hc.edu,https://hc.edu,True,logos/usa_1002_houston_christian_university.png,USA_Universities_Directory.pdf,127
usa-universities_and_degree_granting_institutions-1003,1003,USA,universities_and_degree_granting_institutions,Houston Community College,Houston · TX,hccs.edu,https://hccs.edu,True,logos/usa_1003_houston_community_college.png,USA_Universities_Directory.pdf,127
usa-universities_and_degree_granting_institutions-1004,1004,USA,universities_and_degree_granting_institutions,Howard Payne University,Brownwood · TX,hputx.edu,https://hputx.edu,True,logos/usa_1004_howard_payne_university.png,USA_Universities_Directory.pdf,127
usa-universities_and_degree_granting_institutions-1005,1005,USA,universities_and_degree_granting_institutions,Howard University,Washington · DC,howard.edu,https://howard.edu,True,logos/usa_1005_howard_university.png,USA_Universities_Directory.pdf,127
usa-universities_and_degree_granting_institutions-1006,1006,USA,universities_and_degree_granting_institutions,Huertas College,Caguas · PR,huertas.edu,https://huertas.edu,True,logos/usa_1006_huertas_college.png,USA_Universities_Directory.pdf,127
usa-universities_and_degree_granting_institutions-1007,1007,USA,universities_and_degree_granting_institutions,Hult International Business School,Cambridge · MA,hult.edu,https://hult.edu,True,logos/usa_1007_hult_international_business_school.png,USA_Universities_Directory.pdf,127
usa-universities_and_degree_granting_institutions-1008,1008,USA,universities_and_degree_granting_institutions,Humacao Community College,Humacao · PR,hccpr.edu,https://hccpr.edu,False,,USA_Universities_Directory.pdf,127
usa-universities_and_degree_granting_institutions-1009,1009,USA,universities_and_degree_granting_institutions,Humphreys University-Stockton and Modesto Campuses,Stockton · CA,humphreys.edu,https://humphreys.edu,True,logos/usa_1009_humphreys_university_stockton_and_modesto_campuses.png,USA_Universities_Directory.pdf,128
usa-universities_and_degree_granting_institutions-1010,1010,USA,universities_and_degree_granting_institutions,Huntingdon College,Montgomery · AL,huntingdon.edu,https://huntingdon.edu,True,logos/usa_1010_huntingdon_college.png,USA_Universities_Directory.pdf,128
usa-universities_and_degree_granting_institutions-1011,1011,USA,universities_and_degree_granting_institutions,Huntington University,Huntington,huntington.edu,https://huntington.edu,True,logos/usa_1011_huntington_university.png,USA_Universities_Directory.pdf,128
usa-universities_and_degree_granting_institutions-1012,1012,USA,universities_and_degree_granting_institutions,Huntsville Bible College,Huntsville · AL,huntsvillebiblecollege.org,https://huntsvillebiblecollege.org,True,logos/usa_1012_huntsville_bible_college.png,USA_Universities_Directory.pdf,128
usa-universities_and_degree_granting_institutions-1013,1013,USA,universities_and_degree_granting_institutions,Husson University,Bangor · ME,husson.edu,https://husson.edu,True,logos/usa_1013_husson_university.png,USA_Universities_Directory.pdf,128
usa-universities_and_degree_granting_institutions-1014,1014,USA,universities_and_degree_granting_institutions,Huston-Tillotson University,Austin · TX,htu.edu,https://htu.edu,True,logos/usa_1014_huston_tillotson_university.png,USA_Universities_Directory.pdf,128
usa-universities_and_degree_granting_institutions-1015,1015,USA,universities_and_degree_granting_institutions,Icahn School of Medicine at Mount Sinai,New York · NY,icahn.mssm.edu,https://icahn.mssm.edu,True,logos/usa_1015_icahn_school_of_medicine_at_mount_sinai.png,USA_Universities_Directory.pdf,128
usa-universities_and_degree_granting_institutions-1016,1016,USA,universities_and_degree_granting_institutions,Idaho College of Osteopathic Medicine,Meridian,icom.edu,https://icom.edu,True,logos/usa_1016_idaho_college_of_osteopathic_medicine.png,USA_Universities_Directory.pdf,128
usa-universities_and_degree_granting_institutions-1017,1017,USA,universities_and_degree_granting_institutions,Idaho State University,Pocatello · ID,isu.edu,https://isu.edu,True,logos/usa_1017_idaho_state_university.png,USA_Universities_Directory.pdf,129
usa-universities_and_degree_granting_institutions-1018,1018,USA,universities_and_degree_granting_institutions,IE New York College,New York · NY,ienyc.edu,https://ienyc.edu,True,logos/usa_1018_ie_new_york_college.png,USA_Universities_Directory.pdf,129
usa-universities_and_degree_granting_institutions-1019,1019,USA,universities_and_degree_granting_institutions,Iliff School of Theology,Denver · CO,iliff.edu,https://iliff.edu,True,logos/usa_1019_iliff_school_of_theology.png,USA_Universities_Directory.pdf,129
usa-universities_and_degree_granting_institutions-1020,1020,USA,universities_and_degree_granting_institutions,Ilisagvik College,Barrow · AK,ilisagvik.edu,https://ilisagvik.edu,True,logos/usa_1020_ilisagvik_college.png,USA_Universities_Directory.pdf,129
usa-universities_and_degree_granting_institutions-1021,1021,USA,universities_and_degree_granting_institutions,Illinois College,Jacksonville,ic.edu,https://ic.edu,True,logos/usa_1021_illinois_college.png,USA_Universities_Directory.pdf,129
usa-universities_and_degree_granting_institutions-1022,1022,USA,universities_and_degree_granting_institutions,Illinois College of Optometry,Chicago · IL,ico.edu,https://ico.edu,True,logos/usa_1022_illinois_college_of_optometry.png,USA_Universities_Directory.pdf,129
usa-universities_and_degree_granting_institutions-1023,1023,USA,universities_and_degree_granting_institutions,Illinois Institute of Technology,Chicago · IL,iit.edu,https://iit.edu,True,logos/usa_1023_illinois_institute_of_technology.png,USA_Universities_Directory.pdf,129
usa-universities_and_degree_granting_institutions-1024,1024,USA,universities_and_degree_granting_institutions,Illinois State University,Normal · IL,illinoisstate.edu,https://illinoisstate.edu,True,logos/usa_1024_illinois_state_university.png,USA_Universities_Directory.pdf,129
usa-universities_and_degree_granting_institutions-1025,1025,USA,universities_and_degree_granting_institutions,Illinois Wesleyan University,Bloomington · IL,iwu.edu,https://iwu.edu,True,logos/usa_1025_illinois_wesleyan_university.png,USA_Universities_Directory.pdf,130
usa-universities_and_degree_granting_institutions-1026,1026,USA,universities_and_degree_granting_institutions,Immaculata University,Immaculata · PA,immaculata.edu,https://immaculata.edu,True,logos/usa_1026_immaculata_university.png,USA_Universities_Directory.pdf,130
usa-universities_and_degree_granting_institutions-1027,1027,USA,universities_and_degree_granting_institutions,Indian Bible College,Flagstaff · AZ,indianbible.org,https://indianbible.org,True,logos/usa_1027_indian_bible_college.png,USA_Universities_Directory.pdf,130
usa-universities_and_degree_granting_institutions-1028,1028,USA,universities_and_degree_granting_institutions,Indian River State College,Fort Pierce · FL,irsc.edu,https://irsc.edu,True,logos/usa_1028_indian_river_state_college.png,USA_Universities_Directory.pdf,130
usa-universities_and_degree_granting_institutions-1029,1029,USA,universities_and_degree_granting_institutions,Indiana Institute of Technology,Fort Wayne · IN,indianatech.edu,https://indianatech.edu,True,logos/usa_1029_indiana_institute_of_technology.png,USA_Universities_Directory.pdf,130
usa-universities_and_degree_granting_institutions-1030,1030,USA,universities_and_degree_granting_institutions,Indiana Institute of Technology-College of Professional Studies,Fort Wayne · IN,cps.indianatech.edu,https://cps.indianatech.edu,True,logos/usa_1030_indiana_institute_of_technology_college_of_professional_studies.png,USA_Universities_Directory.pdf,130
usa-universities_and_degree_granting_institutions-1031,1031,USA,universities_and_degree_granting_institutions,Indiana State University,Terre Haute · IN,indianastate.edu,https://indianastate.edu,True,logos/usa_1031_indiana_state_university.png,USA_Universities_Directory.pdf,130
usa-universities_and_degree_granting_institutions-1032,1032,USA,universities_and_degree_granting_institutions,Indiana University of Pennsylvania-Main Campus,Indiana · PA,iup.edu,https://iup.edu,True,logos/usa_1032_indiana_university_of_pennsylvania_main_campus.png,USA_Universities_Directory.pdf,130
usa-universities_and_degree_granting_institutions-1033,1033,USA,universities_and_degree_granting_institutions,Indiana University-Bloomington,Bloomington,bloomington.iu.edu,https://bloomington.iu.edu,True,logos/usa_1033_indiana_university_bloomington.png,USA_Universities_Directory.pdf,131
usa-universities_and_degree_granting_institutions-1034,1034,USA,universities_and_degree_granting_institutions,Indiana University-East,Richmond · IN,east.iu.edu,https://east.iu.edu,True,logos/usa_1034_indiana_university_east.png,USA_Universities_Directory.pdf,131
usa-universities_and_degree_granting_institutions-1035,1035,USA,universities_and_degree_granting_institutions,Indiana University-Indianapolis,Indianapolis,indianapolis.iu.edu,https://indianapolis.iu.edu,True,logos/usa_1035_indiana_university_indianapolis.png,USA_Universities_Directory.pdf,131
usa-universities_and_degree_granting_institutions-1036,1036,USA,universities_and_degree_granting_institutions,Indiana University-Kokomo,Kokomo · IN,kokomo.iu.edu,https://kokomo.iu.edu,True,logos/usa_1036_indiana_university_kokomo.png,USA_Universities_Directory.pdf,131
usa-universities_and_degree_granting_institutions-1037,1037,USA,universities_and_degree_granting_institutions,Indiana University-Northwest,Gary · IN,northwest.iu.edu,https://northwest.iu.edu,True,logos/usa_1037_indiana_university_northwest.png,USA_Universities_Directory.pdf,131
usa-universities_and_degree_granting_institutions-1038,1038,USA,universities_and_degree_granting_institutions,Indiana University-South Bend,South Bend · IN,southbend.iu.edu,https://southbend.iu.edu,True,logos/usa_1038_indiana_university_south_bend.png,USA_Universities_Directory.pdf,131
usa-universities_and_degree_granting_institutions-1039,1039,USA,universities_and_degree_granting_institutions,Indiana University-Southeast,New Albany · IN,southeast.iu.edu,https://southeast.iu.edu,True,logos/usa_1039_indiana_university_southeast.png,USA_Universities_Directory.pdf,131
usa-universities_and_degree_granting_institutions-1040,1040,USA,universities_and_degree_granting_institutions,Indiana Wesleyan University-Marion,Marion · IN,indwes.edu,https://indwes.edu,True,logos/usa_1040_indiana_wesleyan_university_marion.png,USA_Universities_Directory.pdf,131
usa-universities_and_degree_granting_institutions-1041,1041,USA,universities_and_degree_granting_institutions,Indiana Wesleyan University-National & Global,Marion · IN,indwes.edu,https://indwes.edu,True,logos/usa_1041_indiana_wesleyan_university_national_global.png,USA_Universities_Directory.pdf,132
usa-universities_and_degree_granting_institutions-1042,1042,USA,universities_and_degree_granting_institutions,Institute for Clinical Social Work,Chicago · IL,icsw.edu,https://icsw.edu,True,logos/usa_1042_institute_for_clinical_social_work.png,USA_Universities_Directory.pdf,132
usa-universities_and_degree_granting_institutions-1043,1043,USA,universities_and_degree_granting_institutions,Institute for Doctoral Studies in the Visual Arts,Portland · ME,idsva.edu,https://idsva.edu,True,logos/usa_1043_institute_for_doctoral_studies_in_the_visual_arts.png,USA_Universities_Directory.pdf,132
usa-universities_and_degree_granting_institutions-1044,1044,USA,universities_and_degree_granting_institutions,Institute of American Indian and Alaska Native Culture and Arts Development,Santa Fe · NM,iaia.edu,https://iaia.edu,True,logos/usa_1044_institute_of_american_indian_and_alaska_native_culture_and_arts_develo.png,USA_Universities_Directory.pdf,132
usa-universities_and_degree_granting_institutions-1045,1045,USA,universities_and_degree_granting_institutions,Institute of Buddhist Studies,Berkeley · CA,shin-ibs.edu,https://shin-ibs.edu,True,logos/usa_1045_institute_of_buddhist_studies.png,USA_Universities_Directory.pdf,132
usa-universities_and_degree_granting_institutions-1046,1046,USA,universities_and_degree_granting_institutions,Institute of Clinical Acupuncture & Oriental Medicine,Honolulu · HI,orientalmedicine.edu,https://orientalmedicine.edu,False,,USA_Universities_Directory.pdf,132
usa-universities_and_degree_granting_institutions-1047,1047,USA,universities_and_degree_granting_institutions,Institute of Lutheran Theology,Brookings · SD,ilt.edu,https://ilt.edu,True,logos/usa_1047_institute_of_lutheran_theology.png,USA_Universities_Directory.pdf,132
usa-universities_and_degree_granting_institutions-1048,1048,USA,universities_and_degree_granting_institutions,Institute of Taoist Education and Acupuncture,Louisville · CO,itea.edu,https://itea.edu,True,logos/usa_1048_institute_of_taoist_education_and_acupuncture.png,USA_Universities_Directory.pdf,132
usa-universities_and_degree_granting_institutions-1049,1049,USA,universities_and_degree_granting_institutions,Institute of World Politics,Washington · DC,iwp.edu,https://iwp.edu,True,logos/usa_1049_institute_of_world_politics.png,USA_Universities_Directory.pdf,133
usa-universities_and_degree_granting_institutions-1050,1050,USA,universities_and_degree_granting_institutions,Integrity College of Health,Pasadena · CA,ich.edu,https://ich.edu,True,logos/usa_1050_integrity_college_of_health.png,USA_Universities_Directory.pdf,133
usa-universities_and_degree_granting_institutions-1051,1051,USA,universities_and_degree_granting_institutions,Inter American University of Puerto Rico-Aguadilla,Aguadilla · PR,aguadilla.inter.edu,https://aguadilla.inter.edu,True,logos/usa_1051_inter_american_university_of_puerto_rico_aguadilla.png,USA_Universities_Directory.pdf,133
usa-universities_and_degree_granting_institutions-1052,1052,USA,universities_and_degree_granting_institutions,Inter American University of Puerto Rico-Arecibo,Arecibo · PR,arecibo.inter.edu,https://arecibo.inter.edu,True,logos/usa_1052_inter_american_university_of_puerto_rico_arecibo.png,USA_Universities_Directory.pdf,133
usa-universities_and_degree_granting_institutions-1053,1053,USA,universities_and_degree_granting_institutions,Inter American University of Puerto Rico-Barranquitas,Barranquitas · PR,br.inter.edu,https://br.inter.edu,True,logos/usa_1053_inter_american_university_of_puerto_rico_barranquitas.png,USA_Universities_Directory.pdf,133
usa-universities_and_degree_granting_institutions-1054,1054,USA,universities_and_degree_granting_institutions,Inter American University of Puerto Rico-Bayamon,Bayamon · PR,bayamon.inter.edu,https://bayamon.inter.edu,False,,USA_Universities_Directory.pdf,133
usa-universities_and_degree_granting_institutions-1055,1055,USA,universities_and_degree_granting_institutions,Inter American University of Puerto Rico-Central Office,San Juan · PR,inter.edu,https://inter.edu,True,logos/usa_1055_inter_american_university_of_puerto_rico_central_office.png,USA_Universities_Directory.pdf,133
usa-universities_and_degree_granting_institutions-1056,1056,USA,universities_and_degree_granting_institutions,Inter American University of Puerto Rico-Fajardo,Fajardo · PR,fajardo.inter.edu,https://fajardo.inter.edu,False,,USA_Universities_Directory.pdf,133
usa-universities_and_degree_granting_institutions-1057,1057,USA,universities_and_degree_granting_institutions,Inter American University of Puerto Rico-Guayama,Guayama · PR,guayama.inter.edu,https://guayama.inter.edu,False,,USA_Universities_Directory.pdf,134
usa-universities_and_degree_granting_institutions-1058,1058,USA,universities_and_degree_granting_institutions,Inter American University of Puerto Rico-Metro,San Juan · PR,metro.inter.edu,https://metro.inter.edu,True,logos/usa_1058_inter_american_university_of_puerto_rico_metro.png,USA_Universities_Directory.pdf,134
usa-universities_and_degree_granting_institutions-1059,1059,USA,universities_and_degree_granting_institutions,Inter American University of Puerto Rico-Ponce,Mercedita · PR,ponce.inter.edu,https://ponce.inter.edu,False,,USA_Universities_Directory.pdf,134
usa-universities_and_degree_granting_institutions-1060,1060,USA,universities_and_degree_granting_institutions,Inter American University of Puerto Rico-San German,San German · PR,sg.inter.edu,https://sg.inter.edu,False,,USA_Universities_Directory.pdf,134
usa-universities_and_degree_granting_institutions-1061,1061,USA,universities_and_degree_granting_institutions,Inter American University of Puerto Rico-School of Law,San Juan · PR,derecho.inter.edu,https://derecho.inter.edu,False,,USA_Universities_Directory.pdf,134
usa-universities_and_degree_granting_institutions-1062,1062,USA,universities_and_degree_granting_institutions,Inter American University of Puerto Rico-School of Optometry,Bayamon · PR,optonet.inter.edu,https://optonet.inter.edu,True,logos/usa_1062_inter_american_university_of_puerto_rico_school_of_optometry.png,USA_Universities_Directory.pdf,134
usa-universities_and_degree_granting_institutions-1063,1063,USA,universities_and_degree_granting_institutions,InterCoast Colleges-West Covina,West Covina · CA,intercoast.edu,https://intercoast.edu,True,logos/usa_1063_intercoast_colleges_west_covina.png,USA_Universities_Directory.pdf,134
usa-universities_and_degree_granting_institutions-1064,1064,USA,universities_and_degree_granting_institutions,Interdenominational Theological Center,Atlanta · GA,itc.edu,https://itc.edu,True,logos/usa_1064_interdenominational_theological_center.png,USA_Universities_Directory.pdf,134
usa-universities_and_degree_granting_institutions-1065,1065,USA,universities_and_degree_granting_institutions,Interior Designers Institute,Newport Beach · CA,idi.edu,https://idi.edu,True,logos/usa_1065_interior_designers_institute.png,USA_Universities_Directory.pdf,135
usa-universities_and_degree_granting_institutions-1066,1066,USA,universities_and_degree_granting_institutions,International Baptist College and Seminary,Chandler · AZ,ibcs.edu,https://ibcs.edu,True,logos/usa_1066_international_baptist_college_and_seminary.png,USA_Universities_Directory.pdf,135
usa-universities_and_degree_granting_institutions-1067,1067,USA,universities_and_degree_granting_institutions,International Institute for Restorative Practices,Bethlehem · PA,iirp.edu,https://iirp.edu,True,logos/usa_1067_international_institute_for_restorative_practices.png,USA_Universities_Directory.pdf,135
usa-universities_and_degree_granting_institutions-1068,1068,USA,universities_and_degree_granting_institutions,Iona University,New Rochelle · NY,iona.edu,https://iona.edu,True,logos/usa_1068_iona_university.png,USA_Universities_Directory.pdf,135
usa-universities_and_degree_granting_institutions-1069,1069,USA,universities_and_degree_granting_institutions,Iowa State University,Ames · IA,iastate.edu,https://iastate.edu,True,logos/usa_1069_iowa_state_university.png,USA_Universities_Directory.pdf,135
usa-universities_and_degree_granting_institutions-1070,1070,USA,universities_and_degree_granting_institutions,Ithaca College,Ithaca · NY,ithaca.edu,https://ithaca.edu,True,logos/usa_1070_ithaca_college.png,USA_Universities_Directory.pdf,135
usa-universities_and_degree_granting_institutions-1071,1071,USA,universities_and_degree_granting_institutions,Jackson College,Jackson · MI,jccmi.edu,https://jccmi.edu,True,logos/usa_1071_jackson_college.png,USA_Universities_Directory.pdf,135
usa-universities_and_degree_granting_institutions-1072,1072,USA,universities_and_degree_granting_institutions,Jackson State University,Jackson · MS,jsums.edu,https://jsums.edu,True,logos/usa_1072_jackson_state_university.png,USA_Universities_Directory.pdf,135
usa-universities_and_degree_granting_institutions-1073,1073,USA,universities_and_degree_granting_institutions,Jackson Theological Seminary,North Little Rock · AR,jtseminary.edu,https://jtseminary.edu,True,logos/usa_1073_jackson_theological_seminary.png,USA_Universities_Directory.pdf,136
usa-universities_and_degree_granting_institutions-1074,1074,USA,universities_and_degree_granting_institutions,Jacksonville State University,Jacksonville · AL,jsu.edu,https://jsu.edu,True,logos/usa_1074_jacksonville_state_university.png,USA_Universities_Directory.pdf,136
usa-universities_and_degree_granting_institutions-1075,1075,USA,universities_and_degree_granting_institutions,Jacksonville University,Jacksonville · FL,ju.edu,https://ju.edu,True,logos/usa_1075_jacksonville_university.png,USA_Universities_Directory.pdf,136
usa-universities_and_degree_granting_institutions-1076,1076,USA,universities_and_degree_granting_institutions,James A. Rhodes State College,Lima · OH,rhodesstate.edu,https://rhodesstate.edu,True,logos/usa_1076_james_a_rhodes_state_college.png,USA_Universities_Directory.pdf,136
usa-universities_and_degree_granting_institutions-1077,1077,USA,universities_and_degree_granting_institutions,James Madison University,Harrisonburg · VA,jmu.edu,https://jmu.edu,True,logos/usa_1077_james_madison_university.png,USA_Universities_Directory.pdf,136
usa-universities_and_degree_granting_institutions-1078,1078,USA,universities_and_degree_granting_institutions,Jamestown Business College,Jamestown · NY,jbc.edu,https://jbc.edu,True,logos/usa_1078_jamestown_business_college.png,USA_Universities_Directory.pdf,136
usa-universities_and_degree_granting_institutions-1079,1079,USA,universities_and_degree_granting_institutions,Jarvis Christian University,Hawkins · TX,jarvis.edu,https://jarvis.edu,True,logos/usa_1079_jarvis_christian_university.png,USA_Universities_Directory.pdf,136
usa-universities_and_degree_granting_institutions-1080,1080,USA,universities_and_degree_granting_institutions,Jewish Theological Seminary of America,New York · NY,jtsa.edu,https://jtsa.edu,True,logos/usa_1080_jewish_theological_seminary_of_america.png,USA_Universities_Directory.pdf,136
usa-universities_and_degree_granting_institutions-1081,1081,USA,universities_and_degree_granting_institutions,John Brown University,Siloam Springs · AR,jbu.edu,https://jbu.edu,True,logos/usa_1081_john_brown_university.png,USA_Universities_Directory.pdf,137
usa-universities_and_degree_granting_institutions-1082,1082,USA,universities_and_degree_granting_institutions,John Carroll University,University Heights · OH,jcu.edu,https://jcu.edu,True,logos/usa_1082_john_carroll_university.png,USA_Universities_Directory.pdf,137
usa-universities_and_degree_granting_institutions-1083,1083,USA,universities_and_degree_granting_institutions,John Patrick University of Health and Applied Sciences,South Bend · IN,jpu.edu,https://jpu.edu,True,logos/usa_1083_john_patrick_university_of_health_and_applied_sciences.png,USA_Universities_Directory.pdf,137
usa-universities_and_degree_granting_institutions-1084,1084,USA,universities_and_degree_granting_institutions,John Paul the Great Catholic University,Escondido · CA,jpcatholic.edu,https://jpcatholic.edu,True,logos/usa_1084_john_paul_the_great_catholic_university.png,USA_Universities_Directory.pdf,137
usa-universities_and_degree_granting_institutions-1085,1085,USA,universities_and_degree_granting_institutions,Johns Hopkins University,Baltimore · MD,jhu.edu,https://jhu.edu,True,logos/usa_1085_johns_hopkins_university.png,USA_Universities_Directory.pdf,137
usa-universities_and_degree_granting_institutions-1086,1086,USA,universities_and_degree_granting_institutions,Johnson & Wales University-Charlotte,Charlotte · NC,jwu.edu,https://jwu.edu,True,logos/usa_1086_johnson_wales_university_charlotte.png,USA_Universities_Directory.pdf,137
usa-universities_and_degree_granting_institutions-1087,1087,USA,universities_and_degree_granting_institutions,Johnson & Wales University-Online,Providence · RI,online.jwu.edu,https://online.jwu.edu,True,logos/usa_1087_johnson_wales_university_online.png,USA_Universities_Directory.pdf,137
usa-universities_and_degree_granting_institutions-1088,1088,USA,universities_and_degree_granting_institutions,Johnson & Wales University-Providence,Providence · RI,jwu.edu,https://jwu.edu,True,logos/usa_1088_johnson_wales_university_providence.png,USA_Universities_Directory.pdf,137
usa-universities_and_degree_granting_institutions-1089,1089,USA,universities_and_degree_granting_institutions,Johnson C Smith University,Charlotte · NC,jcsu.edu,https://jcsu.edu,True,logos/usa_1089_johnson_c_smith_university.png,USA_Universities_Directory.pdf,138
usa-universities_and_degree_granting_institutions-1090,1090,USA,universities_and_degree_granting_institutions,Johnson University,Knoxville · TN,johnsonu.edu,https://johnsonu.edu,True,logos/usa_1090_johnson_university.png,USA_Universities_Directory.pdf,138
usa-universities_and_degree_granting_institutions-1091,1091,USA,universities_and_degree_granting_institutions,Jose Maria Vargas University,Pembroke Pines · FL,jmvu.edu,https://jmvu.edu,True,logos/usa_1091_jose_maria_vargas_university.png,USA_Universities_Directory.pdf,138
usa-universities_and_degree_granting_institutions-1092,1092,USA,universities_and_degree_granting_institutions,Joyce University of Nursing and Health Sciences,Draper · UT,joyce.edu,https://joyce.edu,True,logos/usa_1092_joyce_university_of_nursing_and_health_sciences.png,USA_Universities_Directory.pdf,138
usa-universities_and_degree_granting_institutions-1093,1093,USA,universities_and_degree_granting_institutions,Judson University,Elgin · IL,judsonu.edu,https://judsonu.edu,True,logos/usa_1093_judson_university.png,USA_Universities_Directory.pdf,138
usa-universities_and_degree_granting_institutions-1094,1094,USA,universities_and_degree_granting_institutions,Jung Tao School of Classical Chinese Medicine,Sugar Grove · NC,jungtao.edu,https://jungtao.edu,True,logos/usa_1094_jung_tao_school_of_classical_chinese_medicine.png,USA_Universities_Directory.pdf,138
usa-universities_and_degree_granting_institutions-1095,1095,USA,universities_and_degree_granting_institutions,Juniata College,Huntingdon · PA,juniata.edu,https://juniata.edu,True,logos/usa_1095_juniata_college.png,USA_Universities_Directory.pdf,138
usa-universities_and_degree_granting_institutions-1096,1096,USA,universities_and_degree_granting_institutions,Justice University,Chandler · AZ,justiceuniversity.edu,https://justiceuniversity.edu,True,logos/usa_1096_justice_university.png,USA_Universities_Directory.pdf,138
usa-universities_and_degree_granting_institutions-1097,1097,USA,universities_and_degree_granting_institutions,Kairos University,Sioux Falls · SD,kairos.edu,https://kairos.edu,True,logos/usa_1097_kairos_university.png,USA_Universities_Directory.pdf,139
usa-universities_and_degree_granting_institutions-1098,1098,USA,universities_and_degree_granting_institutions,Kalamazoo College,Kalamazoo · MI,kzoo.edu,https://kzoo.edu,True,logos/usa_1098_kalamazoo_college.png,USA_Universities_Directory.pdf,139
usa-universities_and_degree_granting_institutions-1099,1099,USA,universities_and_degree_granting_institutions,Kansas Christian College,Overland Park · KS,kansaschristian.edu,https://kansaschristian.edu,True,logos/usa_1099_kansas_christian_college.png,USA_Universities_Directory.pdf,139
usa-universities_and_degree_granting_institutions-1100,1100,USA,universities_and_degree_granting_institutions,Kansas City Art Institute,Kansas City · MO,kcai.edu,https://kcai.edu,True,logos/usa_1100_kansas_city_art_institute.png,USA_Universities_Directory.pdf,139
usa-universities_and_degree_granting_institutions-1101,1101,USA,universities_and_degree_granting_institutions,Kansas City University,Kansas City · MO,kansascity.edu,https://kansascity.edu,True,logos/usa_1101_kansas_city_university.png,USA_Universities_Directory.pdf,139
usa-universities_and_degree_granting_institutions-1102,1102,USA,universities_and_degree_granting_institutions,Kansas Health Science University,Wichita · KS,kansascom.kansashsu.org,https://kansascom.kansashsu.org,True,logos/usa_1102_kansas_health_science_university.png,USA_Universities_Directory.pdf,139
usa-universities_and_degree_granting_institutions-1103,1103,USA,universities_and_degree_granting_institutions,Kansas State University,Manhattan · KS,k-state.edu,https://k-state.edu,True,logos/usa_1103_kansas_state_university.png,USA_Universities_Directory.pdf,139
usa-universities_and_degree_granting_institutions-1104,1104,USA,universities_and_degree_granting_institutions,Kansas Wesleyan University,Salina · KS,kwu.edu,https://kwu.edu,True,logos/usa_1104_kansas_wesleyan_university.png,USA_Universities_Directory.pdf,139
usa-universities_and_degree_granting_institutions-1105,1105,USA,universities_and_degree_granting_institutions,Kean University,Union · NJ,kean.edu,https://kean.edu,True,logos/usa_1105_kean_university.png,USA_Universities_Directory.pdf,140
usa-universities_and_degree_granting_institutions-1106,1106,USA,universities_and_degree_granting_institutions,Keck Graduate Institute,Claremont · CA,kgi.edu,https://kgi.edu,True,logos/usa_1106_keck_graduate_institute.png,USA_Universities_Directory.pdf,140
usa-universities_and_degree_granting_institutions-1107,1107,USA,universities_and_degree_granting_institutions,Keene State College,Keene · NH,keene.edu,https://keene.edu,True,logos/usa_1107_keene_state_college.png,USA_Universities_Directory.pdf,140
usa-universities_and_degree_granting_institutions-1108,1108,USA,universities_and_degree_granting_institutions,Kehilath Yakov Rabbinical Seminary,Ossining · NY,kehilathyakov.com,https://kehilathyakov.com,False,,USA_Universities_Directory.pdf,140
usa-universities_and_degree_granting_institutions-1109,1109,USA,universities_and_degree_granting_institutions,Keiser University-Ft Lauderdale,Fort Lauderdale · FL,keiseruniversity.edu,https://keiseruniversity.edu,True,logos/usa_1109_keiser_university_ft_lauderdale.png,USA_Universities_Directory.pdf,140
usa-universities_and_degree_granting_institutions-1110,1110,USA,universities_and_degree_granting_institutions,Kennedy University of Baptist,Miami · FL,kennedy.edu.pl,https://kennedy.edu.pl,True,logos/usa_1110_kennedy_university_of_baptist.png,USA_Universities_Directory.pdf,140
usa-universities_and_degree_granting_institutions-1111,1111,USA,universities_and_degree_granting_institutions,Kennesaw State University,Kennesaw · GA,kennesaw.edu,https://kennesaw.edu,True,logos/usa_1111_kennesaw_state_university.png,USA_Universities_Directory.pdf,140
usa-universities_and_degree_granting_institutions-1112,1112,USA,universities_and_degree_granting_institutions,Kenrick Glennon Seminary,Saint Louis · MO,kenrick.edu,https://kenrick.edu,True,logos/usa_1112_kenrick_glennon_seminary.png,USA_Universities_Directory.pdf,140
usa-universities_and_degree_granting_institutions-1113,1113,USA,universities_and_degree_granting_institutions,Kent State University at Ashtabula,Ashtabula · OH,kent.edu,https://kent.edu,True,logos/usa_1113_kent_state_university_at_ashtabula.png,USA_Universities_Directory.pdf,141
usa-universities_and_degree_granting_institutions-1114,1114,USA,universities_and_degree_granting_institutions,Kent State University at East Liverpool,East Liverpool · OH,kent.edu,https://kent.edu,True,logos/usa_1114_kent_state_university_at_east_liverpool.png,USA_Universities_Directory.pdf,141
usa-universities_and_degree_granting_institutions-1115,1115,USA,universities_and_degree_granting_institutions,Kent State University at Geauga,Burton · OH,kent.edu,https://kent.edu,True,logos/usa_1115_kent_state_university_at_geauga.png,USA_Universities_Directory.pdf,141
usa-universities_and_degree_granting_institutions-1116,1116,USA,universities_and_degree_granting_institutions,Kent State University at Kent,Kent · OH,kent.edu,https://kent.edu,True,logos/usa_1116_kent_state_university_at_kent.png,USA_Universities_Directory.pdf,141
usa-universities_and_degree_granting_institutions-1117,1117,USA,universities_and_degree_granting_institutions,Kent State University at Salem,Salem · OH,kent.edu,https://kent.edu,True,logos/usa_1117_kent_state_university_at_salem.png,USA_Universities_Directory.pdf,141
usa-universities_and_degree_granting_institutions-1118,1118,USA,universities_and_degree_granting_institutions,Kent State University at Stark,North Canton · OH,kent.edu,https://kent.edu,True,logos/usa_1118_kent_state_university_at_stark.png,USA_Universities_Directory.pdf,141
usa-universities_and_degree_granting_institutions-1119,1119,USA,universities_and_degree_granting_institutions,Kent State University at Trumbull,Warren · OH,kent.edu,https://kent.edu,True,logos/usa_1119_kent_state_university_at_trumbull.png,USA_Universities_Directory.pdf,141
usa-universities_and_degree_granting_institutions-1120,1120,USA,universities_and_degree_granting_institutions,Kent State University at Tuscarawas,New Philadelphia · OH,kent.edu,https://kent.edu,True,logos/usa_1120_kent_state_university_at_tuscarawas.png,USA_Universities_Directory.pdf,141
usa-universities_and_degree_granting_institutions-1121,1121,USA,universities_and_degree_granting_institutions,Kentucky Christian University,Grayson · KY,kcu.edu,https://kcu.edu,True,logos/usa_1121_kentucky_christian_university.png,USA_Universities_Directory.pdf,142
usa-universities_and_degree_granting_institutions-1122,1122,USA,universities_and_degree_granting_institutions,Kentucky Mountain Bible College,Jackson · KY,kmbc.edu,https://kmbc.edu,True,logos/usa_1122_kentucky_mountain_bible_college.png,USA_Universities_Directory.pdf,142
usa-universities_and_degree_granting_institutions-1123,1123,USA,universities_and_degree_granting_institutions,Kentucky State University,Frankfort · KY,kysu.edu,https://kysu.edu,True,logos/usa_1123_kentucky_state_university.png,USA_Universities_Directory.pdf,142
usa-universities_and_degree_granting_institutions-1124,1124,USA,universities_and_degree_granting_institutions,Kentucky Wesleyan College,Owensboro · KY,kwc.edu,https://kwc.edu,True,logos/usa_1124_kentucky_wesleyan_college.png,USA_Universities_Directory.pdf,142
usa-universities_and_degree_granting_institutions-1125,1125,USA,universities_and_degree_granting_institutions,Kenyon College,Gambier · OH,kenyon.edu,https://kenyon.edu,True,logos/usa_1125_kenyon_college.png,USA_Universities_Directory.pdf,142
usa-universities_and_degree_granting_institutions-1126,1126,USA,universities_and_degree_granting_institutions,Keser Torah-Mayan Hatalmud,Lakewood · NJ,mayanhatalmud.org,https://mayanhatalmud.org,True,logos/usa_1126_keser_torah_mayan_hatalmud.png,USA_Universities_Directory.pdf,142
usa-universities_and_degree_granting_institutions-1127,1127,USA,universities_and_degree_granting_institutions,Kettering College,Kettering · OH,kc.edu,https://kc.edu,True,logos/usa_1127_kettering_college.png,USA_Universities_Directory.pdf,142
usa-universities_and_degree_granting_institutions-1128,1128,USA,universities_and_degree_granting_institutions,Kettering University,Flint · MI,kettering.edu,https://kettering.edu,True,logos/usa_1128_kettering_university.png,USA_Universities_Directory.pdf,142
usa-universities_and_degree_granting_institutions-1129,1129,USA,universities_and_degree_granting_institutions,Keuka College,Keuka Park · NY,keuka.edu,https://keuka.edu,True,logos/usa_1129_keuka_college.png,USA_Universities_Directory.pdf,143
usa-universities_and_degree_granting_institutions-1130,1130,USA,universities_and_degree_granting_institutions,Keystone College,La Plume · PA,keystone.edu,https://keystone.edu,True,logos/usa_1130_keystone_college.png,USA_Universities_Directory.pdf,143
usa-universities_and_degree_granting_institutions-1131,1131,USA,universities_and_degree_granting_institutions,King University,Bristol · TN,king.edu,https://king.edu,True,logos/usa_1131_king_university.png,USA_Universities_Directory.pdf,143
usa-universities_and_degree_granting_institutions-1132,1132,USA,universities_and_degree_granting_institutions,King's College,Wilkes-Barre · PA,kings.edu,https://kings.edu,True,logos/usa_1132_king_s_college.png,USA_Universities_Directory.pdf,143
usa-universities_and_degree_granting_institutions-1133,1133,USA,universities_and_degree_granting_institutions,Knox College,Galesburg · IL,knox.edu,https://knox.edu,True,logos/usa_1133_knox_college.png,USA_Universities_Directory.pdf,143
usa-universities_and_degree_granting_institutions-1134,1134,USA,universities_and_degree_granting_institutions,Kutztown University of Pennsylvania,Kutztown · PA,kutztown.edu,https://kutztown.edu,True,logos/usa_1134_kutztown_university_of_pennsylvania.png,USA_Universities_Directory.pdf,143
usa-universities_and_degree_granting_institutions-1135,1135,USA,universities_and_degree_granting_institutions,Kuyper College,Grand Rapids · MI,kuyper.edu,https://kuyper.edu,True,logos/usa_1135_kuyper_college.png,USA_Universities_Directory.pdf,143
usa-universities_and_degree_granting_institutions-1136,1136,USA,universities_and_degree_granting_institutions,La Roche University,Pittsburgh · PA,laroche.edu,https://laroche.edu,True,logos/usa_1136_la_roche_university.png,USA_Universities_Directory.pdf,143
usa-universities_and_degree_granting_institutions-1137,1137,USA,universities_and_degree_granting_institutions,La Salle University,Philadelphia · PA,lasalle.edu,https://lasalle.edu,True,logos/usa_1137_la_salle_university.png,USA_Universities_Directory.pdf,144
usa-universities_and_degree_granting_institutions-1138,1138,USA,universities_and_degree_granting_institutions,La Sierra University,Riverside · CA,lasierra.edu,https://lasierra.edu,True,logos/usa_1138_la_sierra_university.png,USA_Universities_Directory.pdf,144
usa-universities_and_degree_granting_institutions-1139,1139,USA,universities_and_degree_granting_institutions,Laboure College of Healthcare,Milton · MA,laboure.edu,https://laboure.edu,True,logos/usa_1139_laboure_college_of_healthcare.png,USA_Universities_Directory.pdf,144
usa-universities_and_degree_granting_institutions-1140,1140,USA,universities_and_degree_granting_institutions,Lac Courte Oreilles Ojibwe University,Hayward · WI,lco.edu,https://lco.edu,True,logos/usa_1140_lac_courte_oreilles_ojibwe_university.png,USA_Universities_Directory.pdf,144
usa-universities_and_degree_granting_institutions-1141,1141,USA,universities_and_degree_granting_institutions,Lackawanna College,Scranton · PA,lackawanna.edu,https://lackawanna.edu,True,logos/usa_1141_lackawanna_college.png,USA_Universities_Directory.pdf,144
usa-universities_and_degree_granting_institutions-1142,1142,USA,universities_and_degree_granting_institutions,Lafayette College,Easton · PA,lafayette.edu,https://lafayette.edu,True,logos/usa_1142_lafayette_college.png,USA_Universities_Directory.pdf,144
usa-universities_and_degree_granting_institutions-1143,1143,USA,universities_and_degree_granting_institutions,LaGrange College,Lagrange · GA,lagrange.edu,https://lagrange.edu,True,logos/usa_1143_lagrange_college.png,USA_Universities_Directory.pdf,144
usa-universities_and_degree_granting_institutions-1144,1144,USA,universities_and_degree_granting_institutions,Laguna College of Art and Design,Laguna Beach · CA,lcad.edu,https://lcad.edu,True,logos/usa_1144_laguna_college_of_art_and_design.png,USA_Universities_Directory.pdf,144
usa-universities_and_degree_granting_institutions-1145,1145,USA,universities_and_degree_granting_institutions,Lake Erie College,Painesville · OH,lec.edu,https://lec.edu,True,logos/usa_1145_lake_erie_college.png,USA_Universities_Directory.pdf,145
usa-universities_and_degree_granting_institutions-1146,1146,USA,universities_and_degree_granting_institutions,Lake Erie College of Osteopathic Medicine,Erie · PA,lecom.edu,https://lecom.edu,True,logos/usa_1146_lake_erie_college_of_osteopathic_medicine.png,USA_Universities_Directory.pdf,145
usa-universities_and_degree_granting_institutions-1147,1147,USA,universities_and_degree_granting_institutions,Lake Forest College,Lake Forest · IL,lakeforest.edu,https://lakeforest.edu,True,logos/usa_1147_lake_forest_college.png,USA_Universities_Directory.pdf,145
usa-universities_and_degree_granting_institutions-1148,1148,USA,universities_and_degree_granting_institutions,Lake Forest Graduate School of Management,Lake Forest · IL,lfgsm.edu,https://lfgsm.edu,True,logos/usa_1148_lake_forest_graduate_school_of_management.png,USA_Universities_Directory.pdf,145
usa-universities_and_degree_granting_institutions-1149,1149,USA,universities_and_degree_granting_institutions,Lake Superior State University,Sault Ste Marie · MI,lssu.edu,https://lssu.edu,True,logos/usa_1149_lake_superior_state_university.png,USA_Universities_Directory.pdf,145
usa-universities_and_degree_granting_institutions-1150,1150,USA,universities_and_degree_granting_institutions,Lake Washington Institute of Technology,Kirkland · WA,lwtech.edu,https://lwtech.edu,True,logos/usa_1150_lake_washington_institute_of_technology.png,USA_Universities_Directory.pdf,145
usa-universities_and_degree_granting_institutions-1151,1151,USA,universities_and_degree_granting_institutions,Lake-Sumter State College,Leesburg · FL,lssc.edu,https://lssc.edu,True,logos/usa_1151_lake_sumter_state_college.png,USA_Universities_Directory.pdf,145
usa-universities_and_degree_granting_institutions-1152,1152,USA,universities_and_degree_granting_institutions,Lakeland University,Plymouth · WI,lakeland.edu,https://lakeland.edu,True,logos/usa_1152_lakeland_university.png,USA_Universities_Directory.pdf,145
usa-universities_and_degree_granting_institutions-1153,1153,USA,universities_and_degree_granting_institutions,Lakeview College of Nursing,Danville,lcn.edu,https://lcn.edu,True,logos/usa_1153_lakeview_college_of_nursing.png,USA_Universities_Directory.pdf,146
usa-universities_and_degree_granting_institutions-1154,1154,USA,universities_and_degree_granting_institutions,Lakewood University,Cleveland Heights · OH,lakewood.edu,https://lakewood.edu,True,logos/usa_1154_lakewood_university.png,USA_Universities_Directory.pdf,146
usa-universities_and_degree_granting_institutions-1155,1155,USA,universities_and_degree_granting_institutions,Lamar University,Beaumont · TX,lamar.edu,https://lamar.edu,True,logos/usa_1155_lamar_university.png,USA_Universities_Directory.pdf,146
usa-universities_and_degree_granting_institutions-1156,1156,USA,universities_and_degree_granting_institutions,Lancaster Bible College,Lancaster · PA,lbc.edu,https://lbc.edu,True,logos/usa_1156_lancaster_bible_college.png,USA_Universities_Directory.pdf,146
usa-universities_and_degree_granting_institutions-1157,1157,USA,universities_and_degree_granting_institutions,Lancaster Theological Seminary,Lancaster · PA,lancasterseminary.edu,https://lancasterseminary.edu,True,logos/usa_1157_lancaster_theological_seminary.png,USA_Universities_Directory.pdf,146
usa-universities_and_degree_granting_institutions-1158,1158,USA,universities_and_degree_granting_institutions,Lander University,Greenwood · SC,lander.edu,https://lander.edu,True,logos/usa_1158_lander_university.png,USA_Universities_Directory.pdf,146
usa-universities_and_degree_granting_institutions-1159,1159,USA,universities_and_degree_granting_institutions,Landmark College,Putney · VT,landmark.edu,https://landmark.edu,True,logos/usa_1159_landmark_college.png,USA_Universities_Directory.pdf,146
usa-universities_and_degree_granting_institutions-1160,1160,USA,universities_and_degree_granting_institutions,Lane College,Jackson · TN,lanecollege.edu,https://lanecollege.edu,True,logos/usa_1160_lane_college.png,USA_Universities_Directory.pdf,146
usa-universities_and_degree_granting_institutions-1161,1161,USA,universities_and_degree_granting_institutions,Lane Community College,Eugene · OR,lanecc.edu,https://lanecc.edu,True,logos/usa_1161_lane_community_college.png,USA_Universities_Directory.pdf,147
usa-universities_and_degree_granting_institutions-1162,1162,USA,universities_and_degree_granting_institutions,Langston University,Langston · OK,langston.edu,https://langston.edu,True,logos/usa_1162_langston_university.png,USA_Universities_Directory.pdf,147
usa-universities_and_degree_granting_institutions-1163,1163,USA,universities_and_degree_granting_institutions,Laramie County Community College,Cheyenne · WY,lccc.wy.edu,https://lccc.wy.edu,False,,USA_Universities_Directory.pdf,147
usa-universities_and_degree_granting_institutions-1164,1164,USA,universities_and_degree_granting_institutions,Laredo College,Laredo · TX,laredo.edu,https://laredo.edu,False,,USA_Universities_Directory.pdf,147
usa-universities_and_degree_granting_institutions-1165,1165,USA,universities_and_degree_granting_institutions,Larkin University,Miami · FL,larkin.edu,https://larkin.edu,False,,USA_Universities_Directory.pdf,147
usa-universities_and_degree_granting_institutions-1166,1166,USA,universities_and_degree_granting_institutions,Las Vegas College,Las Vegas · NV,lvcollege.edu,https://lvcollege.edu,True,logos/usa_1166_las_vegas_college.png,USA_Universities_Directory.pdf,147
usa-universities_and_degree_granting_institutions-1167,1167,USA,universities_and_degree_granting_institutions,Lasell University,Newton · MA,lasell.edu,https://lasell.edu,True,logos/usa_1167_lasell_university.png,USA_Universities_Directory.pdf,147
usa-universities_and_degree_granting_institutions-1168,1168,USA,universities_and_degree_granting_institutions,Latin American Bible Institute,La Puente · CA,labi.edu,https://labi.edu,True,logos/usa_1168_latin_american_bible_institute.png,USA_Universities_Directory.pdf,147
usa-universities_and_degree_granting_institutions-1169,1169,USA,universities_and_degree_granting_institutions,Laurus College,San Luis Obispo · CA,lauruscollege.edu,https://lauruscollege.edu,True,logos/usa_1169_laurus_college.png,USA_Universities_Directory.pdf,148
usa-universities_and_degree_granting_institutions-1170,1170,USA,universities_and_degree_granting_institutions,Lawrence Technological University,Southfield · MI,ltu.edu,https://ltu.edu,True,logos/usa_1170_lawrence_technological_university.png,USA_Universities_Directory.pdf,148
usa-universities_and_degree_granting_institutions-1171,1171,USA,universities_and_degree_granting_institutions,Lawrence University,Appleton · WI,lawrence.edu,https://lawrence.edu,True,logos/usa_1171_lawrence_university.png,USA_Universities_Directory.pdf,148
usa-universities_and_degree_granting_institutions-1172,1172,USA,universities_and_degree_granting_institutions,Le Moyne College,Syracuse · NY,lemoyne.edu,https://lemoyne.edu,True,logos/usa_1172_le_moyne_college.png,USA_Universities_Directory.pdf,148
usa-universities_and_degree_granting_institutions-1173,1173,USA,universities_and_degree_granting_institutions,Le Moyne-Owen College,Memphis · TN,loc.edu,https://loc.edu,True,logos/usa_1173_le_moyne_owen_college.png,USA_Universities_Directory.pdf,148
usa-universities_and_degree_granting_institutions-1174,1174,USA,universities_and_degree_granting_institutions,Learnet Academy Inc,Los Angeles · CA,learnet.edu,https://learnet.edu,True,logos/usa_1174_learnet_academy_inc.png,USA_Universities_Directory.pdf,148
usa-universities_and_degree_granting_institutions-1175,1175,USA,universities_and_degree_granting_institutions,Lebanon Valley College,Annville · PA,lvc.edu,https://lvc.edu,True,logos/usa_1175_lebanon_valley_college.png,USA_Universities_Directory.pdf,148
usa-universities_and_degree_granting_institutions-1176,1176,USA,universities_and_degree_granting_institutions,Lee University,Cleveland · TN,leeuniversity.edu,https://leeuniversity.edu,True,logos/usa_1176_lee_university.png,USA_Universities_Directory.pdf,148
usa-universities_and_degree_granting_institutions-1177,1177,USA,universities_and_degree_granting_institutions,Lees-McRae College,Banner Elk · NC,lmc.edu,https://lmc.edu,True,logos/usa_1177_lees_mcrae_college.png,USA_Universities_Directory.pdf,149
usa-universities_and_degree_granting_institutions-1178,1178,USA,universities_and_degree_granting_institutions,Lehigh University,Bethlehem · PA,lehigh.edu,https://lehigh.edu,True,logos/usa_1178_lehigh_university.png,USA_Universities_Directory.pdf,149
usa-universities_and_degree_granting_institutions-1179,1179,USA,universities_and_degree_granting_institutions,Lenoir-Rhyne University,Hickory · NC,lr.edu,https://lr.edu,True,logos/usa_1179_lenoir_rhyne_university.png,USA_Universities_Directory.pdf,149
usa-universities_and_degree_granting_institutions-1180,1180,USA,universities_and_degree_granting_institutions,Lesley University,Cambridge · MA,lesley.edu,https://lesley.edu,True,logos/usa_1180_lesley_university.png,USA_Universities_Directory.pdf,149
usa-universities_and_degree_granting_institutions-1181,1181,USA,universities_and_degree_granting_institutions,LeTourneau University,Longview · TX,letu.edu,https://letu.edu,True,logos/usa_1181_letourneau_university.png,USA_Universities_Directory.pdf,149
usa-universities_and_degree_granting_institutions-1182,1182,USA,universities_and_degree_granting_institutions,Lewis & Clark College,Portland,lclark.edu,https://lclark.edu,True,logos/usa_1182_lewis_clark_college.png,USA_Universities_Directory.pdf,149
usa-universities_and_degree_granting_institutions-1183,1183,USA,universities_and_degree_granting_institutions,Lewis University,Romeoville,lewisu.edu,https://lewisu.edu,True,logos/usa_1183_lewis_university.png,USA_Universities_Directory.pdf,149
usa-universities_and_degree_granting_institutions-1184,1184,USA,universities_and_degree_granting_institutions,Lewis-Clark State College,Lewiston · ID,lcsc.edu,https://lcsc.edu,True,logos/usa_1184_lewis_clark_state_college.png,USA_Universities_Directory.pdf,149
usa-universities_and_degree_granting_institutions-1185,1185,USA,universities_and_degree_granting_institutions,Lexington Theological Seminary,Lexington · KY,lextheo.edu,https://lextheo.edu,True,logos/usa_1185_lexington_theological_seminary.png,USA_Universities_Directory.pdf,150
usa-universities_and_degree_granting_institutions-1186,1186,USA,universities_and_degree_granting_institutions,Liberty University,Lynchburg · VA,liberty.edu,https://liberty.edu,True,logos/usa_1186_liberty_university.png,USA_Universities_Directory.pdf,150
usa-universities_and_degree_granting_institutions-1187,1187,USA,universities_and_degree_granting_institutions,Life Chiropractic College West,Hayward · CA,lifewest.edu,https://lifewest.edu,True,logos/usa_1187_life_chiropractic_college_west.png,USA_Universities_Directory.pdf,150
usa-universities_and_degree_granting_institutions-1188,1188,USA,universities_and_degree_granting_institutions,Life Pacific University,San Dimas · CA,lifepacific.edu,https://lifepacific.edu,True,logos/usa_1188_life_pacific_university.png,USA_Universities_Directory.pdf,150
usa-universities_and_degree_granting_institutions-1189,1189,USA,universities_and_degree_granting_institutions,Life University,Marietta · GA,life.edu,https://life.edu,True,logos/usa_1189_life_university.png,USA_Universities_Directory.pdf,150
usa-universities_and_degree_granting_institutions-1190,1190,USA,universities_and_degree_granting_institutions,LIM College,New York · NY,limcollege.edu,https://limcollege.edu,True,logos/usa_1190_lim_college.png,USA_Universities_Directory.pdf,150
usa-universities_and_degree_granting_institutions-1191,1191,USA,universities_and_degree_granting_institutions,Limestone University,Gaffney · SC,limestone.edu,https://limestone.edu,True,logos/usa_1191_limestone_university.png,USA_Universities_Directory.pdf,150
usa-universities_and_degree_granting_institutions-1192,1192,USA,universities_and_degree_granting_institutions,Lincoln Memorial University,Harrogate · TN,lmunet.edu,https://lmunet.edu,True,logos/usa_1192_lincoln_memorial_university.png,USA_Universities_Directory.pdf,150
usa-universities_and_degree_granting_institutions-1193,1193,USA,universities_and_degree_granting_institutions,Lincoln University,Oakland · CA,lincoln.edu,https://lincoln.edu,True,logos/usa_1193_lincoln_university.png,USA_Universities_Directory.pdf,151
usa-universities_and_degree_granting_institutions-1194,1194,USA,universities_and_degree_granting_institutions,Lincoln University,Jefferson City · MO,lincoln.edu,https://lincoln.edu,True,logos/usa_1194_lincoln_university.png,USA_Universities_Directory.pdf,151
usa-universities_and_degree_granting_institutions-1195,1195,USA,universities_and_degree_granting_institutions,Lincoln University,Lincoln University · PA,lincoln.edu,https://lincoln.edu,True,logos/usa_1195_lincoln_university.png,USA_Universities_Directory.pdf,151
usa-universities_and_degree_granting_institutions-1196,1196,USA,universities_and_degree_granting_institutions,Lindenwood University,Saint Charles · MO,lindenwood.edu,https://lindenwood.edu,True,logos/usa_1196_lindenwood_university.png,USA_Universities_Directory.pdf,151
usa-universities_and_degree_granting_institutions-1197,1197,USA,universities_and_degree_granting_institutions,Lindsey Wilson College,Columbia · KY,lindsey.edu,https://lindsey.edu,True,logos/usa_1197_lindsey_wilson_college.png,USA_Universities_Directory.pdf,151
usa-universities_and_degree_granting_institutions-1198,1198,USA,universities_and_degree_granting_institutions,Linfield University,McMinnville · OR,linfield.edu,https://linfield.edu,True,logos/usa_1198_linfield_university.png,USA_Universities_Directory.pdf,151
usa-universities_and_degree_granting_institutions-1199,1199,USA,universities_and_degree_granting_institutions,Lionel University,Carpinteria,lionel.edu,https://lionel.edu,True,logos/usa_1199_lionel_university.png,USA_Universities_Directory.pdf,151
usa-universities_and_degree_granting_institutions-1200,1200,USA,universities_and_degree_granting_institutions,Lipscomb University,Nashville · TN,lipscomb.edu,https://lipscomb.edu,True,logos/usa_1200_lipscomb_university.png,USA_Universities_Directory.pdf,151
usa-universities_and_degree_granting_institutions-1201,1201,USA,universities_and_degree_granting_institutions,Livingstone College,Salisbury · NC,livingstone.edu,https://livingstone.edu,True,logos/usa_1201_livingstone_college.png,USA_Universities_Directory.pdf,152
usa-universities_and_degree_granting_institutions-1202,1202,USA,universities_and_degree_granting_institutions,Logan University,Chesterfield · MO,logan.edu,https://logan.edu,True,logos/usa_1202_logan_university.png,USA_Universities_Directory.pdf,152
usa-universities_and_degree_granting_institutions-1203,1203,USA,universities_and_degree_granting_institutions,Loma Linda University,Loma Linda · CA,llu.edu,https://llu.edu,True,logos/usa_1203_loma_linda_university.png,USA_Universities_Directory.pdf,152
usa-universities_and_degree_granting_institutions-1204,1204,USA,universities_and_degree_granting_institutions,Lone Star College System,The Woodlands · TX,lonestar.edu,https://lonestar.edu,True,logos/usa_1204_lone_star_college_system.png,USA_Universities_Directory.pdf,152
usa-universities_and_degree_granting_institutions-1205,1205,USA,universities_and_degree_granting_institutions,Long Island University,Brookville · NY,liu.edu,https://liu.edu,True,logos/usa_1205_long_island_university.png,USA_Universities_Directory.pdf,152
usa-universities_and_degree_granting_institutions-1206,1206,USA,universities_and_degree_granting_institutions,Longwood University,Farmville · VA,longwood.edu,https://longwood.edu,True,logos/usa_1206_longwood_university.png,USA_Universities_Directory.pdf,152
usa-universities_and_degree_granting_institutions-1207,1207,USA,universities_and_degree_granting_institutions,Longy School of Music of Bard College,Cambridge · MA,longy.edu,https://longy.edu,True,logos/usa_1207_longy_school_of_music_of_bard_college.png,USA_Universities_Directory.pdf,152
usa-universities_and_degree_granting_institutions-1208,1208,USA,universities_and_degree_granting_institutions,Lorain County Community College,Elyria · OH,lorainccc.edu,https://lorainccc.edu,True,logos/usa_1208_lorain_county_community_college.png,USA_Universities_Directory.pdf,152
usa-universities_and_degree_granting_institutions-1209,1209,USA,universities_and_degree_granting_institutions,Loras College,Dubuque · IA,loras.edu,https://loras.edu,True,logos/usa_1209_loras_college.png,USA_Universities_Directory.pdf,153
usa-universities_and_degree_granting_institutions-1210,1210,USA,universities_and_degree_granting_institutions,Los Angeles Academy of Figurative Art,Van Nuys · CA,laafa.edu,https://laafa.edu,False,,USA_Universities_Directory.pdf,153
usa-universities_and_degree_granting_institutions-1211,1211,USA,universities_and_degree_granting_institutions,Los Angeles College of Music,Pasadena · CA,lacm.edu,https://lacm.edu,True,logos/usa_1211_los_angeles_college_of_music.png,USA_Universities_Directory.pdf,153
usa-universities_and_degree_granting_institutions-1212,1212,USA,universities_and_degree_granting_institutions,Los Angeles Community College District Office,Los Angeles · CA,laccd.edu,https://laccd.edu,True,logos/usa_1212_los_angeles_community_college_district_office.png,USA_Universities_Directory.pdf,153
usa-universities_and_degree_granting_institutions-1213,1213,USA,universities_and_degree_granting_institutions,Los Angeles Film School,Hollywood · CA,lafilm.edu,https://lafilm.edu,True,logos/usa_1213_los_angeles_film_school.png,USA_Universities_Directory.pdf,153
usa-universities_and_degree_granting_institutions-1214,1214,USA,universities_and_degree_granting_institutions,Los Angeles Mission College,Sylmar · CA,lamission.edu,https://lamission.edu,True,logos/usa_1214_los_angeles_mission_college.png,USA_Universities_Directory.pdf,153
usa-universities_and_degree_granting_institutions-1215,1215,USA,universities_and_degree_granting_institutions,Los Angeles Pacific University,San Dimas · CA,lapu.edu,https://lapu.edu,False,,USA_Universities_Directory.pdf,153
usa-universities_and_degree_granting_institutions-1216,1216,USA,universities_and_degree_granting_institutions,Los Angeles Valley College,Valley Glen · CA,lavc.edu,https://lavc.edu,True,logos/usa_1216_los_angeles_valley_college.png,USA_Universities_Directory.pdf,153
usa-universities_and_degree_granting_institutions-1217,1217,USA,universities_and_degree_granting_institutions,Lotus Professional College,Richmond · VA,lotus.edu,https://lotus.edu,True,logos/usa_1217_lotus_professional_college.png,USA_Universities_Directory.pdf,154
usa-universities_and_degree_granting_institutions-1218,1218,USA,universities_and_degree_granting_institutions,Louisiana Christian University,Pineville · LA,lcuniversity.edu,https://lcuniversity.edu,True,logos/usa_1218_louisiana_christian_university.png,USA_Universities_Directory.pdf,154
usa-universities_and_degree_granting_institutions-1219,1219,USA,universities_and_degree_granting_institutions,Louisiana State University and Agricultural & Mechanical College,Baton Rouge · LA,lsu.edu,https://lsu.edu,True,logos/usa_1219_louisiana_state_university_and_agricultural_mechanical_college.png,USA_Universities_Directory.pdf,154
usa-universities_and_degree_granting_institutions-1220,1220,USA,universities_and_degree_granting_institutions,Louisiana State University Health Sciences Center-New Orleans,New Orleans · LA,lsuhsc.edu,https://lsuhsc.edu,True,logos/usa_1220_louisiana_state_university_health_sciences_center_new_orleans.png,USA_Universities_Directory.pdf,154
usa-universities_and_degree_granting_institutions-1221,1221,USA,universities_and_degree_granting_institutions,Louisiana State University Health Sciences Center-Shreveport,Shreveport · LA,lsuhs.edu,https://lsuhs.edu,True,logos/usa_1221_louisiana_state_university_health_sciences_center_shreveport.png,USA_Universities_Directory.pdf,154
usa-universities_and_degree_granting_institutions-1222,1222,USA,universities_and_degree_granting_institutions,Louisiana State University-Alexandria,Alexandria · LA,lsua.edu,https://lsua.edu,True,logos/usa_1222_louisiana_state_university_alexandria.png,USA_Universities_Directory.pdf,154
usa-universities_and_degree_granting_institutions-1223,1223,USA,universities_and_degree_granting_institutions,Louisiana State University-Shreveport,Shreveport · LA,lsus.edu,https://lsus.edu,True,logos/usa_1223_louisiana_state_university_shreveport.png,USA_Universities_Directory.pdf,154
usa-universities_and_degree_granting_institutions-1224,1224,USA,universities_and_degree_granting_institutions,Louisiana Tech University,Ruston · LA,latech.edu,https://latech.edu,True,logos/usa_1224_louisiana_tech_university.png,USA_Universities_Directory.pdf,154
usa-universities_and_degree_granting_institutions-1225,1225,USA,universities_and_degree_granting_institutions,Louisville Presbyterian Theological Seminary,Louisville · KY,lpts.edu,https://lpts.edu,True,logos/usa_1225_louisville_presbyterian_theological_seminary.png,USA_Universities_Directory.pdf,155
usa-universities_and_degree_granting_institutions-1226,1226,USA,universities_and_degree_granting_institutions,Lourdes University,Sylvania · OH,lourdes.edu,https://lourdes.edu,True,logos/usa_1226_lourdes_university.png,USA_Universities_Directory.pdf,155
usa-universities_and_degree_granting_institutions-1227,1227,USA,universities_and_degree_granting_institutions,Lower Columbia College,Longview · WA,lowercolumbia.edu,https://lowercolumbia.edu,True,logos/usa_1227_lower_columbia_college.png,USA_Universities_Directory.pdf,155
usa-universities_and_degree_granting_institutions-1228,1228,USA,universities_and_degree_granting_institutions,Loyola Marymount University,Los Angeles · CA,lmu.edu,https://lmu.edu,True,logos/usa_1228_loyola_marymount_university.png,USA_Universities_Directory.pdf,155
usa-universities_and_degree_granting_institutions-1229,1229,USA,universities_and_degree_granting_institutions,Loyola University Chicago,Chicago · IL,luc.edu,https://luc.edu,True,logos/usa_1229_loyola_university_chicago.png,USA_Universities_Directory.pdf,155
usa-universities_and_degree_granting_institutions-1230,1230,USA,universities_and_degree_granting_institutions,Loyola University Maryland,Baltimore · MD,loyola.edu,https://loyola.edu,True,logos/usa_1230_loyola_university_maryland.png,USA_Universities_Directory.pdf,155
usa-universities_and_degree_granting_institutions-1231,1231,USA,universities_and_degree_granting_institutions,Loyola University New Orleans,New Orleans · LA,loyno.edu,https://loyno.edu,True,logos/usa_1231_loyola_university_new_orleans.png,USA_Universities_Directory.pdf,155
usa-universities_and_degree_granting_institutions-1232,1232,USA,universities_and_degree_granting_institutions,Lubbock Christian University,Lubbock · TX,lcu.edu,https://lcu.edu,True,logos/usa_1232_lubbock_christian_university.png,USA_Universities_Directory.pdf,155
usa-universities_and_degree_granting_institutions-1233,1233,USA,universities_and_degree_granting_institutions,Luther College,Decorah · IA,luther.edu,https://luther.edu,True,logos/usa_1233_luther_college.png,USA_Universities_Directory.pdf,156
usa-universities_and_degree_granting_institutions-1234,1234,USA,universities_and_degree_granting_institutions,Luther Rice College & Seminary,Lithonia · GA,lutherrice.edu,https://lutherrice.edu,True,logos/usa_1234_luther_rice_college_seminary.png,USA_Universities_Directory.pdf,156
usa-universities_and_degree_granting_institutions-1235,1235,USA,universities_and_degree_granting_institutions,Luther Seminary,Saint Paul · MN,luthersem.edu,https://luthersem.edu,True,logos/usa_1235_luther_seminary.png,USA_Universities_Directory.pdf,156
usa-universities_and_degree_granting_institutions-1236,1236,USA,universities_and_degree_granting_institutions,Lutheran School of Theology at Chicago,Chicago · IL,lstc.edu,https://lstc.edu,False,,USA_Universities_Directory.pdf,156
usa-universities_and_degree_granting_institutions-1237,1237,USA,universities_and_degree_granting_institutions,Lycoming College,Williamsport · PA,lycoming.edu,https://lycoming.edu,True,logos/usa_1237_lycoming_college.png,USA_Universities_Directory.pdf,156
usa-universities_and_degree_granting_institutions-1238,1238,USA,universities_and_degree_granting_institutions,Lynn University,Boca Raton · FL,lynn.edu,https://lynn.edu,True,logos/usa_1238_lynn_university.png,USA_Universities_Directory.pdf,156
usa-universities_and_degree_granting_institutions-1239,1239,USA,universities_and_degree_granting_institutions,Lyon College,Batesville · AR,lyon.edu,https://lyon.edu,True,logos/usa_1239_lyon_college.png,USA_Universities_Directory.pdf,156
usa-universities_and_degree_granting_institutions-1240,1240,USA,universities_and_degree_granting_institutions,Macalester College,Saint Paul · MN,macalester.edu,https://macalester.edu,True,logos/usa_1240_macalester_college.png,USA_Universities_Directory.pdf,156
usa-universities_and_degree_granting_institutions-1241,1241,USA,universities_and_degree_granting_institutions,Machzikei Hadath Rabbinical College,Brooklyn · NY,mhrc.edu,https://mhrc.edu,True,logos/usa_1241_machzikei_hadath_rabbinical_college.png,USA_Universities_Directory.pdf,157
usa-universities_and_degree_granting_institutions-1242,1242,USA,universities_and_degree_granting_institutions,Madison Area Technical College,Madison · WI,madisoncollege.edu,https://madisoncollege.edu,True,logos/usa_1242_madison_area_technical_college.png,USA_Universities_Directory.pdf,157
usa-universities_and_degree_granting_institutions-1243,1243,USA,universities_and_degree_granting_institutions,Madonna University,Livonia · MI,madonna.edu,https://madonna.edu,True,logos/usa_1243_madonna_university.png,USA_Universities_Directory.pdf,157
usa-universities_and_degree_granting_institutions-1244,1244,USA,universities_and_degree_granting_institutions,Maharishi International University,Fairfield · IA,miu.edu,https://miu.edu,True,logos/usa_1244_maharishi_international_university.png,USA_Universities_Directory.pdf,157
usa-universities_and_degree_granting_institutions-1245,1245,USA,universities_and_degree_granting_institutions,Maine College of Art & Design,Portland · ME,meca.edu,https://meca.edu,True,logos/usa_1245_maine_college_of_art_design.png,USA_Universities_Directory.pdf,157
usa-universities_and_degree_granting_institutions-1246,1246,USA,universities_and_degree_granting_institutions,Maine College of Health Professions,Lewiston · ME,mchp.edu,https://mchp.edu,True,logos/usa_1246_maine_college_of_health_professions.png,USA_Universities_Directory.pdf,157
usa-universities_and_degree_granting_institutions-1247,1247,USA,universities_and_degree_granting_institutions,Maine Maritime Academy,Castine · ME,mainemaritime.edu,https://mainemaritime.edu,True,logos/usa_1247_maine_maritime_academy.png,USA_Universities_Directory.pdf,157
usa-universities_and_degree_granting_institutions-1248,1248,USA,universities_and_degree_granting_institutions,Maine Media College,Rockport · ME,mainemedia.edu,https://mainemedia.edu,True,logos/usa_1248_maine_media_college.png,USA_Universities_Directory.pdf,157
usa-universities_and_degree_granting_institutions-1249,1249,USA,universities_and_degree_granting_institutions,Malone University,Canton · OH,malone.edu,https://malone.edu,True,logos/usa_1249_malone_university.png,USA_Universities_Directory.pdf,158
usa-universities_and_degree_granting_institutions-1250,1250,USA,universities_and_degree_granting_institutions,Manchester University,North Manchester · IN,manchester.edu,https://manchester.edu,True,logos/usa_1250_manchester_university.png,USA_Universities_Directory.pdf,158
usa-universities_and_degree_granting_institutions-1251,1251,USA,universities_and_degree_granting_institutions,Manhattan Christian College,Manhattan · KS,mccks.edu,https://mccks.edu,True,logos/usa_1251_manhattan_christian_college.png,USA_Universities_Directory.pdf,158
usa-universities_and_degree_granting_institutions-1252,1252,USA,universities_and_degree_granting_institutions,Manhattan School of Music,New York · NY,msmnyc.edu,https://msmnyc.edu,True,logos/usa_1252_manhattan_school_of_music.png,USA_Universities_Directory.pdf,158
usa-universities_and_degree_granting_institutions-1253,1253,USA,universities_and_degree_granting_institutions,Manhattan University,Riverdale · NY,manhattan.edu,https://manhattan.edu,True,logos/usa_1253_manhattan_university.png,USA_Universities_Directory.pdf,158
usa-universities_and_degree_granting_institutions-1254,1254,USA,universities_and_degree_granting_institutions,Manhattanville University,Purchase · NY,mville.edu,https://mville.edu,True,logos/usa_1254_manhattanville_university.png,USA_Universities_Directory.pdf,158
usa-universities_and_degree_granting_institutions-1255,1255,USA,universities_and_degree_granting_institutions,Manna University,Fayetteville · NC,manna.edu,https://manna.edu,True,logos/usa_1255_manna_university.png,USA_Universities_Directory.pdf,158
usa-universities_and_degree_granting_institutions-1256,1256,USA,universities_and_degree_granting_institutions,Manor College,Jenkintown · PA,manor.edu,https://manor.edu,False,,USA_Universities_Directory.pdf,158
usa-universities_and_degree_granting_institutions-1257,1257,USA,universities_and_degree_granting_institutions,Maranatha Baptist University,Watertown · WI,mbu.edu,https://mbu.edu,True,logos/usa_1257_maranatha_baptist_university.png,USA_Universities_Directory.pdf,159
usa-universities_and_degree_granting_institutions-1258,1258,USA,universities_and_degree_granting_institutions,Maria College of Albany,Albany,mariacollege.edu,https://mariacollege.edu,True,logos/usa_1258_maria_college_of_albany.png,USA_Universities_Directory.pdf,159
usa-universities_and_degree_granting_institutions-1259,1259,USA,universities_and_degree_granting_institutions,Marian University,Indianapolis,marian.edu,https://marian.edu,True,logos/usa_1259_marian_university.png,USA_Universities_Directory.pdf,159
usa-universities_and_degree_granting_institutions-1260,1260,USA,universities_and_degree_granting_institutions,Marian University,Fond Du Lac · WI,marian.edu,https://marian.edu,True,logos/usa_1260_marian_university.png,USA_Universities_Directory.pdf,159
usa-universities_and_degree_granting_institutions-1261,1261,USA,universities_and_degree_granting_institutions,Marian University-Ancilla,Plymouth · IN,marian.edu,https://marian.edu,True,logos/usa_1261_marian_university_ancilla.png,USA_Universities_Directory.pdf,159
usa-universities_and_degree_granting_institutions-1262,1262,USA,universities_and_degree_granting_institutions,Maricopa Community College System Office,Tempe · AZ,maricopa.edu,https://maricopa.edu,True,logos/usa_1262_maricopa_community_college_system_office.png,USA_Universities_Directory.pdf,159
usa-universities_and_degree_granting_institutions-1263,1263,USA,universities_and_degree_granting_institutions,Marietta College,Marietta · OH,marietta.edu,https://marietta.edu,True,logos/usa_1263_marietta_college.png,USA_Universities_Directory.pdf,159
usa-universities_and_degree_granting_institutions-1264,1264,USA,universities_and_degree_granting_institutions,Marion Technical College,Marion · OH,mtc.edu,https://mtc.edu,False,,USA_Universities_Directory.pdf,159
usa-universities_and_degree_granting_institutions-1265,1265,USA,universities_and_degree_granting_institutions,Marist University,Poughkeepsie · NY,marist.edu,https://marist.edu,True,logos/usa_1265_marist_university.png,USA_Universities_Directory.pdf,160
usa-universities_and_degree_granting_institutions-1266,1266,USA,universities_and_degree_granting_institutions,Marquette University,Milwaukee · WI,marquette.edu,https://marquette.edu,True,logos/usa_1266_marquette_university.png,USA_Universities_Directory.pdf,160
usa-universities_and_degree_granting_institutions-1267,1267,USA,universities_and_degree_granting_institutions,Mars Hill University,Mars Hill · NC,mhu.edu,https://mhu.edu,True,logos/usa_1267_mars_hill_university.png,USA_Universities_Directory.pdf,160
usa-universities_and_degree_granting_institutions-1268,1268,USA,universities_and_degree_granting_institutions,Marshall B Ketchum University,Fullerton · CA,ketchum.edu,https://ketchum.edu,True,logos/usa_1268_marshall_b_ketchum_university.png,USA_Universities_Directory.pdf,160
usa-universities_and_degree_granting_institutions-1269,1269,USA,universities_and_degree_granting_institutions,Marshall University,Huntington · WV,marshall.edu,https://marshall.edu,True,logos/usa_1269_marshall_university.png,USA_Universities_Directory.pdf,160
usa-universities_and_degree_granting_institutions-1270,1270,USA,universities_and_degree_granting_institutions,Martin Luther College,New Ulm · MN,mlc-wels.edu,https://mlc-wels.edu,True,logos/usa_1270_martin_luther_college.png,USA_Universities_Directory.pdf,160
usa-universities_and_degree_granting_institutions-1271,1271,USA,universities_and_degree_granting_institutions,Martin University,Indianapolis,martin.edu,https://martin.edu,True,logos/usa_1271_martin_university.png,USA_Universities_Directory.pdf,160
usa-universities_and_degree_granting_institutions-1272,1272,USA,universities_and_degree_granting_institutions,Martinsburg College,Martinsburg · WV,martinsburgcollege.edu,https://martinsburgcollege.edu,True,logos/usa_1272_martinsburg_college.png,USA_Universities_Directory.pdf,160
usa-universities_and_degree_granting_institutions-1273,1273,USA,universities_and_degree_granting_institutions,Mary Baldwin University,Staunton · VA,marybaldwin.edu,https://marybaldwin.edu,True,logos/usa_1273_mary_baldwin_university.png,USA_Universities_Directory.pdf,161
usa-universities_and_degree_granting_institutions-1274,1274,USA,universities_and_degree_granting_institutions,Maryland Institute College of Art,Baltimore · MD,mica.edu,https://mica.edu,True,logos/usa_1274_maryland_institute_college_of_art.png,USA_Universities_Directory.pdf,161
usa-universities_and_degree_granting_institutions-1275,1275,USA,universities_and_degree_granting_institutions,Maryland University of Integrative Health,Laurel · MD,muih.edu,https://muih.edu,True,logos/usa_1275_maryland_university_of_integrative_health.png,USA_Universities_Directory.pdf,161
usa-universities_and_degree_granting_institutions-1276,1276,USA,universities_and_degree_granting_institutions,Marymount Manhattan College,New York · NY,mmm.edu,https://mmm.edu,True,logos/usa_1276_marymount_manhattan_college.png,USA_Universities_Directory.pdf,161
usa-universities_and_degree_granting_institutions-1277,1277,USA,universities_and_degree_granting_institutions,Marymount University,Arlington · VA,marymount.edu,https://marymount.edu,True,logos/usa_1277_marymount_university.png,USA_Universities_Directory.pdf,161
usa-universities_and_degree_granting_institutions-1278,1278,USA,universities_and_degree_granting_institutions,Maryville College,Maryville · TN,maryvillecollege.edu,https://maryvillecollege.edu,True,logos/usa_1278_maryville_college.png,USA_Universities_Directory.pdf,161
usa-universities_and_degree_granting_institutions-1279,1279,USA,universities_and_degree_granting_institutions,Maryville University of Saint Louis,Saint Louis · MO,maryville.edu,https://maryville.edu,True,logos/usa_1279_maryville_university_of_saint_louis.png,USA_Universities_Directory.pdf,161
usa-universities_and_degree_granting_institutions-1280,1280,USA,universities_and_degree_granting_institutions,Marywood University,Scranton · PA,marywood.edu,https://marywood.edu,True,logos/usa_1280_marywood_university.png,USA_Universities_Directory.pdf,161
usa-universities_and_degree_granting_institutions-1281,1281,USA,universities_and_degree_granting_institutions,Massachusetts College of Art and Design,Boston · MA,massart.edu,https://massart.edu,True,logos/usa_1281_massachusetts_college_of_art_and_design.png,USA_Universities_Directory.pdf,162
usa-universities_and_degree_granting_institutions-1282,1282,USA,universities_and_degree_granting_institutions,Massachusetts College of Liberal Arts,North Adams · MA,mcla.edu,https://mcla.edu,True,logos/usa_1282_massachusetts_college_of_liberal_arts.png,USA_Universities_Directory.pdf,162
usa-universities_and_degree_granting_institutions-1283,1283,USA,universities_and_degree_granting_institutions,Massachusetts Institute of Technology,Cambridge · MA,mit.edu,https://mit.edu,True,logos/usa_1283_massachusetts_institute_of_technology.png,USA_Universities_Directory.pdf,162
usa-universities_and_degree_granting_institutions-1284,1284,USA,universities_and_degree_granting_institutions,Massachusetts Maritime Academy,Buzzards Bay · MA,maritime.edu,https://maritime.edu,True,logos/usa_1284_massachusetts_maritime_academy.png,USA_Universities_Directory.pdf,162
usa-universities_and_degree_granting_institutions-1285,1285,USA,universities_and_degree_granting_institutions,Massachusetts School of Law,Andover · MA,mslaw.edu,https://mslaw.edu,True,logos/usa_1285_massachusetts_school_of_law.png,USA_Universities_Directory.pdf,162
usa-universities_and_degree_granting_institutions-1286,1286,USA,universities_and_degree_granting_institutions,Mayo Clinic College of Medicine and Science,Rochester · MN,college.mayo.edu,https://college.mayo.edu,True,logos/usa_1286_mayo_clinic_college_of_medicine_and_science.png,USA_Universities_Directory.pdf,162
usa-universities_and_degree_granting_institutions-1287,1287,USA,universities_and_degree_granting_institutions,Mayville State University,Mayville · ND,mayvillestate.edu,https://mayvillestate.edu,True,logos/usa_1287_mayville_state_university.png,USA_Universities_Directory.pdf,162
usa-universities_and_degree_granting_institutions-1288,1288,USA,universities_and_degree_granting_institutions,McCormick Theological Seminary,Chicago · IL,mccormick.edu,https://mccormick.edu,True,logos/usa_1288_mccormick_theological_seminary.png,USA_Universities_Directory.pdf,162
usa-universities_and_degree_granting_institutions-1289,1289,USA,universities_and_degree_granting_institutions,McDaniel College,Westminster · MD,mcdaniel.edu,https://mcdaniel.edu,True,logos/usa_1289_mcdaniel_college.png,USA_Universities_Directory.pdf,163
usa-universities_and_degree_granting_institutions-1290,1290,USA,universities_and_degree_granting_institutions,McKendree University,Lebanon · IL,mckendree.edu,https://mckendree.edu,True,logos/usa_1290_mckendree_university.png,USA_Universities_Directory.pdf,163
usa-universities_and_degree_granting_institutions-1291,1291,USA,universities_and_degree_granting_institutions,McMurry University,Abilene · TX,mcm.edu,https://mcm.edu,True,logos/usa_1291_mcmurry_university.png,USA_Universities_Directory.pdf,163
usa-universities_and_degree_granting_institutions-1292,1292,USA,universities_and_degree_granting_institutions,McNeese State University,Lake Charles,mcneese.edu,https://mcneese.edu,True,logos/usa_1292_mcneese_state_university.png,USA_Universities_Directory.pdf,163
usa-universities_and_degree_granting_institutions-1293,1293,USA,universities_and_degree_granting_institutions,McPherson College,McPherson · KS,mcpherson.edu,https://mcpherson.edu,False,,USA_Universities_Directory.pdf,163
usa-universities_and_degree_granting_institutions-1294,1294,USA,universities_and_degree_granting_institutions,MCPHS University,Boston · MA,mcphs.edu,https://mcphs.edu,True,logos/usa_1294_mcphs_university.png,USA_Universities_Directory.pdf,163
usa-universities_and_degree_granting_institutions-1295,1295,USA,universities_and_degree_granting_institutions,Meadville Theological School of Lombard College,Chicago · IL,meadville.edu,https://meadville.edu,True,logos/usa_1295_meadville_theological_school_of_lombard_college.png,USA_Universities_Directory.pdf,163
usa-universities_and_degree_granting_institutions-1296,1296,USA,universities_and_degree_granting_institutions,Mechon L'hoyroa,Monsey · NY,mechonlhoyroa.com,https://mechonlhoyroa.com,False,,USA_Universities_Directory.pdf,163
usa-universities_and_degree_granting_institutions-1297,1297,USA,universities_and_degree_granting_institutions,Medical College of Wisconsin,Milwaukee · WI,mcw.edu,https://mcw.edu,True,logos/usa_1297_medical_college_of_wisconsin.png,USA_Universities_Directory.pdf,164
usa-universities_and_degree_granting_institutions-1298,1298,USA,universities_and_degree_granting_institutions,Medical University of South Carolina,Charleston · SC,musc.edu,https://musc.edu,True,logos/usa_1298_medical_university_of_south_carolina.png,USA_Universities_Directory.pdf,164
usa-universities_and_degree_granting_institutions-1299,1299,USA,universities_and_degree_granting_institutions,Meharry Medical College,Nashville · TN,meharry.edu,https://meharry.edu,True,logos/usa_1299_meharry_medical_college.png,USA_Universities_Directory.pdf,164
usa-universities_and_degree_granting_institutions-1300,1300,USA,universities_and_degree_granting_institutions,Memphis Theological Seminary,Memphis · TN,memphisseminary.edu,https://memphisseminary.edu,True,logos/usa_1300_memphis_theological_seminary.png,USA_Universities_Directory.pdf,164
usa-universities_and_degree_granting_institutions-1301,1301,USA,universities_and_degree_granting_institutions,Menlo College,Atherton · CA,menlo.edu,https://menlo.edu,True,logos/usa_1301_menlo_college.png,USA_Universities_Directory.pdf,164
usa-universities_and_degree_granting_institutions-1302,1302,USA,universities_and_degree_granting_institutions,Mercer University,Macon · GA,mercer.edu,https://mercer.edu,True,logos/usa_1302_mercer_university.png,USA_Universities_Directory.pdf,164
usa-universities_and_degree_granting_institutions-1303,1303,USA,universities_and_degree_granting_institutions,Mercy College of Health Sciences,Des Moines · IA,mchs.edu,https://mchs.edu,True,logos/usa_1303_mercy_college_of_health_sciences.png,USA_Universities_Directory.pdf,164
usa-universities_and_degree_granting_institutions-1304,1304,USA,universities_and_degree_granting_institutions,Mercy College of Ohio,Toledo · OH,mercycollege.edu,https://mercycollege.edu,True,logos/usa_1304_mercy_college_of_ohio.png,USA_Universities_Directory.pdf,164
usa-universities_and_degree_granting_institutions-1305,1305,USA,universities_and_degree_granting_institutions,Mercy University,Dobbs Ferry · NY,mercy.edu,https://mercy.edu,True,logos/usa_1305_mercy_university.png,USA_Universities_Directory.pdf,165
usa-universities_and_degree_granting_institutions-1306,1306,USA,universities_and_degree_granting_institutions,Mercyhurst University,Erie · PA,mercyhurst.edu,https://mercyhurst.edu,True,logos/usa_1306_mercyhurst_university.png,USA_Universities_Directory.pdf,165
usa-universities_and_degree_granting_institutions-1307,1307,USA,universities_and_degree_granting_institutions,Meredith College,Raleigh · NC,meredith.edu,https://meredith.edu,True,logos/usa_1307_meredith_college.png,USA_Universities_Directory.pdf,165
usa-universities_and_degree_granting_institutions-1308,1308,USA,universities_and_degree_granting_institutions,Meridian University,Petaluma · CA,meridianuniversity.edu,https://meridianuniversity.edu,True,logos/usa_1308_meridian_university.png,USA_Universities_Directory.pdf,165
usa-universities_and_degree_granting_institutions-1309,1309,USA,universities_and_degree_granting_institutions,Merrimack College,North Andover · MA,merrimack.edu,https://merrimack.edu,True,logos/usa_1309_merrimack_college.png,USA_Universities_Directory.pdf,165
usa-universities_and_degree_granting_institutions-1310,1310,USA,universities_and_degree_granting_institutions,Mesa Community College,Mesa · AZ,mesacc.edu,https://mesacc.edu,True,logos/usa_1310_mesa_community_college.png,USA_Universities_Directory.pdf,165
usa-universities_and_degree_granting_institutions-1311,1311,USA,universities_and_degree_granting_institutions,Mesivta of Eastern Parkway-Yeshiva Zichron Meilech,Brooklyn · NY,mesivtaofeasternparkway.com,https://mesivtaofeasternparkway.com,False,,USA_Universities_Directory.pdf,165
usa-universities_and_degree_granting_institutions-1312,1312,USA,universities_and_degree_granting_institutions,Mesivta Torah Vodaath Rabbinical Seminary,Brooklyn · NY,independentrabbinicalcolleges.org,https://independentrabbinicalcolleges.org,False,,USA_Universities_Directory.pdf,165
usa-universities_and_degree_granting_institutions-1313,1313,USA,universities_and_degree_granting_institutions,Mesivtha Tifereth Jerusalem of America,New York · NY,mtj.edu,https://mtj.edu,False,,USA_Universities_Directory.pdf,166
usa-universities_and_degree_granting_institutions-1314,1314,USA,universities_and_degree_granting_institutions,Messenger College,Bedford · TX,messengercollege.edu,https://messengercollege.edu,False,,USA_Universities_Directory.pdf,166
usa-universities_and_degree_granting_institutions-1315,1315,USA,universities_and_degree_granting_institutions,Messiah University,Mechanicsburg · PA,messiah.edu,https://messiah.edu,True,logos/usa_1315_messiah_university.png,USA_Universities_Directory.pdf,166
usa-universities_and_degree_granting_institutions-1316,1316,USA,universities_and_degree_granting_institutions,Methodist College,Peoria · IL,methodistcol.edu,https://methodistcol.edu,True,logos/usa_1316_methodist_college.png,USA_Universities_Directory.pdf,166
usa-universities_and_degree_granting_institutions-1317,1317,USA,universities_and_degree_granting_institutions,Methodist Theological School in Ohio,Delaware · OH,mtso.edu,https://mtso.edu,True,logos/usa_1317_methodist_theological_school_in_ohio.png,USA_Universities_Directory.pdf,166
usa-universities_and_degree_granting_institutions-1318,1318,USA,universities_and_degree_granting_institutions,Methodist University,Fayetteville · NC,methodist.edu,https://methodist.edu,True,logos/usa_1318_methodist_university.png,USA_Universities_Directory.pdf,166
usa-universities_and_degree_granting_institutions-1319,1319,USA,universities_and_degree_granting_institutions,Metropolitan College of New York,New York · NY,mcny.edu,https://mcny.edu,True,logos/usa_1319_metropolitan_college_of_new_york.png,USA_Universities_Directory.pdf,166
usa-universities_and_degree_granting_institutions-1320,1320,USA,universities_and_degree_granting_institutions,Metropolitan State University,Saint Paul · MN,metrostate.edu,https://metrostate.edu,True,logos/usa_1320_metropolitan_state_university.png,USA_Universities_Directory.pdf,166
usa-universities_and_degree_granting_institutions-1321,1321,USA,universities_and_degree_granting_institutions,Metropolitan State University of Denver,Denver · CO,msudenver.edu,https://msudenver.edu,True,logos/usa_1321_metropolitan_state_university_of_denver.png,USA_Universities_Directory.pdf,167
usa-universities_and_degree_granting_institutions-1322,1322,USA,universities_and_degree_granting_institutions,MGH Institute of Health Professions,Boston · MA,mghihp.edu,https://mghihp.edu,True,logos/usa_1322_mgh_institute_of_health_professions.png,USA_Universities_Directory.pdf,167
usa-universities_and_degree_granting_institutions-1323,1323,USA,universities_and_degree_granting_institutions,Miami Dade College,Miami · FL,mdc.edu,https://mdc.edu,True,logos/usa_1323_miami_dade_college.png,USA_Universities_Directory.pdf,167
usa-universities_and_degree_granting_institutions-1324,1324,USA,universities_and_degree_granting_institutions,Miami Regional University,Miami Springs · FL,mru.edu,https://mru.edu,True,logos/usa_1324_miami_regional_university.png,USA_Universities_Directory.pdf,167
usa-universities_and_degree_granting_institutions-1325,1325,USA,universities_and_degree_granting_institutions,Miami University-Hamilton,Hamilton · OH,miamioh.edu,https://miamioh.edu,True,logos/usa_1325_miami_university_hamilton.png,USA_Universities_Directory.pdf,167
usa-universities_and_degree_granting_institutions-1326,1326,USA,universities_and_degree_granting_institutions,Miami University-Middletown,Middletown · OH,miamioh.edu,https://miamioh.edu,True,logos/usa_1326_miami_university_middletown.png,USA_Universities_Directory.pdf,167
usa-universities_and_degree_granting_institutions-1327,1327,USA,universities_and_degree_granting_institutions,Miami University-Oxford,Oxford · OH,miamioh.edu,https://miamioh.edu,True,logos/usa_1327_miami_university_oxford.png,USA_Universities_Directory.pdf,167
usa-universities_and_degree_granting_institutions-1328,1328,USA,universities_and_degree_granting_institutions,Michigan School of Psychology,Farmington Hills,msp.edu,https://msp.edu,True,logos/usa_1328_michigan_school_of_psychology.png,USA_Universities_Directory.pdf,167
usa-universities_and_degree_granting_institutions-1329,1329,USA,universities_and_degree_granting_institutions,Michigan State University,East Lansing · MI,msu.edu,https://msu.edu,True,logos/usa_1329_michigan_state_university.png,USA_Universities_Directory.pdf,168
usa-universities_and_degree_granting_institutions-1330,1330,USA,universities_and_degree_granting_institutions,Michigan Technological University,Houghton · MI,mtu.edu,https://mtu.edu,True,logos/usa_1330_michigan_technological_university.png,USA_Universities_Directory.pdf,168
usa-universities_and_degree_granting_institutions-1331,1331,USA,universities_and_degree_granting_institutions,Mid-America Christian University,Oklahoma City,macu.edu,https://macu.edu,True,logos/usa_1331_mid_america_christian_university.png,USA_Universities_Directory.pdf,168
usa-universities_and_degree_granting_institutions-1332,1332,USA,universities_and_degree_granting_institutions,Mid-America College of Funeral Service,Jeffersonville · IN,mid-america.edu,https://mid-america.edu,True,logos/usa_1332_mid_america_college_of_funeral_service.png,USA_Universities_Directory.pdf,168
usa-universities_and_degree_granting_institutions-1333,1333,USA,universities_and_degree_granting_institutions,Mid-Atlantic Christian University,Elizabeth City · NC,macuniversity.edu,https://macuniversity.edu,True,logos/usa_1333_mid_atlantic_christian_university.png,USA_Universities_Directory.pdf,168
usa-universities_and_degree_granting_institutions-1334,1334,USA,universities_and_degree_granting_institutions,Mid-South Christian College,Memphis · TN,midsouthchristian.edu,https://midsouthchristian.edu,True,logos/usa_1334_mid_south_christian_college.png,USA_Universities_Directory.pdf,168
usa-universities_and_degree_granting_institutions-1335,1335,USA,universities_and_degree_granting_institutions,MidAmerica Nazarene University,Olathe · KS,mnu.edu,https://mnu.edu,True,logos/usa_1335_midamerica_nazarene_university.png,USA_Universities_Directory.pdf,168
usa-universities_and_degree_granting_institutions-1336,1336,USA,universities_and_degree_granting_institutions,Middle Georgia State University,Macon · GA,mga.edu,https://mga.edu,False,,USA_Universities_Directory.pdf,168
usa-universities_and_degree_granting_institutions-1337,1337,USA,universities_and_degree_granting_institutions,Middle Tennessee School of Anesthesia Inc,Madison · TN,mtsa.edu,https://mtsa.edu,True,logos/usa_1337_middle_tennessee_school_of_anesthesia_inc.png,USA_Universities_Directory.pdf,169
usa-universities_and_degree_granting_institutions-1338,1338,USA,universities_and_degree_granting_institutions,Middle Tennessee State University,Murfreesboro · TN,mtsu.edu,https://mtsu.edu,True,logos/usa_1338_middle_tennessee_state_university.png,USA_Universities_Directory.pdf,169
usa-universities_and_degree_granting_institutions-1339,1339,USA,universities_and_degree_granting_institutions,Middlebury College,Middlebury · VT,middlebury.edu,https://middlebury.edu,True,logos/usa_1339_middlebury_college.png,USA_Universities_Directory.pdf,169
usa-universities_and_degree_granting_institutions-1340,1340,USA,universities_and_degree_granting_institutions,Middlebury Institute of International Studies at Monterey,Monterey · CA,middlebury.edu,https://middlebury.edu,True,logos/usa_1340_middlebury_institute_of_international_studies_at_monterey.png,USA_Universities_Directory.pdf,169
usa-universities_and_degree_granting_institutions-1341,1341,USA,universities_and_degree_granting_institutions,Midland College,Midland · TX,midland.edu,https://midland.edu,True,logos/usa_1341_midland_college.png,USA_Universities_Directory.pdf,169
usa-universities_and_degree_granting_institutions-1342,1342,USA,universities_and_degree_granting_institutions,Midland University,Fremont · NE,midlandu.edu,https://midlandu.edu,True,logos/usa_1342_midland_university.png,USA_Universities_Directory.pdf,169
usa-universities_and_degree_granting_institutions-1343,1343,USA,universities_and_degree_granting_institutions,Midway University,Midway · KY,midway.edu,https://midway.edu,True,logos/usa_1343_midway_university.png,USA_Universities_Directory.pdf,169
usa-universities_and_degree_granting_institutions-1344,1344,USA,universities_and_degree_granting_institutions,Midwest College of Oriental Medicine-Racine,Racine · WI,acupuncture.edu,https://acupuncture.edu,True,logos/usa_1344_midwest_college_of_oriental_medicine_racine.png,USA_Universities_Directory.pdf,169
usa-universities_and_degree_granting_institutions-1345,1345,USA,universities_and_degree_granting_institutions,Midwest College of Oriental Medicine-Skokie,Skokie · IL,acupuncture.edu,https://acupuncture.edu,True,logos/usa_1345_midwest_college_of_oriental_medicine_skokie.png,USA_Universities_Directory.pdf,170
usa-universities_and_degree_granting_institutions-1346,1346,USA,universities_and_degree_granting_institutions,Midwestern Baptist Theological Seminary,Kansas City · MO,mbts.edu,https://mbts.edu,True,logos/usa_1346_midwestern_baptist_theological_seminary.png,USA_Universities_Directory.pdf,170
usa-universities_and_degree_granting_institutions-1347,1347,USA,universities_and_degree_granting_institutions,Midwestern State University,Wichita Falls · TX,msutexas.edu,https://msutexas.edu,False,,USA_Universities_Directory.pdf,170
usa-universities_and_degree_granting_institutions-1348,1348,USA,universities_and_degree_granting_institutions,Midwestern University-Downers Grove,Downers Grove · IL,midwestern.edu,https://midwestern.edu,True,logos/usa_1348_midwestern_university_downers_grove.png,USA_Universities_Directory.pdf,170
usa-universities_and_degree_granting_institutions-1349,1349,USA,universities_and_degree_granting_institutions,Midwestern University-Glendale,Glendale · AZ,midwestern.edu,https://midwestern.edu,True,logos/usa_1349_midwestern_university_glendale.png,USA_Universities_Directory.pdf,170
usa-universities_and_degree_granting_institutions-1350,1350,USA,universities_and_degree_granting_institutions,Midwives College of Utah,Salt Lake City · UT,midwifery.edu,https://midwifery.edu,True,logos/usa_1350_midwives_college_of_utah.png,USA_Universities_Directory.pdf,170
usa-universities_and_degree_granting_institutions-1351,1351,USA,universities_and_degree_granting_institutions,Miles College,Fairfield · AL,miles.edu,https://miles.edu,True,logos/usa_1351_miles_college.png,USA_Universities_Directory.pdf,170
usa-universities_and_degree_granting_institutions-1352,1352,USA,universities_and_degree_granting_institutions,Millennia Atlantic University,Doral · FL,maufl.edu,https://maufl.edu,True,logos/usa_1352_millennia_atlantic_university.png,USA_Universities_Directory.pdf,170
usa-universities_and_degree_granting_institutions-1353,1353,USA,universities_and_degree_granting_institutions,Miller-Motte College-Chattanooga,Chattanooga · TN,miller-motte.edu,https://miller-motte.edu,True,logos/usa_1353_miller_motte_college_chattanooga.png,USA_Universities_Directory.pdf,171
usa-universities_and_degree_granting_institutions-1354,1354,USA,universities_and_degree_granting_institutions,Miller-Motte College-Wilmington,Wilmington · NC,miller-motte.edu,https://miller-motte.edu,True,logos/usa_1354_miller_motte_college_wilmington.png,USA_Universities_Directory.pdf,171
usa-universities_and_degree_granting_institutions-1355,1355,USA,universities_and_degree_granting_institutions,Millersville University of Pennsylvania,Millersville · PA,millersville.edu,https://millersville.edu,True,logos/usa_1355_millersville_university_of_pennsylvania.png,USA_Universities_Directory.pdf,171
usa-universities_and_degree_granting_institutions-1356,1356,USA,universities_and_degree_granting_institutions,Milligan University,Milligan · TN,milligan.edu,https://milligan.edu,False,,USA_Universities_Directory.pdf,171
usa-universities_and_degree_granting_institutions-1357,1357,USA,universities_and_degree_granting_institutions,Millikin University,Decatur · IL,millikin.edu,https://millikin.edu,True,logos/usa_1357_millikin_university.png,USA_Universities_Directory.pdf,171
usa-universities_and_degree_granting_institutions-1358,1358,USA,universities_and_degree_granting_institutions,Millsaps College,Jackson · MS,millsaps.edu,https://millsaps.edu,True,logos/usa_1358_millsaps_college.png,USA_Universities_Directory.pdf,171
usa-universities_and_degree_granting_institutions-1359,1359,USA,universities_and_degree_granting_institutions,Milwaukee Institute of Art & Design,Milwaukee · WI,miad.edu,https://miad.edu,True,logos/usa_1359_milwaukee_institute_of_art_design.png,USA_Universities_Directory.pdf,171
usa-universities_and_degree_granting_institutions-1360,1360,USA,universities_and_degree_granting_institutions,Milwaukee School of Engineering,Milwaukee · WI,msoe.edu,https://msoe.edu,True,logos/usa_1360_milwaukee_school_of_engineering.png,USA_Universities_Directory.pdf,171
usa-universities_and_degree_granting_institutions-1361,1361,USA,universities_and_degree_granting_institutions,Minerva University,San Francisco · CA,minerva.edu,https://minerva.edu,True,logos/usa_1361_minerva_university.png,USA_Universities_Directory.pdf,172
usa-universities_and_degree_granting_institutions-1362,1362,USA,universities_and_degree_granting_institutions,Minneapolis College of Art and Design,Minneapolis · MN,mcad.edu,https://mcad.edu,True,logos/usa_1362_minneapolis_college_of_art_and_design.png,USA_Universities_Directory.pdf,172
usa-universities_and_degree_granting_institutions-1363,1363,USA,universities_and_degree_granting_institutions,Minnesota State Colleges and Universities System Office,ST PAUL · MN,minnstate.edu,https://minnstate.edu,True,logos/usa_1363_minnesota_state_colleges_and_universities_system_office.png,USA_Universities_Directory.pdf,172
usa-universities_and_degree_granting_institutions-1364,1364,USA,universities_and_degree_granting_institutions,Minnesota State University Moorhead,Moorhead · MN,mnstate.edu,https://mnstate.edu,True,logos/usa_1364_minnesota_state_university_moorhead.png,USA_Universities_Directory.pdf,172
usa-universities_and_degree_granting_institutions-1365,1365,USA,universities_and_degree_granting_institutions,Minnesota State University-Mankato,Mankato · MN,mnsu.edu,https://mnsu.edu,True,logos/usa_1365_minnesota_state_university_mankato.png,USA_Universities_Directory.pdf,172
usa-universities_and_degree_granting_institutions-1366,1366,USA,universities_and_degree_granting_institutions,Minot State University,Minot · ND,minotstateu.edu,https://minotstateu.edu,True,logos/usa_1366_minot_state_university.png,USA_Universities_Directory.pdf,172
usa-universities_and_degree_granting_institutions-1367,1367,USA,universities_and_degree_granting_institutions,MiraCosta College,Oceanside · CA,miracosta.edu,https://miracosta.edu,False,,USA_Universities_Directory.pdf,172
usa-universities_and_degree_granting_institutions-1368,1368,USA,universities_and_degree_granting_institutions,Mirrer Yeshiva Cent Institute,Brooklyn · NY,mirreryeshiva.com,https://mirreryeshiva.com,False,,USA_Universities_Directory.pdf,172
usa-universities_and_degree_granting_institutions-1369,1369,USA,universities_and_degree_granting_institutions,Misericordia University,Dallas · PA,misericordia.edu,https://misericordia.edu,True,logos/usa_1369_misericordia_university.png,USA_Universities_Directory.pdf,173
usa-universities_and_degree_granting_institutions-1370,1370,USA,universities_and_degree_granting_institutions,Missio Theological Seminary,Philadelphia · PA,missio.edu,https://missio.edu,True,logos/usa_1370_missio_theological_seminary.png,USA_Universities_Directory.pdf,173
usa-universities_and_degree_granting_institutions-1371,1371,USA,universities_and_degree_granting_institutions,Mission University,Springfield · MO,mission.edu,https://mission.edu,False,,USA_Universities_Directory.pdf,173
usa-universities_and_degree_granting_institutions-1372,1372,USA,universities_and_degree_granting_institutions,Mississippi College,Clinton · MS,mc.edu,https://mc.edu,True,logos/usa_1372_mississippi_college.png,USA_Universities_Directory.pdf,173
usa-universities_and_degree_granting_institutions-1373,1373,USA,universities_and_degree_granting_institutions,Mississippi State University,Mississippi State · MS,msstate.edu,https://msstate.edu,True,logos/usa_1373_mississippi_state_university.png,USA_Universities_Directory.pdf,173
usa-universities_and_degree_granting_institutions-1374,1374,USA,universities_and_degree_granting_institutions,Mississippi University for Women,Columbus · MS,muw.edu,https://muw.edu,True,logos/usa_1374_mississippi_university_for_women.png,USA_Universities_Directory.pdf,173
usa-universities_and_degree_granting_institutions-1375,1375,USA,universities_and_degree_granting_institutions,Mississippi Valley State University,Itta Bena · MS,mvsu.edu,https://mvsu.edu,True,logos/usa_1375_mississippi_valley_state_university.png,USA_Universities_Directory.pdf,173
usa-universities_and_degree_granting_institutions-1376,1376,USA,universities_and_degree_granting_institutions,Missouri Baptist University,Saint Louis · MO,mobap.edu,https://mobap.edu,True,logos/usa_1376_missouri_baptist_university.png,USA_Universities_Directory.pdf,173
usa-universities_and_degree_granting_institutions-1377,1377,USA,universities_and_degree_granting_institutions,Missouri Southern State University,Joplin · MO,mssu.edu,https://mssu.edu,True,logos/usa_1377_missouri_southern_state_university.png,USA_Universities_Directory.pdf,174
usa-universities_and_degree_granting_institutions-1378,1378,USA,universities_and_degree_granting_institutions,Missouri State University-Springfield,Springfield · MO,missouristate.edu,https://missouristate.edu,True,logos/usa_1378_missouri_state_university_springfield.png,USA_Universities_Directory.pdf,174
usa-universities_and_degree_granting_institutions-1379,1379,USA,universities_and_degree_granting_institutions,Missouri University of Science and Technology,Rolla · MO,mst.edu,https://mst.edu,True,logos/usa_1379_missouri_university_of_science_and_technology.png,USA_Universities_Directory.pdf,174
usa-universities_and_degree_granting_institutions-1380,1380,USA,universities_and_degree_granting_institutions,Missouri Valley College,Marshall · MO,moval.edu,https://moval.edu,True,logos/usa_1380_missouri_valley_college.png,USA_Universities_Directory.pdf,174
usa-universities_and_degree_granting_institutions-1381,1381,USA,universities_and_degree_granting_institutions,Missouri Western State University,Saint Joseph · MO,missouriwestern.edu,https://missouriwestern.edu,True,logos/usa_1381_missouri_western_state_university.png,USA_Universities_Directory.pdf,174
usa-universities_and_degree_granting_institutions-1382,1382,USA,universities_and_degree_granting_institutions,Mitchell College,New London · CT,mitchell.edu,https://mitchell.edu,True,logos/usa_1382_mitchell_college.png,USA_Universities_Directory.pdf,174
usa-universities_and_degree_granting_institutions-1383,1383,USA,universities_and_degree_granting_institutions,Mitchell Hamline School of Law,Saint Paul · MN,mitchellhamline.edu,https://mitchellhamline.edu,True,logos/usa_1383_mitchell_hamline_school_of_law.png,USA_Universities_Directory.pdf,174
usa-universities_and_degree_granting_institutions-1384,1384,USA,universities_and_degree_granting_institutions,Modesto Junior College,Modesto · CA,mjc.edu,https://mjc.edu,False,,USA_Universities_Directory.pdf,174
usa-universities_and_degree_granting_institutions-1385,1385,USA,universities_and_degree_granting_institutions,Molloy University,Rockville Centre · NY,molloy.edu,https://molloy.edu,True,logos/usa_1385_molloy_university.png,USA_Universities_Directory.pdf,175
usa-universities_and_degree_granting_institutions-1386,1386,USA,universities_and_degree_granting_institutions,Monmouth College,Monmouth · IL,monmouthcollege.edu,https://monmouthcollege.edu,True,logos/usa_1386_monmouth_college.png,USA_Universities_Directory.pdf,175
usa-universities_and_degree_granting_institutions-1387,1387,USA,universities_and_degree_granting_institutions,Monmouth University,West Long Branch · NJ,monmouth.edu,https://monmouth.edu,True,logos/usa_1387_monmouth_university.png,USA_Universities_Directory.pdf,175
usa-universities_and_degree_granting_institutions-1388,1388,USA,universities_and_degree_granting_institutions,Monroe University,Bronx · NY,monroeu.edu,https://monroeu.edu,True,logos/usa_1388_monroe_university.png,USA_Universities_Directory.pdf,175
usa-universities_and_degree_granting_institutions-1389,1389,USA,universities_and_degree_granting_institutions,Montana Bible College,Billings · MT,montanabiblecollege.edu,https://montanabiblecollege.edu,True,logos/usa_1389_montana_bible_college.png,USA_Universities_Directory.pdf,175
usa-universities_and_degree_granting_institutions-1390,1390,USA,universities_and_degree_granting_institutions,Montana State University,Bozeman · MT,montana.edu,https://montana.edu,True,logos/usa_1390_montana_state_university.png,USA_Universities_Directory.pdf,175
usa-universities_and_degree_granting_institutions-1391,1391,USA,universities_and_degree_granting_institutions,Montana State University Billings,Billings · MT,msubillings.edu,https://msubillings.edu,True,logos/usa_1391_montana_state_university_billings.png,USA_Universities_Directory.pdf,175
usa-universities_and_degree_granting_institutions-1392,1392,USA,universities_and_degree_granting_institutions,Montana State University-Northern,Havre · MT,msun.edu,https://msun.edu,True,logos/usa_1392_montana_state_university_northern.png,USA_Universities_Directory.pdf,175
usa-universities_and_degree_granting_institutions-1393,1393,USA,universities_and_degree_granting_institutions,Montana Technological University,Butte · MT,mtech.edu,https://mtech.edu,True,logos/usa_1393_montana_technological_university.png,USA_Universities_Directory.pdf,176
usa-universities_and_degree_granting_institutions-1394,1394,USA,universities_and_degree_granting_institutions,Montclair State University,Montclair · NJ,montclair.edu,https://montclair.edu,True,logos/usa_1394_montclair_state_university.png,USA_Universities_Directory.pdf,176
usa-universities_and_degree_granting_institutions-1395,1395,USA,universities_and_degree_granting_institutions,Montreat College,Montreat · NC,montreat.edu,https://montreat.edu,True,logos/usa_1395_montreat_college.png,USA_Universities_Directory.pdf,176
usa-universities_and_degree_granting_institutions-1396,1396,USA,universities_and_degree_granting_institutions,Montserrat College of Art,Beverly · MA,montserrat.edu,https://montserrat.edu,True,logos/usa_1396_montserrat_college_of_art.png,USA_Universities_Directory.pdf,176
usa-universities_and_degree_granting_institutions-1397,1397,USA,universities_and_degree_granting_institutions,Moody Bible Institute,Chicago · IL,moody.edu,https://moody.edu,True,logos/usa_1397_moody_bible_institute.png,USA_Universities_Directory.pdf,176
usa-universities_and_degree_granting_institutions-1398,1398,USA,universities_and_degree_granting_institutions,Moore College of Art and Design,Philadelphia · PA,moore.edu,https://moore.edu,True,logos/usa_1398_moore_college_of_art_and_design.png,USA_Universities_Directory.pdf,176
usa-universities_and_degree_granting_institutions-1399,1399,USA,universities_and_degree_granting_institutions,Moorpark College,Moorpark · CA,moorparkcollege.edu,https://moorparkcollege.edu,True,logos/usa_1399_moorpark_college.png,USA_Universities_Directory.pdf,176
usa-universities_and_degree_granting_institutions-1400,1400,USA,universities_and_degree_granting_institutions,Moravian University,Bethlehem · PA,moravian.edu,https://moravian.edu,True,logos/usa_1400_moravian_university.png,USA_Universities_Directory.pdf,176
usa-universities_and_degree_granting_institutions-1401,1401,USA,universities_and_degree_granting_institutions,Morehead State University,Morehead · KY,moreheadstate.edu,https://moreheadstate.edu,True,logos/usa_1401_morehead_state_university.png,USA_Universities_Directory.pdf,177
usa-universities_and_degree_granting_institutions-1402,1402,USA,universities_and_degree_granting_institutions,Morehouse College,Atlanta · GA,morehouse.edu,https://morehouse.edu,True,logos/usa_1402_morehouse_college.png,USA_Universities_Directory.pdf,177
usa-universities_and_degree_granting_institutions-1403,1403,USA,universities_and_degree_granting_institutions,Morehouse School of Medicine,Atlanta · GA,msm.edu,https://msm.edu,True,logos/usa_1403_morehouse_school_of_medicine.png,USA_Universities_Directory.pdf,177
usa-universities_and_degree_granting_institutions-1404,1404,USA,universities_and_degree_granting_institutions,Morgan Community College,Fort Morgan · CO,morgancc.edu,https://morgancc.edu,False,,USA_Universities_Directory.pdf,177
usa-universities_and_degree_granting_institutions-1405,1405,USA,universities_and_degree_granting_institutions,Morgan State University,Baltimore · MD,morgan.edu,https://morgan.edu,True,logos/usa_1405_morgan_state_university.png,USA_Universities_Directory.pdf,177
usa-universities_and_degree_granting_institutions-1406,1406,USA,universities_and_degree_granting_institutions,Morningside University,Sioux City · IA,morningside.edu,https://morningside.edu,True,logos/usa_1406_morningside_university.png,USA_Universities_Directory.pdf,177
usa-universities_and_degree_granting_institutions-1407,1407,USA,universities_and_degree_granting_institutions,Morris Brown College,Atlanta · GA,morrisbrown.edu,https://morrisbrown.edu,True,logos/usa_1407_morris_brown_college.png,USA_Universities_Directory.pdf,177
usa-universities_and_degree_granting_institutions-1408,1408,USA,universities_and_degree_granting_institutions,Morris College,Sumter · SC,morris.edu,https://morris.edu,True,logos/usa_1408_morris_college.png,USA_Universities_Directory.pdf,177
usa-universities_and_degree_granting_institutions-1409,1409,USA,universities_and_degree_granting_institutions,Mosdos Yaakov V'Yisroel,Lakewood · NJ,myy.edu,https://myy.edu,True,logos/usa_1409_mosdos_yaakov_v_yisroel.png,USA_Universities_Directory.pdf,178
usa-universities_and_degree_granting_institutions-1410,1410,USA,universities_and_degree_granting_institutions,Mount Aloysius College,Cresson · PA,mtaloy.edu,https://mtaloy.edu,True,logos/usa_1410_mount_aloysius_college.png,USA_Universities_Directory.pdf,178
usa-universities_and_degree_granting_institutions-1411,1411,USA,universities_and_degree_granting_institutions,Mount Angel Seminary,Saint Benedict · OR,mountangelabbey.org,https://mountangelabbey.org,True,logos/usa_1411_mount_angel_seminary.png,USA_Universities_Directory.pdf,178
usa-universities_and_degree_granting_institutions-1412,1412,USA,universities_and_degree_granting_institutions,Mount Carmel College of Nursing,Columbus · OH,mccn.edu,https://mccn.edu,True,logos/usa_1412_mount_carmel_college_of_nursing.png,USA_Universities_Directory.pdf,178
usa-universities_and_degree_granting_institutions-1413,1413,USA,universities_and_degree_granting_institutions,Mount Holyoke College,South Hadley · MA,mtholyoke.edu,https://mtholyoke.edu,True,logos/usa_1413_mount_holyoke_college.png,USA_Universities_Directory.pdf,178
usa-universities_and_degree_granting_institutions-1414,1414,USA,universities_and_degree_granting_institutions,Mount Marty University,Yankton · SD,mountmarty.edu,https://mountmarty.edu,True,logos/usa_1414_mount_marty_university.png,USA_Universities_Directory.pdf,178
usa-universities_and_degree_granting_institutions-1415,1415,USA,universities_and_degree_granting_institutions,Mount Mary University,Milwaukee · WI,mtmary.edu,https://mtmary.edu,True,logos/usa_1415_mount_mary_university.png,USA_Universities_Directory.pdf,178
usa-universities_and_degree_granting_institutions-1416,1416,USA,universities_and_degree_granting_institutions,Mount Mercy University,Cedar Rapids · IA,mtmercy.edu,https://mtmercy.edu,True,logos/usa_1416_mount_mercy_university.png,USA_Universities_Directory.pdf,178
usa-universities_and_degree_granting_institutions-1417,1417,USA,universities_and_degree_granting_institutions,Mount Saint Mary College,Newburgh · NY,msmc.edu,https://msmc.edu,True,logos/usa_1417_mount_saint_mary_college.png,USA_Universities_Directory.pdf,179
usa-universities_and_degree_granting_institutions-1418,1418,USA,universities_and_degree_granting_institutions,Mount Saint Mary's University,Los Angeles · CA,msmu.edu,https://msmu.edu,True,logos/usa_1418_mount_saint_mary_s_university.png,USA_Universities_Directory.pdf,179
usa-universities_and_degree_granting_institutions-1419,1419,USA,universities_and_degree_granting_institutions,Mount Sinai Phillips School of Nursing,New York · NY,pson.edu,https://pson.edu,False,,USA_Universities_Directory.pdf,179
usa-universities_and_degree_granting_institutions-1420,1420,USA,universities_and_degree_granting_institutions,Mount St. Joseph University,Cincinnati · OH,msj.edu,https://msj.edu,True,logos/usa_1420_mount_st_joseph_university.png,USA_Universities_Directory.pdf,179
usa-universities_and_degree_granting_institutions-1421,1421,USA,universities_and_degree_granting_institutions,Mount St. Mary's University,Emmitsburg · MD,msmary.edu,https://msmary.edu,True,logos/usa_1421_mount_st_mary_s_university.png,USA_Universities_Directory.pdf,179
usa-universities_and_degree_granting_institutions-1422,1422,USA,universities_and_degree_granting_institutions,Mount Vernon Nazarene University,Mount Vernon · OH,mvnu.edu,https://mvnu.edu,True,logos/usa_1422_mount_vernon_nazarene_university.png,USA_Universities_Directory.pdf,179
usa-universities_and_degree_granting_institutions-1423,1423,USA,universities_and_degree_granting_institutions,Mt Hood Community College,Gresham · OR,mhcc.edu,https://mhcc.edu,True,logos/usa_1423_mt_hood_community_college.png,USA_Universities_Directory.pdf,179
usa-universities_and_degree_granting_institutions-1424,1424,USA,universities_and_degree_granting_institutions,Muhlenberg College,Allentown · PA,muhlenberg.edu,https://muhlenberg.edu,True,logos/usa_1424_muhlenberg_college.png,USA_Universities_Directory.pdf,179
usa-universities_and_degree_granting_institutions-1425,1425,USA,universities_and_degree_granting_institutions,Murray State College,Tishomingo · OK,mscok.edu,https://mscok.edu,True,logos/usa_1425_murray_state_college.png,USA_Universities_Directory.pdf,180
usa-universities_and_degree_granting_institutions-1426,1426,USA,universities_and_degree_granting_institutions,Murray State University,Murray · KY,murraystate.edu,https://murraystate.edu,True,logos/usa_1426_murray_state_university.png,USA_Universities_Directory.pdf,180
usa-universities_and_degree_granting_institutions-1427,1427,USA,universities_and_degree_granting_institutions,Musicians Institute,Hollywood · CA,mi.edu,https://mi.edu,True,logos/usa_1427_musicians_institute.png,USA_Universities_Directory.pdf,180
usa-universities_and_degree_granting_institutions-1428,1428,USA,universities_and_degree_granting_institutions,Muskingum University,New Concord · OH,muskingum.edu,https://muskingum.edu,True,logos/usa_1428_muskingum_university.png,USA_Universities_Directory.pdf,180
usa-universities_and_degree_granting_institutions-1429,1429,USA,universities_and_degree_granting_institutions,Naropa University,Boulder · CO,naropa.edu,https://naropa.edu,True,logos/usa_1429_naropa_university.png,USA_Universities_Directory.pdf,180
usa-universities_and_degree_granting_institutions-1430,1430,USA,universities_and_degree_granting_institutions,Nashotah House,Nashotah · WI,nashotah.edu,https://nashotah.edu,True,logos/usa_1430_nashotah_house.png,USA_Universities_Directory.pdf,180
usa-universities_and_degree_granting_institutions-1431,1431,USA,universities_and_degree_granting_institutions,National American University-Rapid City,Rapid City · SD,national.edu,https://national.edu,True,logos/usa_1431_national_american_university_rapid_city.png,USA_Universities_Directory.pdf,180
usa-universities_and_degree_granting_institutions-1432,1432,USA,universities_and_degree_granting_institutions,National Louis University,Chicago · IL,nl.edu,https://nl.edu,True,logos/usa_1432_national_louis_university.png,USA_Universities_Directory.pdf,180
usa-universities_and_degree_granting_institutions-1433,1433,USA,universities_and_degree_granting_institutions,National University,San Diego · CA,nu.edu,https://nu.edu,True,logos/usa_1433_national_university.png,USA_Universities_Directory.pdf,181
usa-universities_and_degree_granting_institutions-1434,1434,USA,universities_and_degree_granting_institutions,National University of Health Sciences,Lombard · IL,nuhs.edu,https://nuhs.edu,True,logos/usa_1434_national_university_of_health_sciences.png,USA_Universities_Directory.pdf,181
usa-universities_and_degree_granting_institutions-1435,1435,USA,universities_and_degree_granting_institutions,National University of Natural Medicine,Portland,nunm.edu,https://nunm.edu,True,logos/usa_1435_national_university_of_natural_medicine.png,USA_Universities_Directory.pdf,181
usa-universities_and_degree_granting_institutions-1436,1436,USA,universities_and_degree_granting_institutions,NationsUniversity,New Orleans · LA,nationsu.edu,https://nationsu.edu,True,logos/usa_1436_nationsuniversity.png,USA_Universities_Directory.pdf,181
usa-universities_and_degree_granting_institutions-1437,1437,USA,universities_and_degree_granting_institutions,Navajo Technical University,Crownpoint · NM,navajotech.edu,https://navajotech.edu,True,logos/usa_1437_navajo_technical_university.png,USA_Universities_Directory.pdf,181
usa-universities_and_degree_granting_institutions-1438,1438,USA,universities_and_degree_granting_institutions,Naval Postgraduate School,Monterey · CA,nps.edu,https://nps.edu,True,logos/usa_1438_naval_postgraduate_school.png,USA_Universities_Directory.pdf,181
usa-universities_and_degree_granting_institutions-1439,1439,USA,universities_and_degree_granting_institutions,Navarro College,Corsicana · TX,navarrocollege.edu,https://navarrocollege.edu,True,logos/usa_1439_navarro_college.png,USA_Universities_Directory.pdf,181
usa-universities_and_degree_granting_institutions-1440,1440,USA,universities_and_degree_granting_institutions,Nazarene Bible College,Colorado Springs,nbc.edu,https://nbc.edu,True,logos/usa_1440_nazarene_bible_college.png,USA_Universities_Directory.pdf,181
usa-universities_and_degree_granting_institutions-1441,1441,USA,universities_and_degree_granting_institutions,Nazarene Theological Seminary,Kansas City · MO,nts.edu,https://nts.edu,True,logos/usa_1441_nazarene_theological_seminary.png,USA_Universities_Directory.pdf,182
usa-universities_and_degree_granting_institutions-1442,1442,USA,universities_and_degree_granting_institutions,Nazareth University,Rochester · NY,naz.edu,https://naz.edu,True,logos/usa_1442_nazareth_university.png,USA_Universities_Directory.pdf,182
usa-universities_and_degree_granting_institutions-1443,1443,USA,universities_and_degree_granting_institutions,Nebraska Indian Community College,Macy · NE,thenicc.edu,https://thenicc.edu,True,logos/usa_1443_nebraska_indian_community_college.png,USA_Universities_Directory.pdf,182
usa-universities_and_degree_granting_institutions-1444,1444,USA,universities_and_degree_granting_institutions,Nebraska Methodist College of Nursing & Allied Health,Omaha · NE,methodistcollege.edu,https://methodistcollege.edu,True,logos/usa_1444_nebraska_methodist_college_of_nursing_allied_health.png,USA_Universities_Directory.pdf,182
usa-universities_and_degree_granting_institutions-1445,1445,USA,universities_and_degree_granting_institutions,Nebraska Wesleyan University,Lincoln · NE,nebrwesleyan.edu,https://nebrwesleyan.edu,True,logos/usa_1445_nebraska_wesleyan_university.png,USA_Universities_Directory.pdf,182
usa-universities_and_degree_granting_institutions-1446,1446,USA,universities_and_degree_granting_institutions,Nelson University,Waxahachie · TX,nelson.edu,https://nelson.edu,True,logos/usa_1446_nelson_university.png,USA_Universities_Directory.pdf,182
usa-universities_and_degree_granting_institutions-1447,1447,USA,universities_and_degree_granting_institutions,Ner Israel Rabbinical College,Baltimore · MD,nirc.edu,https://nirc.edu,True,logos/usa_1447_ner_israel_rabbinical_college.png,USA_Universities_Directory.pdf,182
usa-universities_and_degree_granting_institutions-1448,1448,USA,universities_and_degree_granting_institutions,Neumann University,Aston · PA,neumann.edu,https://neumann.edu,True,logos/usa_1448_neumann_university.png,USA_Universities_Directory.pdf,182
usa-universities_and_degree_granting_institutions-1449,1449,USA,universities_and_degree_granting_institutions,Neumont College of Computer Science,Salt Lake City · UT,neumont.edu,https://neumont.edu,True,logos/usa_1449_neumont_college_of_computer_science.png,USA_Universities_Directory.pdf,183
usa-universities_and_degree_granting_institutions-1450,1450,USA,universities_and_degree_granting_institutions,Nevada State University,Henderson · NV,nevadastate.edu,https://nevadastate.edu,True,logos/usa_1450_nevada_state_university.png,USA_Universities_Directory.pdf,183
usa-universities_and_degree_granting_institutions-1451,1451,USA,universities_and_degree_granting_institutions,Nevada System of Higher Education-System Office,Reno · NV,nshe.nevada.edu,https://nshe.nevada.edu,True,logos/usa_1451_nevada_system_of_higher_education_system_office.png,USA_Universities_Directory.pdf,183
usa-universities_and_degree_granting_institutions-1452,1452,USA,universities_and_degree_granting_institutions,New Brunswick Theological Seminary,New Brunswick · NJ,nbts.edu,https://nbts.edu,False,,USA_Universities_Directory.pdf,183
usa-universities_and_degree_granting_institutions-1453,1453,USA,universities_and_degree_granting_institutions,New College of Florida,Sarasota · FL,ncf.edu,https://ncf.edu,True,logos/usa_1453_new_college_of_florida.png,USA_Universities_Directory.pdf,183
usa-universities_and_degree_granting_institutions-1454,1454,USA,universities_and_degree_granting_institutions,New England College,Henniker · NH,nec.edu,https://nec.edu,True,logos/usa_1454_new_england_college.png,USA_Universities_Directory.pdf,183
usa-universities_and_degree_granting_institutions-1455,1455,USA,universities_and_degree_granting_institutions,New England College of Optometry,Boston · MA,neco.edu,https://neco.edu,True,logos/usa_1455_new_england_college_of_optometry.png,USA_Universities_Directory.pdf,183
usa-universities_and_degree_granting_institutions-1456,1456,USA,universities_and_degree_granting_institutions,New England Institute of Technology,East Greenwich · RI,neit.edu,https://neit.edu,True,logos/usa_1456_new_england_institute_of_technology.png,USA_Universities_Directory.pdf,183
usa-universities_and_degree_granting_institutions-1457,1457,USA,universities_and_degree_granting_institutions,New England Law-Boston,Boston · MA,nesl.edu,https://nesl.edu,True,logos/usa_1457_new_england_law_boston.png,USA_Universities_Directory.pdf,184
usa-universities_and_degree_granting_institutions-1458,1458,USA,universities_and_degree_granting_institutions,New Hope Christian College-Eugene,Eugene · OR,newhope.edu,https://newhope.edu,True,logos/usa_1458_new_hope_christian_college_eugene.png,USA_Universities_Directory.pdf,184
usa-universities_and_degree_granting_institutions-1459,1459,USA,universities_and_degree_granting_institutions,New Jersey City University,Jersey City · NJ,njcu.edu,https://njcu.edu,True,logos/usa_1459_new_jersey_city_university.png,USA_Universities_Directory.pdf,184
usa-universities_and_degree_granting_institutions-1460,1460,USA,universities_and_degree_granting_institutions,New Jersey Institute of Technology,Newark · NJ,njit.edu,https://njit.edu,True,logos/usa_1460_new_jersey_institute_of_technology.png,USA_Universities_Directory.pdf,184
usa-universities_and_degree_granting_institutions-1461,1461,USA,universities_and_degree_granting_institutions,New Mexico Highlands University,Las Vegas · NM,nmhu.edu,https://nmhu.edu,True,logos/usa_1461_new_mexico_highlands_university.png,USA_Universities_Directory.pdf,184
usa-universities_and_degree_granting_institutions-1462,1462,USA,universities_and_degree_granting_institutions,New Mexico Institute of Mining and Technology,Socorro · NM,nmt.edu,https://nmt.edu,True,logos/usa_1462_new_mexico_institute_of_mining_and_technology.png,USA_Universities_Directory.pdf,184
usa-universities_and_degree_granting_institutions-1463,1463,USA,universities_and_degree_granting_institutions,New Mexico State University-Main Campus,Las Cruces · NM,nmsu.edu,https://nmsu.edu,True,logos/usa_1463_new_mexico_state_university_main_campus.png,USA_Universities_Directory.pdf,184
usa-universities_and_degree_granting_institutions-1464,1464,USA,universities_and_degree_granting_institutions,New Orleans Baptist Theological Seminary,New Orleans · LA,nobts.edu,https://nobts.edu,True,logos/usa_1464_new_orleans_baptist_theological_seminary.png,USA_Universities_Directory.pdf,184
usa-universities_and_degree_granting_institutions-1465,1465,USA,universities_and_degree_granting_institutions,New Saint Andrews College,Moscow · ID,nsa.edu,https://nsa.edu,True,logos/usa_1465_new_saint_andrews_college.png,USA_Universities_Directory.pdf,185
usa-universities_and_degree_granting_institutions-1466,1466,USA,universities_and_degree_granting_institutions,New York Academy of Art,New York · NY,nyaa.edu,https://nyaa.edu,True,logos/usa_1466_new_york_academy_of_art.png,USA_Universities_Directory.pdf,185
usa-universities_and_degree_granting_institutions-1467,1467,USA,universities_and_degree_granting_institutions,New York College of Health Professions,Syosset · NY,nycollege.edu,https://nycollege.edu,True,logos/usa_1467_new_york_college_of_health_professions.png,USA_Universities_Directory.pdf,185
usa-universities_and_degree_granting_institutions-1468,1468,USA,universities_and_degree_granting_institutions,New York College of Podiatric Medicine,New York · NY,nycpm.edu,https://nycpm.edu,True,logos/usa_1468_new_york_college_of_podiatric_medicine.png,USA_Universities_Directory.pdf,185
usa-universities_and_degree_granting_institutions-1469,1469,USA,universities_and_degree_granting_institutions,New York College of Traditional Chinese Medicine,Mineola · NY,nyctcm.edu,https://nyctcm.edu,True,logos/usa_1469_new_york_college_of_traditional_chinese_medicine.png,USA_Universities_Directory.pdf,185
usa-universities_and_degree_granting_institutions-1470,1470,USA,universities_and_degree_granting_institutions,New York Film Academy,Burbank · CA,nyfa.edu,https://nyfa.edu,True,logos/usa_1470_new_york_film_academy.png,USA_Universities_Directory.pdf,185
usa-universities_and_degree_granting_institutions-1471,1471,USA,universities_and_degree_granting_institutions,New York Institute of Technology,Old Westbury · NY,nyit.edu,https://nyit.edu,True,logos/usa_1471_new_york_institute_of_technology.png,USA_Universities_Directory.pdf,185
usa-universities_and_degree_granting_institutions-1472,1472,USA,universities_and_degree_granting_institutions,New York Law School,New York · NY,nyls.edu,https://nyls.edu,True,logos/usa_1472_new_york_law_school.png,USA_Universities_Directory.pdf,185
usa-universities_and_degree_granting_institutions-1473,1473,USA,universities_and_degree_granting_institutions,New York Medical College,Valhalla · NY,nymc.edu,https://nymc.edu,True,logos/usa_1473_new_york_medical_college.png,USA_Universities_Directory.pdf,186
usa-universities_and_degree_granting_institutions-1474,1474,USA,universities_and_degree_granting_institutions,New York School of Interior Design,New York · NY,nysid.edu,https://nysid.edu,True,logos/usa_1474_new_york_school_of_interior_design.png,USA_Universities_Directory.pdf,186
usa-universities_and_degree_granting_institutions-1475,1475,USA,universities_and_degree_granting_institutions,New York Theological Seminary,New York · NY,nyts.edu,https://nyts.edu,True,logos/usa_1475_new_york_theological_seminary.png,USA_Universities_Directory.pdf,186
usa-universities_and_degree_granting_institutions-1476,1476,USA,universities_and_degree_granting_institutions,New York University,New York · NY,nyu.edu,https://nyu.edu,True,logos/usa_1476_new_york_university.png,USA_Universities_Directory.pdf,186
usa-universities_and_degree_granting_institutions-1477,1477,USA,universities_and_degree_granting_institutions,Newberry College,Newberry · SC,newberry.edu,https://newberry.edu,True,logos/usa_1477_newberry_college.png,USA_Universities_Directory.pdf,186
usa-universities_and_degree_granting_institutions-1478,1478,USA,universities_and_degree_granting_institutions,Newlane University,Lehi · UT,newlane.edu,https://newlane.edu,True,logos/usa_1478_newlane_university.png,USA_Universities_Directory.pdf,186
usa-universities_and_degree_granting_institutions-1479,1479,USA,universities_and_degree_granting_institutions,Newman University,Wichita · KS,newmanu.edu,https://newmanu.edu,True,logos/usa_1479_newman_university.png,USA_Universities_Directory.pdf,186
usa-universities_and_degree_granting_institutions-1480,1480,USA,universities_and_degree_granting_institutions,Newschool of Architecture and Design,San Diego · CA,newschoolarch.edu,https://newschoolarch.edu,True,logos/usa_1480_newschool_of_architecture_and_design.png,USA_Universities_Directory.pdf,186
usa-universities_and_degree_granting_institutions-1481,1481,USA,universities_and_degree_granting_institutions,NewU University,Washington · DC,newu.university,https://newu.university,True,logos/usa_1481_newu_university.png,USA_Universities_Directory.pdf,187
usa-universities_and_degree_granting_institutions-1482,1482,USA,universities_and_degree_granting_institutions,Niagara University,Niagara University · NY,niagara.edu,https://niagara.edu,True,logos/usa_1482_niagara_university.png,USA_Universities_Directory.pdf,187
usa-universities_and_degree_granting_institutions-1483,1483,USA,universities_and_degree_granting_institutions,Nicholls State University,Thibodaux · LA,nicholls.edu,https://nicholls.edu,True,logos/usa_1483_nicholls_state_university.png,USA_Universities_Directory.pdf,187
usa-universities_and_degree_granting_institutions-1484,1484,USA,universities_and_degree_granting_institutions,Nichols College,Dudley · MA,nichols.edu,https://nichols.edu,True,logos/usa_1484_nichols_college.png,USA_Universities_Directory.pdf,187
usa-universities_and_degree_granting_institutions-1485,1485,USA,universities_and_degree_granting_institutions,Nightingale College,Salt Lake City · UT,nightingale.edu,https://nightingale.edu,True,logos/usa_1485_nightingale_college.png,USA_Universities_Directory.pdf,187
usa-universities_and_degree_granting_institutions-1486,1486,USA,universities_and_degree_granting_institutions,Norfolk State University,Norfolk · VA,nsu.edu,https://nsu.edu,True,logos/usa_1486_norfolk_state_university.png,USA_Universities_Directory.pdf,187
usa-universities_and_degree_granting_institutions-1487,1487,USA,universities_and_degree_granting_institutions,North American University,Stafford · TX,na.edu,https://na.edu,True,logos/usa_1487_north_american_university.png,USA_Universities_Directory.pdf,187
usa-universities_and_degree_granting_institutions-1488,1488,USA,universities_and_degree_granting_institutions,North Carolina A & T State University,Greensboro · NC,ncat.edu,https://ncat.edu,True,logos/usa_1488_north_carolina_a_t_state_university.png,USA_Universities_Directory.pdf,187
usa-universities_and_degree_granting_institutions-1489,1489,USA,universities_and_degree_granting_institutions,North Carolina Central University,Durham · NC,nccu.edu,https://nccu.edu,True,logos/usa_1489_north_carolina_central_university.png,USA_Universities_Directory.pdf,188
usa-universities_and_degree_granting_institutions-1490,1490,USA,universities_and_degree_granting_institutions,North Carolina State University at Raleigh,Raleigh · NC,ncsu.edu,https://ncsu.edu,True,logos/usa_1490_north_carolina_state_university_at_raleigh.png,USA_Universities_Directory.pdf,188
usa-universities_and_degree_granting_institutions-1491,1491,USA,universities_and_degree_granting_institutions,North Carolina Wesleyan University,Rocky Mount · NC,ncwu.edu,https://ncwu.edu,True,logos/usa_1491_north_carolina_wesleyan_university.png,USA_Universities_Directory.pdf,188
usa-universities_and_degree_granting_institutions-1492,1492,USA,universities_and_degree_granting_institutions,North Central College,Naperville,northcentralcollege.edu,https://northcentralcollege.edu,True,logos/usa_1492_north_central_college.png,USA_Universities_Directory.pdf,188
usa-universities_and_degree_granting_institutions-1493,1493,USA,universities_and_degree_granting_institutions,North Central State College,Mansfield · OH,ncstatecollege.edu,https://ncstatecollege.edu,True,logos/usa_1493_north_central_state_college.png,USA_Universities_Directory.pdf,188
usa-universities_and_degree_granting_institutions-1494,1494,USA,universities_and_degree_granting_institutions,North Central University,Minneapolis · MN,northcentral.edu,https://northcentral.edu,True,logos/usa_1494_north_central_university.png,USA_Universities_Directory.pdf,188
usa-universities_and_degree_granting_institutions-1495,1495,USA,universities_and_degree_granting_institutions,North Dakota State University-Main Campus,Fargo · ND,ndsu.edu,https://ndsu.edu,True,logos/usa_1495_north_dakota_state_university_main_campus.png,USA_Universities_Directory.pdf,188
usa-universities_and_degree_granting_institutions-1496,1496,USA,universities_and_degree_granting_institutions,North Florida College,Madison · FL,nfc.edu,https://nfc.edu,True,logos/usa_1496_north_florida_college.png,USA_Universities_Directory.pdf,188
usa-universities_and_degree_granting_institutions-1497,1497,USA,universities_and_degree_granting_institutions,North Greenville University,Tigerville · SC,ngu.edu,https://ngu.edu,True,logos/usa_1497_north_greenville_university.png,USA_Universities_Directory.pdf,189
usa-universities_and_degree_granting_institutions-1498,1498,USA,universities_and_degree_granting_institutions,North Orange County Community College District,Anaheim · CA,nocccd.edu,https://nocccd.edu,True,logos/usa_1498_north_orange_county_community_college_district.png,USA_Universities_Directory.pdf,189
usa-universities_and_degree_granting_institutions-1499,1499,USA,universities_and_degree_granting_institutions,North Park University,Chicago · IL,northpark.edu,https://northpark.edu,True,logos/usa_1499_north_park_university.png,USA_Universities_Directory.pdf,189
usa-universities_and_degree_granting_institutions-1500,1500,USA,universities_and_degree_granting_institutions,North Seattle College,Seattle · WA,northseattle.edu,https://northseattle.edu,True,logos/usa_1500_north_seattle_college.png,USA_Universities_Directory.pdf,189
usa-universities_and_degree_granting_institutions-1501,1501,USA,universities_and_degree_granting_institutions,North-West College-San Diego,San Diego · CA,nw.edu,https://nw.edu,True,logos/usa_1501_north_west_college_san_diego.png,USA_Universities_Directory.pdf,189
usa-universities_and_degree_granting_institutions-1502,1502,USA,universities_and_degree_granting_institutions,Northcentral University,San Diego · CA,northcentral.edu,https://northcentral.edu,True,logos/usa_1502_northcentral_university.png,USA_Universities_Directory.pdf,189
usa-universities_and_degree_granting_institutions-1503,1503,USA,universities_and_degree_granting_institutions,Northeast College of Health Sciences,Seneca Falls · NY,northeastcollege.edu,https://northeastcollege.edu,True,logos/usa_1503_northeast_college_of_health_sciences.png,USA_Universities_Directory.pdf,189
usa-universities_and_degree_granting_institutions-1504,1504,USA,universities_and_degree_granting_institutions,Northeast Ohio Medical University,Rootstown · OH,neomed.edu,https://neomed.edu,True,logos/usa_1504_northeast_ohio_medical_university.png,USA_Universities_Directory.pdf,189
usa-universities_and_degree_granting_institutions-1505,1505,USA,universities_and_degree_granting_institutions,Northeastern Illinois University,Chicago · IL,neiu.edu,https://neiu.edu,True,logos/usa_1505_northeastern_illinois_university.png,USA_Universities_Directory.pdf,190
usa-universities_and_degree_granting_institutions-1506,1506,USA,universities_and_degree_granting_institutions,Northeastern Seminary,Rochester · NY,nes.edu,https://nes.edu,True,logos/usa_1506_northeastern_seminary.png,USA_Universities_Directory.pdf,190
usa-universities_and_degree_granting_institutions-1507,1507,USA,universities_and_degree_granting_institutions,Northeastern State University,Tahlequah · OK,nsuok.edu,https://nsuok.edu,True,logos/usa_1507_northeastern_state_university.png,USA_Universities_Directory.pdf,190
usa-universities_and_degree_granting_institutions-1508,1508,USA,universities_and_degree_granting_institutions,Northeastern University,Boston · MA,northeastern.edu,https://northeastern.edu,True,logos/usa_1508_northeastern_university.png,USA_Universities_Directory.pdf,190
usa-universities_and_degree_granting_institutions-1509,1509,USA,universities_and_degree_granting_institutions,Northeastern University Oakland,Oakland · CA,oakland.northeastern.edu,https://oakland.northeastern.edu,True,logos/usa_1509_northeastern_university_oakland.png,USA_Universities_Directory.pdf,190
usa-universities_and_degree_granting_institutions-1510,1510,USA,universities_and_degree_granting_institutions,Northeastern University Professional Programs,Boston · MA,northeastern.edu,https://northeastern.edu,True,logos/usa_1510_northeastern_university_professional_programs.png,USA_Universities_Directory.pdf,190
usa-universities_and_degree_granting_institutions-1511,1511,USA,universities_and_degree_granting_institutions,Northern Arizona University,Flagstaff · AZ,nau.edu,https://nau.edu,True,logos/usa_1511_northern_arizona_university.png,USA_Universities_Directory.pdf,190
usa-universities_and_degree_granting_institutions-1512,1512,USA,universities_and_degree_granting_institutions,Northern Baptist Theological Seminary,Lisle · IL,seminary.edu,https://seminary.edu,True,logos/usa_1512_northern_baptist_theological_seminary.png,USA_Universities_Directory.pdf,190
usa-universities_and_degree_granting_institutions-1513,1513,USA,universities_and_degree_granting_institutions,Northern Illinois University,Dekalb · IL,niu.edu,https://niu.edu,True,logos/usa_1513_northern_illinois_university.png,USA_Universities_Directory.pdf,191
usa-universities_and_degree_granting_institutions-1514,1514,USA,universities_and_degree_granting_institutions,Northern Kentucky University,Highland Heights · KY,nku.edu,https://nku.edu,True,logos/usa_1514_northern_kentucky_university.png,USA_Universities_Directory.pdf,191
usa-universities_and_degree_granting_institutions-1515,1515,USA,universities_and_degree_granting_institutions,Northern Marianas College,Saipan · MP,marianas.edu,https://marianas.edu,True,logos/usa_1515_northern_marianas_college.png,USA_Universities_Directory.pdf,191
usa-universities_and_degree_granting_institutions-1516,1516,USA,universities_and_degree_granting_institutions,Northern Michigan University,Marquette · MI,nmu.edu,https://nmu.edu,True,logos/usa_1516_northern_michigan_university.png,USA_Universities_Directory.pdf,191
usa-universities_and_degree_granting_institutions-1517,1517,USA,universities_and_degree_granting_institutions,Northern New Mexico College,Espanola · NM,nnmc.edu,https://nnmc.edu,False,,USA_Universities_Directory.pdf,191
usa-universities_and_degree_granting_institutions-1518,1518,USA,universities_and_degree_granting_institutions,Northern State University,Aberdeen · SD,northern.edu,https://northern.edu,True,logos/usa_1518_northern_state_university.png,USA_Universities_Directory.pdf,191
usa-universities_and_degree_granting_institutions-1519,1519,USA,universities_and_degree_granting_institutions,Northland College,Ashland · WI,northland.edu,https://northland.edu,True,logos/usa_1519_northland_college.png,USA_Universities_Directory.pdf,191
usa-universities_and_degree_granting_institutions-1520,1520,USA,universities_and_degree_granting_institutions,Northland Pioneer College,Holbrook · AZ,npc.edu,https://npc.edu,True,logos/usa_1520_northland_pioneer_college.png,USA_Universities_Directory.pdf,191
usa-universities_and_degree_granting_institutions-1521,1521,USA,universities_and_degree_granting_institutions,Northpoint Bible College,Haverhill · MA,northpoint.edu,https://northpoint.edu,False,,USA_Universities_Directory.pdf,192
usa-universities_and_degree_granting_institutions-1522,1522,USA,universities_and_degree_granting_institutions,Northwest College,Powell · WY,nwc.edu,https://nwc.edu,True,logos/usa_1522_northwest_college.png,USA_Universities_Directory.pdf,192
usa-universities_and_degree_granting_institutions-1523,1523,USA,universities_and_degree_granting_institutions,Northwest College of Art & Design,Tacoma · WA,ncad.edu,https://ncad.edu,True,logos/usa_1523_northwest_college_of_art_design.png,USA_Universities_Directory.pdf,192
usa-universities_and_degree_granting_institutions-1524,1524,USA,universities_and_degree_granting_institutions,Northwest Florida State College,Niceville · FL,nwfsc.edu,https://nwfsc.edu,True,logos/usa_1524_northwest_florida_state_college.png,USA_Universities_Directory.pdf,192
usa-universities_and_degree_granting_institutions-1525,1525,USA,universities_and_degree_granting_institutions,Northwest Indian College,Bellingham · WA,nwic.edu,https://nwic.edu,False,,USA_Universities_Directory.pdf,192
usa-universities_and_degree_granting_institutions-1526,1526,USA,universities_and_degree_granting_institutions,Northwest Missouri State University,Maryville · MO,nwmissouri.edu,https://nwmissouri.edu,False,,USA_Universities_Directory.pdf,192
usa-universities_and_degree_granting_institutions-1527,1527,USA,universities_and_degree_granting_institutions,Northwest Nazarene University,Nampa · ID,nnu.edu,https://nnu.edu,True,logos/usa_1527_northwest_nazarene_university.png,USA_Universities_Directory.pdf,192
usa-universities_and_degree_granting_institutions-1528,1528,USA,universities_and_degree_granting_institutions,Northwest University,Kirkland · WA,northwestu.edu,https://northwestu.edu,True,logos/usa_1528_northwest_university.png,USA_Universities_Directory.pdf,192
usa-universities_and_degree_granting_institutions-1529,1529,USA,universities_and_degree_granting_institutions,Northwest University-Center for Online and Extended Education,Kirkland · WA,northwestu.edu,https://northwestu.edu,True,logos/usa_1529_northwest_university_center_for_online_and_extended_education.png,USA_Universities_Directory.pdf,193
usa-universities_and_degree_granting_institutions-1530,1530,USA,universities_and_degree_granting_institutions,Northwest Vista College,San Antonio · TX,alamo.edu,https://alamo.edu,True,logos/usa_1530_northwest_vista_college.png,USA_Universities_Directory.pdf,193
usa-universities_and_degree_granting_institutions-1531,1531,USA,universities_and_degree_granting_institutions,Northwestern College,Orange City · IA,nwciowa.edu,https://nwciowa.edu,True,logos/usa_1531_northwestern_college.png,USA_Universities_Directory.pdf,193
usa-universities_and_degree_granting_institutions-1532,1532,USA,universities_and_degree_granting_institutions,Northwestern College,Oak Lawn · IL,nwciowa.edu,https://nwciowa.edu,True,logos/usa_1532_northwestern_college.png,USA_Universities_Directory.pdf,193
usa-universities_and_degree_granting_institutions-1533,1533,USA,universities_and_degree_granting_institutions,Northwestern Health Sciences University,Bloomington · MN,nwhealth.edu,https://nwhealth.edu,True,logos/usa_1533_northwestern_health_sciences_university.png,USA_Universities_Directory.pdf,193
usa-universities_and_degree_granting_institutions-1534,1534,USA,universities_and_degree_granting_institutions,Northwestern Michigan College,Traverse City · MI,nmc.edu,https://nmc.edu,True,logos/usa_1534_northwestern_michigan_college.png,USA_Universities_Directory.pdf,193
usa-universities_and_degree_granting_institutions-1535,1535,USA,universities_and_degree_granting_institutions,Northwestern Oklahoma State University,Alva · OK,nwosu.edu,https://nwosu.edu,True,logos/usa_1535_northwestern_oklahoma_state_university.png,USA_Universities_Directory.pdf,193
usa-universities_and_degree_granting_institutions-1536,1536,USA,universities_and_degree_granting_institutions,Northwestern State University of Louisiana,Natchitoches · LA,nsula.edu,https://nsula.edu,True,logos/usa_1536_northwestern_state_university_of_louisiana.png,USA_Universities_Directory.pdf,193
usa-universities_and_degree_granting_institutions-1537,1537,USA,universities_and_degree_granting_institutions,Northwestern University,Evanston · IL,northwestern.edu,https://northwestern.edu,True,logos/usa_1537_northwestern_university.png,USA_Universities_Directory.pdf,194
usa-universities_and_degree_granting_institutions-1538,1538,USA,universities_and_degree_granting_institutions,Northwood University,Midland,northwood.edu,https://northwood.edu,True,logos/usa_1538_northwood_university.png,USA_Universities_Directory.pdf,194
usa-universities_and_degree_granting_institutions-1539,1539,USA,universities_and_degree_granting_institutions,Norwich University,Northfield · VT,norwich.edu,https://norwich.edu,True,logos/usa_1539_norwich_university.png,USA_Universities_Directory.pdf,194
usa-universities_and_degree_granting_institutions-1540,1540,USA,universities_and_degree_granting_institutions,Nossi College of Art and Design,Nashville · TN,nossi.edu,https://nossi.edu,True,logos/usa_1540_nossi_college_of_art_and_design.png,USA_Universities_Directory.pdf,194
usa-universities_and_degree_granting_institutions-1541,1541,USA,universities_and_degree_granting_institutions,Notre Dame de Namur University,Belmont · CA,ndnu.edu,https://ndnu.edu,True,logos/usa_1541_notre_dame_de_namur_university.png,USA_Universities_Directory.pdf,194
usa-universities_and_degree_granting_institutions-1542,1542,USA,universities_and_degree_granting_institutions,Notre Dame of Maryland University,Baltimore · MD,ndm.edu,https://ndm.edu,True,logos/usa_1542_notre_dame_of_maryland_university.png,USA_Universities_Directory.pdf,194
usa-universities_and_degree_granting_institutions-1543,1543,USA,universities_and_degree_granting_institutions,Nova Southeastern University,Fort Lauderdale · FL,nova.edu,https://nova.edu,True,logos/usa_1543_nova_southeastern_university.png,USA_Universities_Directory.pdf,194
usa-universities_and_degree_granting_institutions-1544,1544,USA,universities_and_degree_granting_institutions,NUC University,Bayamon · PR,nuc.edu,https://nuc.edu,True,logos/usa_1544_nuc_university.png,USA_Universities_Directory.pdf,194
usa-universities_and_degree_granting_institutions-1545,1545,USA,universities_and_degree_granting_institutions,Nueta Hidatsa Sahnish College,New Town · ND,nhsc.edu,https://nhsc.edu,True,logos/usa_1545_nueta_hidatsa_sahnish_college.png,USA_Universities_Directory.pdf,195
usa-universities_and_degree_granting_institutions-1546,1546,USA,universities_and_degree_granting_institutions,Oak Hills Christian College,Bemidji · MN,oakhills.edu,https://oakhills.edu,True,logos/usa_1546_oak_hills_christian_college.png,USA_Universities_Directory.pdf,195
usa-universities_and_degree_granting_institutions-1547,1547,USA,universities_and_degree_granting_institutions,Oak Valley College,Rialto · CA,oakvalley.edu,https://oakvalley.edu,True,logos/usa_1547_oak_valley_college.png,USA_Universities_Directory.pdf,195
usa-universities_and_degree_granting_institutions-1548,1548,USA,universities_and_degree_granting_institutions,Oakland City University,Oakland City · IN,oak.edu,https://oak.edu,True,logos/usa_1548_oakland_city_university.png,USA_Universities_Directory.pdf,195
usa-universities_and_degree_granting_institutions-1549,1549,USA,universities_and_degree_granting_institutions,Oakland University,Rochester Hills · MI,oakland.edu,https://oakland.edu,True,logos/usa_1549_oakland_university.png,USA_Universities_Directory.pdf,195
usa-universities_and_degree_granting_institutions-1550,1550,USA,universities_and_degree_granting_institutions,Oakwood University,Huntsville · AL,oakwood.edu,https://oakwood.edu,True,logos/usa_1550_oakwood_university.png,USA_Universities_Directory.pdf,195
usa-universities_and_degree_granting_institutions-1551,1551,USA,universities_and_degree_granting_institutions,Oberlin College,Oberlin · OH,oberlin.edu,https://oberlin.edu,True,logos/usa_1551_oberlin_college.png,USA_Universities_Directory.pdf,195
usa-universities_and_degree_granting_institutions-1552,1552,USA,universities_and_degree_granting_institutions,Oblate School of Theology,San Antonio · TX,ost.edu,https://ost.edu,True,logos/usa_1552_oblate_school_of_theology.png,USA_Universities_Directory.pdf,195
usa-universities_and_degree_granting_institutions-1553,1553,USA,universities_and_degree_granting_institutions,Occidental College,Los Angeles · CA,oxy.edu,https://oxy.edu,True,logos/usa_1553_occidental_college.png,USA_Universities_Directory.pdf,196
usa-universities_and_degree_granting_institutions-1554,1554,USA,universities_and_degree_granting_institutions,Odessa College,Odessa · TX,odessa.edu,https://odessa.edu,True,logos/usa_1554_odessa_college.png,USA_Universities_Directory.pdf,196
usa-universities_and_degree_granting_institutions-1555,1555,USA,universities_and_degree_granting_institutions,Oglala Lakota College,Kyle · SD,olc.edu,https://olc.edu,True,logos/usa_1555_oglala_lakota_college.png,USA_Universities_Directory.pdf,196
usa-universities_and_degree_granting_institutions-1556,1556,USA,universities_and_degree_granting_institutions,Oglethorpe University,Atlanta · GA,oglethorpe.edu,https://oglethorpe.edu,True,logos/usa_1556_oglethorpe_university.png,USA_Universities_Directory.pdf,196
usa-universities_and_degree_granting_institutions-1557,1557,USA,universities_and_degree_granting_institutions,Ohio Christian University,Circleville · OH,ohiochristian.edu,https://ohiochristian.edu,True,logos/usa_1557_ohio_christian_university.png,USA_Universities_Directory.pdf,196
usa-universities_and_degree_granting_institutions-1558,1558,USA,universities_and_degree_granting_institutions,Ohio Dominican University,Columbus · OH,ohiodominican.edu,https://ohiodominican.edu,False,,USA_Universities_Directory.pdf,196
usa-universities_and_degree_granting_institutions-1559,1559,USA,universities_and_degree_granting_institutions,Ohio Northern University,Ada · OH,onu.edu,https://onu.edu,True,logos/usa_1559_ohio_northern_university.png,USA_Universities_Directory.pdf,196
usa-universities_and_degree_granting_institutions-1560,1560,USA,universities_and_degree_granting_institutions,Ohio State University-Lima Campus,Lima · OH,lima.osu.edu,https://lima.osu.edu,True,logos/usa_1560_ohio_state_university_lima_campus.png,USA_Universities_Directory.pdf,196
usa-universities_and_degree_granting_institutions-1561,1561,USA,universities_and_degree_granting_institutions,Ohio State University-Main Campus,Columbus · OH,osu.edu,https://osu.edu,True,logos/usa_1561_ohio_state_university_main_campus.png,USA_Universities_Directory.pdf,197
usa-universities_and_degree_granting_institutions-1562,1562,USA,universities_and_degree_granting_institutions,Ohio State University-Mansfield Campus,Mansfield · OH,mansfield.osu.edu,https://mansfield.osu.edu,True,logos/usa_1562_ohio_state_university_mansfield_campus.png,USA_Universities_Directory.pdf,197
usa-universities_and_degree_granting_institutions-1563,1563,USA,universities_and_degree_granting_institutions,Ohio State University-Marion Campus,Marion · OH,osumarion.osu.edu,https://osumarion.osu.edu,True,logos/usa_1563_ohio_state_university_marion_campus.png,USA_Universities_Directory.pdf,197
usa-universities_and_degree_granting_institutions-1564,1564,USA,universities_and_degree_granting_institutions,Ohio State University-Newark Campus,Newark · OH,newark.osu.edu,https://newark.osu.edu,False,,USA_Universities_Directory.pdf,197
usa-universities_and_degree_granting_institutions-1565,1565,USA,universities_and_degree_granting_institutions,Ohio University-Chillicothe Campus,Chillicothe · OH,ohio.edu,https://ohio.edu,True,logos/usa_1565_ohio_university_chillicothe_campus.png,USA_Universities_Directory.pdf,197
usa-universities_and_degree_granting_institutions-1566,1566,USA,universities_and_degree_granting_institutions,Ohio University-Eastern Campus,Saint Clairsville · OH,ohio.edu,https://ohio.edu,True,logos/usa_1566_ohio_university_eastern_campus.png,USA_Universities_Directory.pdf,197
usa-universities_and_degree_granting_institutions-1567,1567,USA,universities_and_degree_granting_institutions,Ohio University-Lancaster Campus,Lancaster · OH,ohio.edu,https://ohio.edu,True,logos/usa_1567_ohio_university_lancaster_campus.png,USA_Universities_Directory.pdf,197
usa-universities_and_degree_granting_institutions-1568,1568,USA,universities_and_degree_granting_institutions,Ohio University-Main Campus,Athens · OH,ohio.edu,https://ohio.edu,True,logos/usa_1568_ohio_university_main_campus.png,USA_Universities_Directory.pdf,197
usa-universities_and_degree_granting_institutions-1569,1569,USA,universities_and_degree_granting_institutions,Ohio University-Southern Campus,Ironton · OH,ohio.edu,https://ohio.edu,True,logos/usa_1569_ohio_university_southern_campus.png,USA_Universities_Directory.pdf,198
usa-universities_and_degree_granting_institutions-1570,1570,USA,universities_and_degree_granting_institutions,Ohio University-Zanesville Campus,Zanesville · OH,ohio.edu,https://ohio.edu,True,logos/usa_1570_ohio_university_zanesville_campus.png,USA_Universities_Directory.pdf,198
usa-universities_and_degree_granting_institutions-1571,1571,USA,universities_and_degree_granting_institutions,Ohio Wesleyan University,Delaware · OH,owu.edu,https://owu.edu,True,logos/usa_1571_ohio_wesleyan_university.png,USA_Universities_Directory.pdf,198
usa-universities_and_degree_granting_institutions-1572,1572,USA,universities_and_degree_granting_institutions,Ohr Hameir Theological Seminary,Peekskill · NY,ohrhameir.com,https://ohrhameir.com,False,,USA_Universities_Directory.pdf,198
usa-universities_and_degree_granting_institutions-1573,1573,USA,universities_and_degree_granting_institutions,Oklahoma Baptist University,Shawnee · OK,okbu.edu,https://okbu.edu,True,logos/usa_1573_oklahoma_baptist_university.png,USA_Universities_Directory.pdf,198
usa-universities_and_degree_granting_institutions-1574,1574,USA,universities_and_degree_granting_institutions,Oklahoma Christian University,Edmond · OK,oc.edu,https://oc.edu,True,logos/usa_1574_oklahoma_christian_university.png,USA_Universities_Directory.pdf,198
usa-universities_and_degree_granting_institutions-1575,1575,USA,universities_and_degree_granting_institutions,Oklahoma City University,Oklahoma City,okcu.edu,https://okcu.edu,True,logos/usa_1575_oklahoma_city_university.png,USA_Universities_Directory.pdf,198
usa-universities_and_degree_granting_institutions-1576,1576,USA,universities_and_degree_granting_institutions,Oklahoma Panhandle State University,Goodwell · OK,opsu.edu,https://opsu.edu,True,logos/usa_1576_oklahoma_panhandle_state_university.png,USA_Universities_Directory.pdf,198
usa-universities_and_degree_granting_institutions-1577,1577,USA,universities_and_degree_granting_institutions,Oklahoma State University Center for Health Sciences,Tulsa · OK,medicine.okstate.edu,https://medicine.okstate.edu,True,logos/usa_1577_oklahoma_state_university_center_for_health_sciences.png,USA_Universities_Directory.pdf,199
usa-universities_and_degree_granting_institutions-1578,1578,USA,universities_and_degree_granting_institutions,Oklahoma State University Institute of Technology,Okmulgee,osuit.edu,https://osuit.edu,True,logos/usa_1578_oklahoma_state_university_institute_of_technology.png,USA_Universities_Directory.pdf,199
usa-universities_and_degree_granting_institutions-1579,1579,USA,universities_and_degree_granting_institutions,Oklahoma State University-Main Campus,Stillwater · OK,okstate.edu,https://okstate.edu,True,logos/usa_1579_oklahoma_state_university_main_campus.png,USA_Universities_Directory.pdf,199
usa-universities_and_degree_granting_institutions-1580,1580,USA,universities_and_degree_granting_institutions,Oklahoma State University-Oklahoma City,Oklahoma City,osuokc.edu,https://osuokc.edu,True,logos/usa_1580_oklahoma_state_university_oklahoma_city.png,USA_Universities_Directory.pdf,199
usa-universities_and_degree_granting_institutions-1581,1581,USA,universities_and_degree_granting_institutions,Oklahoma Wesleyan University,Bartlesville · OK,okwu.edu,https://okwu.edu,True,logos/usa_1581_oklahoma_wesleyan_university.png,USA_Universities_Directory.pdf,199
usa-universities_and_degree_granting_institutions-1582,1582,USA,universities_and_degree_granting_institutions,Old Dominion University,Norfolk · VA,odu.edu,https://odu.edu,True,logos/usa_1582_old_dominion_university.png,USA_Universities_Directory.pdf,199
usa-universities_and_degree_granting_institutions-1583,1583,USA,universities_and_degree_granting_institutions,Olivet Nazarene University,Bourbonnais · IL,olivet.edu,https://olivet.edu,True,logos/usa_1583_olivet_nazarene_university.png,USA_Universities_Directory.pdf,199
usa-universities_and_degree_granting_institutions-1584,1584,USA,universities_and_degree_granting_institutions,Olympic College,Bremerton · WA,olympic.edu,https://olympic.edu,True,logos/usa_1584_olympic_college.png,USA_Universities_Directory.pdf,199
usa-universities_and_degree_granting_institutions-1585,1585,USA,universities_and_degree_granting_institutions,Omega Graduate School,Dayton · TN,ogs.edu,https://ogs.edu,True,logos/usa_1585_omega_graduate_school.png,USA_Universities_Directory.pdf,200
usa-universities_and_degree_granting_institutions-1586,1586,USA,universities_and_degree_granting_institutions,Oral Roberts University,Tulsa · OK,oru.edu,https://oru.edu,True,logos/usa_1586_oral_roberts_university.png,USA_Universities_Directory.pdf,200
usa-universities_and_degree_granting_institutions-1587,1587,USA,universities_and_degree_granting_institutions,Oregon College of Oriental Medicine,Portland,ocom.edu,https://ocom.edu,True,logos/usa_1587_oregon_college_of_oriental_medicine.png,USA_Universities_Directory.pdf,200
usa-universities_and_degree_granting_institutions-1588,1588,USA,universities_and_degree_granting_institutions,Oregon Health & Science University,Portland,ohsu.edu,https://ohsu.edu,True,logos/usa_1588_oregon_health_science_university.png,USA_Universities_Directory.pdf,200
usa-universities_and_degree_granting_institutions-1589,1589,USA,universities_and_degree_granting_institutions,Oregon Institute of Technology,Klamath Falls · OR,oit.edu,https://oit.edu,True,logos/usa_1589_oregon_institute_of_technology.png,USA_Universities_Directory.pdf,200
usa-universities_and_degree_granting_institutions-1590,1590,USA,universities_and_degree_granting_institutions,Oregon State University,Corvallis,oregonstate.edu,https://oregonstate.edu,True,logos/usa_1590_oregon_state_university.png,USA_Universities_Directory.pdf,200
usa-universities_and_degree_granting_institutions-1591,1591,USA,universities_and_degree_granting_institutions,Oregon State University-Cascades Campus,Bend · OR,osucascades.edu,https://osucascades.edu,True,logos/usa_1591_oregon_state_university_cascades_campus.png,USA_Universities_Directory.pdf,200
usa-universities_and_degree_granting_institutions-1592,1592,USA,universities_and_degree_granting_institutions,Orion Technical College,Davenport · IA,orion.edu,https://orion.edu,True,logos/usa_1592_orion_technical_college.png,USA_Universities_Directory.pdf,200
usa-universities_and_degree_granting_institutions-1593,1593,USA,universities_and_degree_granting_institutions,Otis College of Art and Design,Los Angeles · CA,otis.edu,https://otis.edu,True,logos/usa_1593_otis_college_of_art_and_design.png,USA_Universities_Directory.pdf,201
usa-universities_and_degree_granting_institutions-1594,1594,USA,universities_and_degree_granting_institutions,Ottawa University-Kansas City,Overland Park · KS,ottawa.edu,https://ottawa.edu,True,logos/usa_1594_ottawa_university_kansas_city.png,USA_Universities_Directory.pdf,201
usa-universities_and_degree_granting_institutions-1595,1595,USA,universities_and_degree_granting_institutions,Ottawa University-Milwaukee,Brookfield · WI,ottawa.edu,https://ottawa.edu,True,logos/usa_1595_ottawa_university_milwaukee.png,USA_Universities_Directory.pdf,201
usa-universities_and_degree_granting_institutions-1596,1596,USA,universities_and_degree_granting_institutions,Ottawa University-Online,Overland Park · KS,ottawa.edu,https://ottawa.edu,True,logos/usa_1596_ottawa_university_online.png,USA_Universities_Directory.pdf,201
usa-universities_and_degree_granting_institutions-1597,1597,USA,universities_and_degree_granting_institutions,Ottawa University-Ottawa,Ottawa · KS,ottawa.edu,https://ottawa.edu,True,logos/usa_1597_ottawa_university_ottawa.png,USA_Universities_Directory.pdf,201
usa-universities_and_degree_granting_institutions-1598,1598,USA,universities_and_degree_granting_institutions,Ottawa University-Surprise,Surprise · AZ,ottawa.edu,https://ottawa.edu,True,logos/usa_1598_ottawa_university_surprise.png,USA_Universities_Directory.pdf,201
usa-universities_and_degree_granting_institutions-1599,1599,USA,universities_and_degree_granting_institutions,Otterbein University,Westerville · OH,otterbein.edu,https://otterbein.edu,True,logos/usa_1599_otterbein_university.png,USA_Universities_Directory.pdf,201
usa-universities_and_degree_granting_institutions-1600,1600,USA,universities_and_degree_granting_institutions,Ouachita Baptist University,Arkadelphia,obu.edu,https://obu.edu,True,logos/usa_1600_ouachita_baptist_university.png,USA_Universities_Directory.pdf,201
usa-universities_and_degree_granting_institutions-1601,1601,USA,universities_and_degree_granting_institutions,Our Lady of the Lake University,San Antonio · TX,ollusa.edu,https://ollusa.edu,True,logos/usa_1601_our_lady_of_the_lake_university.png,USA_Universities_Directory.pdf,202
usa-universities_and_degree_granting_institutions-1602,1602,USA,universities_and_degree_granting_institutions,Ozark Christian College,Joplin · MO,occ.edu,https://occ.edu,True,logos/usa_1602_ozark_christian_college.png,USA_Universities_Directory.pdf,202
usa-universities_and_degree_granting_institutions-1603,1603,USA,universities_and_degree_granting_institutions,Ozarks Technical Community College,Springfield · MO,otc.edu,https://otc.edu,True,logos/usa_1603_ozarks_technical_community_college.png,USA_Universities_Directory.pdf,202
usa-universities_and_degree_granting_institutions-1604,1604,USA,universities_and_degree_granting_institutions,Pace University,New York · NY,pace.edu,https://pace.edu,True,logos/usa_1604_pace_university.png,USA_Universities_Directory.pdf,202
usa-universities_and_degree_granting_institutions-1605,1605,USA,universities_and_degree_granting_institutions,Pacific Bible College,Medford,pacificbible.edu,https://pacificbible.edu,True,logos/usa_1605_pacific_bible_college.png,USA_Universities_Directory.pdf,202
usa-universities_and_degree_granting_institutions-1606,1606,USA,universities_and_degree_granting_institutions,Pacific College,Costa Mesa · CA,pacific-college.edu,https://pacific-college.edu,True,logos/usa_1606_pacific_college.png,USA_Universities_Directory.pdf,202
usa-universities_and_degree_granting_institutions-1607,1607,USA,universities_and_degree_granting_institutions,Pacific College of Health and Science,San Diego · CA,pacificcollege.edu,https://pacificcollege.edu,True,logos/usa_1607_pacific_college_of_health_and_science.png,USA_Universities_Directory.pdf,202
usa-universities_and_degree_granting_institutions-1608,1608,USA,universities_and_degree_granting_institutions,Pacific College of Health and Science,New York · NY,pacificcollege.edu,https://pacificcollege.edu,True,logos/usa_1608_pacific_college_of_health_and_science.png,USA_Universities_Directory.pdf,202
usa-universities_and_degree_granting_institutions-1609,1609,USA,universities_and_degree_granting_institutions,Pacific College of Health and Science,Chicago · IL,pacificcollege.edu,https://pacificcollege.edu,True,logos/usa_1609_pacific_college_of_health_and_science.png,USA_Universities_Directory.pdf,203
usa-universities_and_degree_granting_institutions-1610,1610,USA,universities_and_degree_granting_institutions,Pacific Islands University,Mangilao · GU,piu.edu,https://piu.edu,True,logos/usa_1610_pacific_islands_university.png,USA_Universities_Directory.pdf,203
usa-universities_and_degree_granting_institutions-1611,1611,USA,universities_and_degree_granting_institutions,Pacific Lutheran University,Tacoma · WA,plu.edu,https://plu.edu,True,logos/usa_1611_pacific_lutheran_university.png,USA_Universities_Directory.pdf,203
usa-universities_and_degree_granting_institutions-1612,1612,USA,universities_and_degree_granting_institutions,Pacific Northwest College of Art,Portland,willamette.edu,https://willamette.edu,True,logos/usa_1612_pacific_northwest_college_of_art.png,USA_Universities_Directory.pdf,203
usa-universities_and_degree_granting_institutions-1613,1613,USA,universities_and_degree_granting_institutions,Pacific Northwest University of Health Sciences,Yakima · WA,pnwu.edu,https://pnwu.edu,True,logos/usa_1613_pacific_northwest_university_of_health_sciences.png,USA_Universities_Directory.pdf,203
usa-universities_and_degree_granting_institutions-1614,1614,USA,universities_and_degree_granting_institutions,Pacific Oaks College,Pasadena · CA,pacificoaks.edu,https://pacificoaks.edu,True,logos/usa_1614_pacific_oaks_college.png,USA_Universities_Directory.pdf,203
usa-universities_and_degree_granting_institutions-1615,1615,USA,universities_and_degree_granting_institutions,Pacific Rim Christian University,Honolulu · HI,pacrim.edu,https://pacrim.edu,True,logos/usa_1615_pacific_rim_christian_university.png,USA_Universities_Directory.pdf,203
usa-universities_and_degree_granting_institutions-1616,1616,USA,universities_and_degree_granting_institutions,Pacific School of Religion,Berkeley · CA,psr.edu,https://psr.edu,False,,USA_Universities_Directory.pdf,203
usa-universities_and_degree_granting_institutions-1617,1617,USA,universities_and_degree_granting_institutions,Pacific States University,Los Angeles · CA,psuca.edu,https://psuca.edu,True,logos/usa_1617_pacific_states_university.png,USA_Universities_Directory.pdf,204
usa-universities_and_degree_granting_institutions-1618,1618,USA,universities_and_degree_granting_institutions,Pacific Union College,Angwin · CA,puc.edu,https://puc.edu,True,logos/usa_1618_pacific_union_college.png,USA_Universities_Directory.pdf,204
usa-universities_and_degree_granting_institutions-1619,1619,USA,universities_and_degree_granting_institutions,Pacific University,Forest Grove,pacificu.edu,https://pacificu.edu,True,logos/usa_1619_pacific_university.png,USA_Universities_Directory.pdf,204
usa-universities_and_degree_granting_institutions-1620,1620,USA,universities_and_degree_granting_institutions,Pacifica Graduate Institute,Carpinteria,pacifica.edu,https://pacifica.edu,True,logos/usa_1620_pacifica_graduate_institute.png,USA_Universities_Directory.pdf,204
usa-universities_and_degree_granting_institutions-1621,1621,USA,universities_and_degree_granting_institutions,Paier College,Bridgeport · CT,paier.edu,https://paier.edu,False,,USA_Universities_Directory.pdf,204
usa-universities_and_degree_granting_institutions-1622,1622,USA,universities_and_degree_granting_institutions,Paine College,Augusta · GA,paine.edu,https://paine.edu,True,logos/usa_1622_paine_college.png,USA_Universities_Directory.pdf,204
usa-universities_and_degree_granting_institutions-1623,1623,USA,universities_and_degree_granting_institutions,Palm Beach Atlantic University,West Palm Beach · FL,pba.edu,https://pba.edu,True,logos/usa_1623_palm_beach_atlantic_university.png,USA_Universities_Directory.pdf,204
usa-universities_and_degree_granting_institutions-1624,1624,USA,universities_and_degree_granting_institutions,Palm Beach State College,Lake Worth · FL,pbsc.edu,https://pbsc.edu,False,,USA_Universities_Directory.pdf,204
usa-universities_and_degree_granting_institutions-1625,1625,USA,universities_and_degree_granting_institutions,Palmer College of Chiropractic,Davenport · IA,palmer.edu,https://palmer.edu,True,logos/usa_1625_palmer_college_of_chiropractic.png,USA_Universities_Directory.pdf,205
usa-universities_and_degree_granting_institutions-1626,1626,USA,universities_and_degree_granting_institutions,Palo Alto College,San Antonio · TX,alamo.edu,https://alamo.edu,True,logos/usa_1626_palo_alto_college.png,USA_Universities_Directory.pdf,205
usa-universities_and_degree_granting_institutions-1627,1627,USA,universities_and_degree_granting_institutions,Palo Alto University,Palo Alto · CA,paloaltou.edu,https://paloaltou.edu,True,logos/usa_1627_palo_alto_university.png,USA_Universities_Directory.pdf,205
usa-universities_and_degree_granting_institutions-1628,1628,USA,universities_and_degree_granting_institutions,Paradise Valley Community College,Phoenix · AZ,paradisevalley.edu,https://paradisevalley.edu,True,logos/usa_1628_paradise_valley_community_college.png,USA_Universities_Directory.pdf,205
usa-universities_and_degree_granting_institutions-1629,1629,USA,universities_and_degree_granting_institutions,Park University,Parkville · MO,park.edu,https://park.edu,True,logos/usa_1629_park_university.png,USA_Universities_Directory.pdf,205
usa-universities_and_degree_granting_institutions-1630,1630,USA,universities_and_degree_granting_institutions,Parker University,Dallas · TX,parker.edu,https://parker.edu,True,logos/usa_1630_parker_university.png,USA_Universities_Directory.pdf,205
usa-universities_and_degree_granting_institutions-1631,1631,USA,universities_and_degree_granting_institutions,Pasco-Hernando State College,New Port Richey · FL,phsc.edu,https://phsc.edu,True,logos/usa_1631_pasco_hernando_state_college.png,USA_Universities_Directory.pdf,205
usa-universities_and_degree_granting_institutions-1632,1632,USA,universities_and_degree_granting_institutions,Pathways College,Phoenix · AZ,pathwayscollege.edu,https://pathwayscollege.edu,True,logos/usa_1632_pathways_college.png,USA_Universities_Directory.pdf,205
usa-universities_and_degree_granting_institutions-1633,1633,USA,universities_and_degree_granting_institutions,Patrick Henry College,Purcellville · VA,phc.edu,https://phc.edu,True,logos/usa_1633_patrick_henry_college.png,USA_Universities_Directory.pdf,206
usa-universities_and_degree_granting_institutions-1634,1634,USA,universities_and_degree_granting_institutions,Paul Quinn College,Dallas · TX,paulquinn.edu,https://paulquinn.edu,True,logos/usa_1634_paul_quinn_college.png,USA_Universities_Directory.pdf,206
usa-universities_and_degree_granting_institutions-1635,1635,USA,universities_and_degree_granting_institutions,Paul Smiths College of Arts and Science,Paul Smiths · NY,paulsmiths.edu,https://paulsmiths.edu,True,logos/usa_1635_paul_smiths_college_of_arts_and_science.png,USA_Universities_Directory.pdf,206
usa-universities_and_degree_granting_institutions-1636,1636,USA,universities_and_degree_granting_institutions,Payne Theological Seminary,Wilberforce · OH,payneseminary.edu,https://payneseminary.edu,False,,USA_Universities_Directory.pdf,206
usa-universities_and_degree_granting_institutions-1637,1637,USA,universities_and_degree_granting_institutions,PCI College,Cerritos · CA,pci-ed.com,https://pci-ed.com,False,,USA_Universities_Directory.pdf,206
usa-universities_and_degree_granting_institutions-1638,1638,USA,universities_and_degree_granting_institutions,Peirce College,Philadelphia · PA,peirce.edu,https://peirce.edu,True,logos/usa_1638_peirce_college.png,USA_Universities_Directory.pdf,206
usa-universities_and_degree_granting_institutions-1639,1639,USA,universities_and_degree_granting_institutions,Peninsula College,Port Angeles · WA,pencol.edu,https://pencol.edu,True,logos/usa_1639_peninsula_college.png,USA_Universities_Directory.pdf,206
usa-universities_and_degree_granting_institutions-1640,1640,USA,universities_and_degree_granting_institutions,Pennsylvania Academy of the Fine Arts,Philadelphia · PA,pafa.org,https://pafa.org,True,logos/usa_1640_pennsylvania_academy_of_the_fine_arts.png,USA_Universities_Directory.pdf,206
usa-universities_and_degree_granting_institutions-1641,1641,USA,universities_and_degree_granting_institutions,Pennsylvania College of Art and Design,Lancaster · PA,pcad.edu,https://pcad.edu,True,logos/usa_1641_pennsylvania_college_of_art_and_design.png,USA_Universities_Directory.pdf,207
usa-universities_and_degree_granting_institutions-1642,1642,USA,universities_and_degree_granting_institutions,Pennsylvania College of Technology,Williamsport · PA,pct.edu,https://pct.edu,True,logos/usa_1642_pennsylvania_college_of_technology.png,USA_Universities_Directory.pdf,207
usa-universities_and_degree_granting_institutions-1643,1643,USA,universities_and_degree_granting_institutions,Pennsylvania Institute of Technology,Media · PA,pit.edu,https://pit.edu,True,logos/usa_1643_pennsylvania_institute_of_technology.png,USA_Universities_Directory.pdf,207
usa-universities_and_degree_granting_institutions-1644,1644,USA,universities_and_degree_granting_institutions,Pennsylvania State System of Higher Education-Central Office,Harrisburg · PA,passhe.edu,https://passhe.edu,False,,USA_Universities_Directory.pdf,207
usa-universities_and_degree_granting_institutions-1645,1645,USA,universities_and_degree_granting_institutions,Pennsylvania State University-Main Campus,University Park,psu.edu,https://psu.edu,True,logos/usa_1645_pennsylvania_state_university_main_campus.png,USA_Universities_Directory.pdf,207
usa-universities_and_degree_granting_institutions-1646,1646,USA,universities_and_degree_granting_institutions,Pennsylvania State University-Penn State Abington,Abington · PA,abington.psu.edu,https://abington.psu.edu,True,logos/usa_1646_pennsylvania_state_university_penn_state_abington.png,USA_Universities_Directory.pdf,207
usa-universities_and_degree_granting_institutions-1647,1647,USA,universities_and_degree_granting_institutions,Pennsylvania State University-Penn State Altoona,Altoona · PA,altoona.psu.edu,https://altoona.psu.edu,True,logos/usa_1647_pennsylvania_state_university_penn_state_altoona.png,USA_Universities_Directory.pdf,207
usa-universities_and_degree_granting_institutions-1648,1648,USA,universities_and_degree_granting_institutions,Pennsylvania State University-Penn State Beaver,Monaca · PA,beaver.psu.edu,https://beaver.psu.edu,True,logos/usa_1648_pennsylvania_state_university_penn_state_beaver.png,USA_Universities_Directory.pdf,207
usa-universities_and_degree_granting_institutions-1649,1649,USA,universities_and_degree_granting_institutions,Pennsylvania State University-Penn State Berks,Reading · PA,berks.psu.edu,https://berks.psu.edu,True,logos/usa_1649_pennsylvania_state_university_penn_state_berks.png,USA_Universities_Directory.pdf,208
usa-universities_and_degree_granting_institutions-1650,1650,USA,universities_and_degree_granting_institutions,Pennsylvania State University-Penn State Brandywine,Media · PA,brandywine.psu.edu,https://brandywine.psu.edu,True,logos/usa_1650_pennsylvania_state_university_penn_state_brandywine.png,USA_Universities_Directory.pdf,208
usa-universities_and_degree_granting_institutions-1651,1651,USA,universities_and_degree_granting_institutions,Pennsylvania State University-Penn State DuBois,DuBois · PA,dubois.psu.edu,https://dubois.psu.edu,True,logos/usa_1651_pennsylvania_state_university_penn_state_dubois.png,USA_Universities_Directory.pdf,208
usa-universities_and_degree_granting_institutions-1652,1652,USA,universities_and_degree_granting_institutions,Pennsylvania State University-Penn State Erie-Behrend College,Erie · PA,behrend.psu.edu,https://behrend.psu.edu,True,logos/usa_1652_pennsylvania_state_university_penn_state_erie_behrend_college.png,USA_Universities_Directory.pdf,208
usa-universities_and_degree_granting_institutions-1653,1653,USA,universities_and_degree_granting_institutions,Pennsylvania State University-Penn State Fayette- Eberly,Lemont Furnace · PA,fayette.psu.edu,https://fayette.psu.edu,True,logos/usa_1653_pennsylvania_state_university_penn_state_fayette_eberly.png,USA_Universities_Directory.pdf,208
usa-universities_and_degree_granting_institutions-1654,1654,USA,universities_and_degree_granting_institutions,Pennsylvania State University-Penn State Great Valley,Malvern · PA,greatvalley.psu.edu,https://greatvalley.psu.edu,True,logos/usa_1654_pennsylvania_state_university_penn_state_great_valley.png,USA_Universities_Directory.pdf,208
usa-universities_and_degree_granting_institutions-1655,1655,USA,universities_and_degree_granting_institutions,Pennsylvania State University-Penn State Greater Allegheny,McKeesport · PA,greaterallegheny.psu.edu,https://greaterallegheny.psu.edu,True,logos/usa_1655_pennsylvania_state_university_penn_state_greater_allegheny.png,USA_Universities_Directory.pdf,208
usa-universities_and_degree_granting_institutions-1656,1656,USA,universities_and_degree_granting_institutions,Pennsylvania State University-Penn State Harrisburg,Middletown · PA,harrisburg.psu.edu,https://harrisburg.psu.edu,True,logos/usa_1656_pennsylvania_state_university_penn_state_harrisburg.png,USA_Universities_Directory.pdf,208
usa-universities_and_degree_granting_institutions-1657,1657,USA,universities_and_degree_granting_institutions,Pennsylvania State University-Penn State Hazleton,Hazleton · PA,hazleton.psu.edu,https://hazleton.psu.edu,True,logos/usa_1657_pennsylvania_state_university_penn_state_hazleton.png,USA_Universities_Directory.pdf,209
usa-universities_and_degree_granting_institutions-1658,1658,USA,universities_and_degree_granting_institutions,Pennsylvania State University-Penn State Lehigh Valley,Center Valley · PA,lehighvalley.psu.edu,https://lehighvalley.psu.edu,True,logos/usa_1658_pennsylvania_state_university_penn_state_lehigh_valley.png,USA_Universities_Directory.pdf,209
usa-universities_and_degree_granting_institutions-1659,1659,USA,universities_and_degree_granting_institutions,Pennsylvania State University-Penn State Mont Alto,Mont Alto · PA,montalto.psu.edu,https://montalto.psu.edu,True,logos/usa_1659_pennsylvania_state_university_penn_state_mont_alto.png,USA_Universities_Directory.pdf,209
usa-universities_and_degree_granting_institutions-1660,1660,USA,universities_and_degree_granting_institutions,Pennsylvania State University-Penn State New Kensington,New Kensington · PA,newkensington.psu.edu,https://newkensington.psu.edu,True,logos/usa_1660_pennsylvania_state_university_penn_state_new_kensington.png,USA_Universities_Directory.pdf,209
usa-universities_and_degree_granting_institutions-1661,1661,USA,universities_and_degree_granting_institutions,Pennsylvania State University-Penn State Schuylkill,Schuylkill Haven · PA,schuylkill.psu.edu,https://schuylkill.psu.edu,True,logos/usa_1661_pennsylvania_state_university_penn_state_schuylkill.png,USA_Universities_Directory.pdf,209
usa-universities_and_degree_granting_institutions-1662,1662,USA,universities_and_degree_granting_institutions,Pennsylvania State University-Penn State Scranton,Dunmore · PA,scranton.psu.edu,https://scranton.psu.edu,True,logos/usa_1662_pennsylvania_state_university_penn_state_scranton.png,USA_Universities_Directory.pdf,209
usa-universities_and_degree_granting_institutions-1663,1663,USA,universities_and_degree_granting_institutions,Pennsylvania State University-Penn State Shenango,Sharon · PA,shenango.psu.edu,https://shenango.psu.edu,True,logos/usa_1663_pennsylvania_state_university_penn_state_shenango.png,USA_Universities_Directory.pdf,209
usa-universities_and_degree_granting_institutions-1664,1664,USA,universities_and_degree_granting_institutions,Pennsylvania State University-Penn State Wilkes-Barre,Dallas · PA,wilkesbarre.psu.edu,https://wilkesbarre.psu.edu,True,logos/usa_1664_pennsylvania_state_university_penn_state_wilkes_barre.png,USA_Universities_Directory.pdf,209
usa-universities_and_degree_granting_institutions-1665,1665,USA,universities_and_degree_granting_institutions,Pennsylvania State University-Penn State York,York · PA,york.psu.edu,https://york.psu.edu,True,logos/usa_1665_pennsylvania_state_university_penn_state_york.png,USA_Universities_Directory.pdf,210
usa-universities_and_degree_granting_institutions-1666,1666,USA,universities_and_degree_granting_institutions,Pennsylvania State University-World Campus,University Park,worldcampus.psu.edu,https://worldcampus.psu.edu,True,logos/usa_1666_pennsylvania_state_university_world_campus.png,USA_Universities_Directory.pdf,210
usa-universities_and_degree_granting_institutions-1667,1667,USA,universities_and_degree_granting_institutions,Pennsylvania Western University,California · PA,pennwest.edu,https://pennwest.edu,True,logos/usa_1667_pennsylvania_western_university.png,USA_Universities_Directory.pdf,210
usa-universities_and_degree_granting_institutions-1668,1668,USA,universities_and_degree_granting_institutions,Pensacola State College,Pensacola · FL,pensacolastate.edu,https://pensacolastate.edu,True,logos/usa_1668_pensacola_state_college.png,USA_Universities_Directory.pdf,210
usa-universities_and_degree_granting_institutions-1669,1669,USA,universities_and_degree_granting_institutions,Pentecostal Theological Seminary,Cleveland · TN,ptseminary.edu,https://ptseminary.edu,True,logos/usa_1669_pentecostal_theological_seminary.png,USA_Universities_Directory.pdf,210
usa-universities_and_degree_granting_institutions-1670,1670,USA,universities_and_degree_granting_institutions,Pepperdine University,Malibu · CA,pepperdine.edu,https://pepperdine.edu,True,logos/usa_1670_pepperdine_university.png,USA_Universities_Directory.pdf,210
usa-universities_and_degree_granting_institutions-1671,1671,USA,universities_and_degree_granting_institutions,Peru State College,Peru · NE,peru.edu,https://peru.edu,True,logos/usa_1671_peru_state_college.png,USA_Universities_Directory.pdf,210
usa-universities_and_degree_granting_institutions-1672,1672,USA,universities_and_degree_granting_institutions,Pfeiffer University,Misenheimer · NC,pfeiffer.edu,https://pfeiffer.edu,True,logos/usa_1672_pfeiffer_university.png,USA_Universities_Directory.pdf,210
usa-universities_and_degree_granting_institutions-1673,1673,USA,universities_and_degree_granting_institutions,Philadelphia College of Osteopathic Medicine,Philadelphia · PA,pcom.edu,https://pcom.edu,True,logos/usa_1673_philadelphia_college_of_osteopathic_medicine.png,USA_Universities_Directory.pdf,211
usa-universities_and_degree_granting_institutions-1674,1674,USA,universities_and_degree_granting_institutions,Philander Smith University,Little Rock · AR,philander.edu,https://philander.edu,True,logos/usa_1674_philander_smith_university.png,USA_Universities_Directory.pdf,211
usa-universities_and_degree_granting_institutions-1675,1675,USA,universities_and_degree_granting_institutions,Phillips Theological Seminary,Tulsa · OK,ptstulsa.edu,https://ptstulsa.edu,True,logos/usa_1675_phillips_theological_seminary.png,USA_Universities_Directory.pdf,211
usa-universities_and_degree_granting_institutions-1676,1676,USA,universities_and_degree_granting_institutions,Phoenix College,Phoenix · AZ,phoenixcollege.edu,https://phoenixcollege.edu,True,logos/usa_1676_phoenix_college.png,USA_Universities_Directory.pdf,211
usa-universities_and_degree_granting_institutions-1677,1677,USA,universities_and_degree_granting_institutions,Phoenix Institute of Herbal Medicine & Acupuncture,Phoenix · AZ,pihma.edu,https://pihma.edu,True,logos/usa_1677_phoenix_institute_of_herbal_medicine_acupuncture.png,USA_Universities_Directory.pdf,211
usa-universities_and_degree_granting_institutions-1678,1678,USA,universities_and_degree_granting_institutions,Phoenix Seminary,Scottsdale · AZ,ps.edu,https://ps.edu,True,logos/usa_1678_phoenix_seminary.png,USA_Universities_Directory.pdf,211
usa-universities_and_degree_granting_institutions-1679,1679,USA,universities_and_degree_granting_institutions,Piedmont University,Demorest · GA,piedmont.edu,https://piedmont.edu,True,logos/usa_1679_piedmont_university.png,USA_Universities_Directory.pdf,211
usa-universities_and_degree_granting_institutions-1680,1680,USA,universities_and_degree_granting_institutions,Pierce College District,Lakewood · WA,pierce.ctc.edu,https://pierce.ctc.edu,True,logos/usa_1680_pierce_college_district.png,USA_Universities_Directory.pdf,211
usa-universities_and_degree_granting_institutions-1681,1681,USA,universities_and_degree_granting_institutions,Pikes Peak State College,Colorado Springs,pikespeak.edu,https://pikespeak.edu,True,logos/usa_1681_pikes_peak_state_college.png,USA_Universities_Directory.pdf,212
usa-universities_and_degree_granting_institutions-1682,1682,USA,universities_and_degree_granting_institutions,Pillar College,Newark · NJ,pillar.edu,https://pillar.edu,True,logos/usa_1682_pillar_college.png,USA_Universities_Directory.pdf,212
usa-universities_and_degree_granting_institutions-1683,1683,USA,universities_and_degree_granting_institutions,Pima Medical Institute-Tucson,Tucson · AZ,pmi.edu,https://pmi.edu,True,logos/usa_1683_pima_medical_institute_tucson.png,USA_Universities_Directory.pdf,212
usa-universities_and_degree_granting_institutions-1684,1684,USA,universities_and_degree_granting_institutions,Pittsburg State University,Pittsburg · KS,pittstate.edu,https://pittstate.edu,True,logos/usa_1684_pittsburg_state_university.png,USA_Universities_Directory.pdf,212
usa-universities_and_degree_granting_institutions-1685,1685,USA,universities_and_degree_granting_institutions,Pittsburgh Theological Seminary,Pittsburgh · PA,pts.edu,https://pts.edu,False,,USA_Universities_Directory.pdf,212
usa-universities_and_degree_granting_institutions-1686,1686,USA,universities_and_degree_granting_institutions,Pitzer College,Claremont · CA,pitzer.edu,https://pitzer.edu,True,logos/usa_1686_pitzer_college.png,USA_Universities_Directory.pdf,212
usa-universities_and_degree_granting_institutions-1687,1687,USA,universities_and_degree_granting_institutions,Platt College-Anaheim,Anaheim · CA,plattcollege.edu,https://plattcollege.edu,True,logos/usa_1687_platt_college_anaheim.png,USA_Universities_Directory.pdf,212
usa-universities_and_degree_granting_institutions-1688,1688,USA,universities_and_degree_granting_institutions,Platt College-Aurora,Greenwood Village · CO,plattcolorado.edu,https://plattcolorado.edu,True,logos/usa_1688_platt_college_aurora.png,USA_Universities_Directory.pdf,212
usa-universities_and_degree_granting_institutions-1689,1689,USA,universities_and_degree_granting_institutions,Platt College-Los Angeles,Alhambra · CA,plattcollege.edu,https://plattcollege.edu,True,logos/usa_1689_platt_college_los_angeles.png,USA_Universities_Directory.pdf,213
usa-universities_and_degree_granting_institutions-1690,1690,USA,universities_and_degree_granting_institutions,Platt College-Ontario,Ontario · CA,plattcollege.edu,https://plattcollege.edu,True,logos/usa_1690_platt_college_ontario.png,USA_Universities_Directory.pdf,213
usa-universities_and_degree_granting_institutions-1691,1691,USA,universities_and_degree_granting_institutions,Platt College-Riverside,Riverside · CA,plattcollege.edu,https://plattcollege.edu,True,logos/usa_1691_platt_college_riverside.png,USA_Universities_Directory.pdf,213
usa-universities_and_degree_granting_institutions-1692,1692,USA,universities_and_degree_granting_institutions,Plaza College,Forest Hills · NY,plazacollege.edu,https://plazacollege.edu,True,logos/usa_1692_plaza_college.png,USA_Universities_Directory.pdf,213
usa-universities_and_degree_granting_institutions-1693,1693,USA,universities_and_degree_granting_institutions,Plymouth State University,Plymouth · NH,plymouth.edu,https://plymouth.edu,True,logos/usa_1693_plymouth_state_university.png,USA_Universities_Directory.pdf,213
usa-universities_and_degree_granting_institutions-1694,1694,USA,universities_and_degree_granting_institutions,Point Loma Nazarene University,San Diego · CA,pointloma.edu,https://pointloma.edu,True,logos/usa_1694_point_loma_nazarene_university.png,USA_Universities_Directory.pdf,213
usa-universities_and_degree_granting_institutions-1695,1695,USA,universities_and_degree_granting_institutions,Point Park University,Pittsburgh · PA,pointpark.edu,https://pointpark.edu,True,logos/usa_1695_point_park_university.png,USA_Universities_Directory.pdf,213
usa-universities_and_degree_granting_institutions-1696,1696,USA,universities_and_degree_granting_institutions,Point University,West Point · GA,point.edu,https://point.edu,True,logos/usa_1696_point_university.png,USA_Universities_Directory.pdf,213
usa-universities_and_degree_granting_institutions-1697,1697,USA,universities_and_degree_granting_institutions,Polk State College,Winter Haven · FL,polk.edu,https://polk.edu,True,logos/usa_1697_polk_state_college.png,USA_Universities_Directory.pdf,214
usa-universities_and_degree_granting_institutions-1698,1698,USA,universities_and_degree_granting_institutions,Polytechnic University of Puerto Rico-Miami,Miami · FL,pupr.edu,https://pupr.edu,True,logos/usa_1698_polytechnic_university_of_puerto_rico_miami.png,USA_Universities_Directory.pdf,214
usa-universities_and_degree_granting_institutions-1699,1699,USA,universities_and_degree_granting_institutions,Polytechnic University of Puerto Rico-Orlando,Orlando · FL,pupr.edu,https://pupr.edu,True,logos/usa_1699_polytechnic_university_of_puerto_rico_orlando.png,USA_Universities_Directory.pdf,214
usa-universities_and_degree_granting_institutions-1700,1700,USA,universities_and_degree_granting_institutions,Pomona College,Claremont · CA,pomona.edu,https://pomona.edu,True,logos/usa_1700_pomona_college.png,USA_Universities_Directory.pdf,214
usa-universities_and_degree_granting_institutions-1701,1701,USA,universities_and_degree_granting_institutions,Ponce Health Sciences University,Ponce · PR,psm.edu,https://psm.edu,True,logos/usa_1701_ponce_health_sciences_university.png,USA_Universities_Directory.pdf,214
usa-universities_and_degree_granting_institutions-1702,1702,USA,universities_and_degree_granting_institutions,Ponce Health Sciences University-Centro Universitario de San Juan,Santurce · PR,psm.edu,https://psm.edu,True,logos/usa_1702_ponce_health_sciences_university_centro_universitario_de_san_juan.png,USA_Universities_Directory.pdf,214
usa-universities_and_degree_granting_institutions-1703,1703,USA,universities_and_degree_granting_institutions,Ponce Health Sciences University-East,Ponce · PR,psm.edu,https://psm.edu,True,logos/usa_1703_ponce_health_sciences_university_east.png,USA_Universities_Directory.pdf,214
usa-universities_and_degree_granting_institutions-1704,1704,USA,universities_and_degree_granting_institutions,Ponce Health Sciences University-St Louis,St. Louis · MO,stlouis.psm.edu,https://stlouis.psm.edu,True,logos/usa_1704_ponce_health_sciences_university_st_louis.png,USA_Universities_Directory.pdf,214
usa-universities_and_degree_granting_institutions-1705,1705,USA,universities_and_degree_granting_institutions,Pontifex University,Atlanta · GA,pontifex.university,https://pontifex.university,False,,USA_Universities_Directory.pdf,215
usa-universities_and_degree_granting_institutions-1706,1706,USA,universities_and_degree_granting_institutions,Pontifical Catholic University of Puerto Rico-Arecibo,Arecibo · PR,pucpr.edu,https://pucpr.edu,True,logos/usa_1706_pontifical_catholic_university_of_puerto_rico_arecibo.png,USA_Universities_Directory.pdf,215
usa-universities_and_degree_granting_institutions-1707,1707,USA,universities_and_degree_granting_institutions,Pontifical Catholic University of Puerto Rico-Mayaguez,Mayaguez · PR,mayaguez.pucpr.edu,https://mayaguez.pucpr.edu,True,logos/usa_1707_pontifical_catholic_university_of_puerto_rico_mayaguez.png,USA_Universities_Directory.pdf,215
usa-universities_and_degree_granting_institutions-1708,1708,USA,universities_and_degree_granting_institutions,Pontifical Catholic University of Puerto Rico-Ponce,Ponce · PR,pucpr.edu,https://pucpr.edu,True,logos/usa_1708_pontifical_catholic_university_of_puerto_rico_ponce.png,USA_Universities_Directory.pdf,215
usa-universities_and_degree_granting_institutions-1709,1709,USA,universities_and_degree_granting_institutions,Pontifical College Josephinum,Columbus · OH,pcj.edu,https://pcj.edu,True,logos/usa_1709_pontifical_college_josephinum.png,USA_Universities_Directory.pdf,215
usa-universities_and_degree_granting_institutions-1710,1710,USA,universities_and_degree_granting_institutions,Pontifical Faculty of the Immaculate Conception at the Dominican House of Studies,Washington · DC,dhs.edu,https://dhs.edu,True,logos/usa_1710_pontifical_faculty_of_the_immaculate_conception_at_the_dominican_house.png,USA_Universities_Directory.pdf,215
usa-universities_and_degree_granting_institutions-1711,1711,USA,universities_and_degree_granting_institutions,Pontifical John Paul II Institute for Studies on Marriage and Family,Washington · DC,johnpaulii.edu,https://johnpaulii.edu,True,logos/usa_1711_pontifical_john_paul_ii_institute_for_studies_on_marriage_and_family.png,USA_Universities_Directory.pdf,215
usa-universities_and_degree_granting_institutions-1712,1712,USA,universities_and_degree_granting_institutions,Pope St John XXIII National Seminary,Weston · MA,psjs.edu,https://psjs.edu,True,logos/usa_1712_pope_st_john_xxiii_national_seminary.png,USA_Universities_Directory.pdf,215
usa-universities_and_degree_granting_institutions-1713,1713,USA,universities_and_degree_granting_institutions,Portland State University,Portland,pdx.edu,https://pdx.edu,True,logos/usa_1713_portland_state_university.png,USA_Universities_Directory.pdf,216
usa-universities_and_degree_granting_institutions-1714,1714,USA,universities_and_degree_granting_institutions,Post University,Waterbury · CT,post.edu,https://post.edu,True,logos/usa_1714_post_university.png,USA_Universities_Directory.pdf,216
usa-universities_and_degree_granting_institutions-1715,1715,USA,universities_and_degree_granting_institutions,Potomac State College of West Virginia University,Keyser · WV,potomacstatecollege.edu,https://potomacstatecollege.edu,True,logos/usa_1715_potomac_state_college_of_west_virginia_university.png,USA_Universities_Directory.pdf,216
usa-universities_and_degree_granting_institutions-1716,1716,USA,universities_and_degree_granting_institutions,Prairie View A & M University,Prairie View · TX,pvamu.edu,https://pvamu.edu,True,logos/usa_1716_prairie_view_a_m_university.png,USA_Universities_Directory.pdf,216
usa-universities_and_degree_granting_institutions-1717,1717,USA,universities_and_degree_granting_institutions,Pratt Institute-Main,Brooklyn · NY,pratt.edu,https://pratt.edu,True,logos/usa_1717_pratt_institute_main.png,USA_Universities_Directory.pdf,216
usa-universities_and_degree_granting_institutions-1718,1718,USA,universities_and_degree_granting_institutions,Presbyterian College,Clinton · SC,presby.edu,https://presby.edu,True,logos/usa_1718_presbyterian_college.png,USA_Universities_Directory.pdf,216
usa-universities_and_degree_granting_institutions-1719,1719,USA,universities_and_degree_granting_institutions,Presbyterian Theological Seminary in America,Santa Fe Springs · CA,ptsa.edu,https://ptsa.edu,False,,USA_Universities_Directory.pdf,216
usa-universities_and_degree_granting_institutions-1720,1720,USA,universities_and_degree_granting_institutions,Prescott College,Prescott · AZ,prescott.edu,https://prescott.edu,True,logos/usa_1720_prescott_college.png,USA_Universities_Directory.pdf,216
usa-universities_and_degree_granting_institutions-1721,1721,USA,universities_and_degree_granting_institutions,Presidio Graduate School,San Anselmo · CA,presidio.edu,https://presidio.edu,True,logos/usa_1721_presidio_graduate_school.png,USA_Universities_Directory.pdf,217
usa-universities_and_degree_granting_institutions-1722,1722,USA,universities_and_degree_granting_institutions,Princeton Theological Seminary,Princeton · NJ,ptsem.edu,https://ptsem.edu,True,logos/usa_1722_princeton_theological_seminary.png,USA_Universities_Directory.pdf,217
usa-universities_and_degree_granting_institutions-1723,1723,USA,universities_and_degree_granting_institutions,Princeton University,Princeton · NJ,princeton.edu,https://princeton.edu,True,logos/usa_1723_princeton_university.png,USA_Universities_Directory.pdf,217
usa-universities_and_degree_granting_institutions-1724,1724,USA,universities_and_degree_granting_institutions,Principia College,Elsah · IL,principiacollege.edu,https://principiacollege.edu,True,logos/usa_1724_principia_college.png,USA_Universities_Directory.pdf,217
usa-universities_and_degree_granting_institutions-1725,1725,USA,universities_and_degree_granting_institutions,Professional Skills Institute,Maumee · OH,proskills.edu,https://proskills.edu,True,logos/usa_1725_professional_skills_institute.png,USA_Universities_Directory.pdf,217
usa-universities_and_degree_granting_institutions-1726,1726,USA,universities_and_degree_granting_institutions,Professional University Dr. Carlos J. Borrero Rios,Hato Rey · PR,upcjbr.university,https://upcjbr.university,True,logos/usa_1726_professional_university_dr_carlos_j_borrero_rios.png,USA_Universities_Directory.pdf,217
usa-universities_and_degree_granting_institutions-1727,1727,USA,universities_and_degree_granting_institutions,Providence Christian College,Pasadena · CA,providencecc.edu,https://providencecc.edu,True,logos/usa_1727_providence_christian_college.png,USA_Universities_Directory.pdf,217
usa-universities_and_degree_granting_institutions-1728,1728,USA,universities_and_degree_granting_institutions,Providence College,Providence · RI,providence.edu,https://providence.edu,True,logos/usa_1728_providence_college.png,USA_Universities_Directory.pdf,217
usa-universities_and_degree_granting_institutions-1729,1729,USA,universities_and_degree_granting_institutions,Provo College,Provo · UT,provocollege.edu,https://provocollege.edu,True,logos/usa_1729_provo_college.png,USA_Universities_Directory.pdf,218
usa-universities_and_degree_granting_institutions-1730,1730,USA,universities_and_degree_granting_institutions,Provo College-Idaho Falls Campus,Idaho Falls,eaglegatecollege.edu,https://eaglegatecollege.edu,True,logos/usa_1730_provo_college_idaho_falls_campus.png,USA_Universities_Directory.pdf,218
usa-universities_and_degree_granting_institutions-1731,1731,USA,universities_and_degree_granting_institutions,Pueblo Community College,Pueblo · CO,pueblocc.edu,https://pueblocc.edu,True,logos/usa_1731_pueblo_community_college.png,USA_Universities_Directory.pdf,218
usa-universities_and_degree_granting_institutions-1732,1732,USA,universities_and_degree_granting_institutions,Puerto Rico Conservatory of Music,San Juan · PR,cmpr.edu,https://cmpr.edu,True,logos/usa_1732_puerto_rico_conservatory_of_music.png,USA_Universities_Directory.pdf,218
usa-universities_and_degree_granting_institutions-1733,1733,USA,universities_and_degree_granting_institutions,Purdue University Fort Wayne,Fort Wayne · IN,pfw.edu,https://pfw.edu,True,logos/usa_1733_purdue_university_fort_wayne.png,USA_Universities_Directory.pdf,218
usa-universities_and_degree_granting_institutions-1734,1734,USA,universities_and_degree_granting_institutions,Purdue University Global,West Lafayette · IN,purdueglobal.edu,https://purdueglobal.edu,True,logos/usa_1734_purdue_university_global.png,USA_Universities_Directory.pdf,218
usa-universities_and_degree_granting_institutions-1735,1735,USA,universities_and_degree_granting_institutions,Purdue University Northwest,Hammond · IN,pnw.edu,https://pnw.edu,True,logos/usa_1735_purdue_university_northwest.png,USA_Universities_Directory.pdf,218
usa-universities_and_degree_granting_institutions-1736,1736,USA,universities_and_degree_granting_institutions,Purdue University-Main Campus,West Lafayette · IN,purdue.edu,https://purdue.edu,True,logos/usa_1736_purdue_university_main_campus.png,USA_Universities_Directory.pdf,218
usa-universities_and_degree_granting_institutions-1737,1737,USA,universities_and_degree_granting_institutions,Queens University of Charlotte,Charlotte · NC,queens.edu,https://queens.edu,True,logos/usa_1737_queens_university_of_charlotte.png,USA_Universities_Directory.pdf,219
usa-universities_and_degree_granting_institutions-1738,1738,USA,universities_and_degree_granting_institutions,Quincy College,Quincy · MA,quincycollege.edu,https://quincycollege.edu,True,logos/usa_1738_quincy_college.png,USA_Universities_Directory.pdf,219
usa-universities_and_degree_granting_institutions-1739,1739,USA,universities_and_degree_granting_institutions,Quincy University,Quincy · IL,quincy.edu,https://quincy.edu,True,logos/usa_1739_quincy_university.png,USA_Universities_Directory.pdf,219
usa-universities_and_degree_granting_institutions-1740,1740,USA,universities_and_degree_granting_institutions,Quinnipiac University,Hamden · CT,qu.edu,https://qu.edu,True,logos/usa_1740_quinnipiac_university.png,USA_Universities_Directory.pdf,219
usa-universities_and_degree_granting_institutions-1741,1741,USA,universities_and_degree_granting_institutions,Rabbi Jacob Joseph School,Edison · NJ,rabbijacobjoseph.com,https://rabbijacobjoseph.com,False,,USA_Universities_Directory.pdf,219
usa-universities_and_degree_granting_institutions-1742,1742,USA,universities_and_degree_granting_institutions,Rabbinical Academy Mesivta Rabbi Chaim Berlin,Brooklyn · NY,rabbinicalacademyrabbichaimberlin.com,https://rabbinicalacademyrabbichaimberlin.com,False,,USA_Universities_Directory.pdf,219
usa-universities_and_degree_granting_institutions-1743,1743,USA,universities_and_degree_granting_institutions,Rabbinical College Beth Shraga,Monsey · NY,rabbinicalcollegebethshraga.com,https://rabbinicalcollegebethshraga.com,False,,USA_Universities_Directory.pdf,219
usa-universities_and_degree_granting_institutions-1744,1744,USA,universities_and_degree_granting_institutions,Rabbinical College Bobover Yeshiva Bnei Zion,Brooklyn · NY,rabbinicalcollegeboboveryeshiva.edu,https://rabbinicalcollegeboboveryeshiva.edu,True,logos/usa_1744_rabbinical_college_bobover_yeshiva_bnei_zion.png,USA_Universities_Directory.pdf,219
usa-universities_and_degree_granting_institutions-1745,1745,USA,universities_and_degree_granting_institutions,Rabbinical College of America,Morristown · NJ,rca.edu,https://rca.edu,True,logos/usa_1745_rabbinical_college_of_america.png,USA_Universities_Directory.pdf,220
usa-universities_and_degree_granting_institutions-1746,1746,USA,universities_and_degree_granting_institutions,Rabbinical College of Long Island,Long Beach · NY,rabbinicalcollegelongisland.com,https://rabbinicalcollegelongisland.com,False,,USA_Universities_Directory.pdf,220
usa-universities_and_degree_granting_institutions-1747,1747,USA,universities_and_degree_granting_institutions,Rabbinical College of Ohr Shimon Yisroel,Brooklyn · NY,ohr-sy.com,https://ohr-sy.com,True,logos/usa_1747_rabbinical_college_of_ohr_shimon_yisroel.png,USA_Universities_Directory.pdf,220
usa-universities_and_degree_granting_institutions-1748,1748,USA,universities_and_degree_granting_institutions,Rabbinical College Ohr Yisroel,Brooklyn · NY,rabbinicalcollegeohryisroel.com,https://rabbinicalcollegeohryisroel.com,False,,USA_Universities_Directory.pdf,220
usa-universities_and_degree_granting_institutions-1749,1749,USA,universities_and_degree_granting_institutions,Rabbinical College Telshe,Wickliffe · OH,independentrabbinicalcolleges.org,https://independentrabbinicalcolleges.org,False,,USA_Universities_Directory.pdf,220
usa-universities_and_degree_granting_institutions-1750,1750,USA,universities_and_degree_granting_institutions,Rabbinical Seminary Mkor Chaim,Lakewood · NJ,mkorchaim.org,https://mkorchaim.org,True,logos/usa_1750_rabbinical_seminary_mkor_chaim.png,USA_Universities_Directory.pdf,220
usa-universities_and_degree_granting_institutions-1751,1751,USA,universities_and_degree_granting_institutions,Rabbinical Seminary of America,Flushing · NY,rabbinical.org,https://rabbinical.org,False,,USA_Universities_Directory.pdf,220
usa-universities_and_degree_granting_institutions-1752,1752,USA,universities_and_degree_granting_institutions,Radford University,Radford · VA,radford.edu,https://radford.edu,True,logos/usa_1752_radford_university.png,USA_Universities_Directory.pdf,220
usa-universities_and_degree_granting_institutions-1753,1753,USA,universities_and_degree_granting_institutions,Ramapo College of New Jersey,Mahwah · NJ,ramapo.edu,https://ramapo.edu,True,logos/usa_1753_ramapo_college_of_new_jersey.png,USA_Universities_Directory.pdf,221
usa-universities_and_degree_granting_institutions-1754,1754,USA,universities_and_degree_granting_institutions,Rancho Santiago Community College District Office,Santa Ana · CA,rsccd.edu,https://rsccd.edu,True,logos/usa_1754_rancho_santiago_community_college_district_office.png,USA_Universities_Directory.pdf,221
usa-universities_and_degree_granting_institutions-1755,1755,USA,universities_and_degree_granting_institutions,RAND School of Public Policy,Santa Monica,rand.edu,https://rand.edu,True,logos/usa_1755_rand_school_of_public_policy.png,USA_Universities_Directory.pdf,221
usa-universities_and_degree_granting_institutions-1756,1756,USA,universities_and_degree_granting_institutions,Randall University,Moore · OK,ru.edu,https://ru.edu,False,,USA_Universities_Directory.pdf,221
usa-universities_and_degree_granting_institutions-1757,1757,USA,universities_and_degree_granting_institutions,Randolph College,Lynchburg · VA,randolphcollege.edu,https://randolphcollege.edu,True,logos/usa_1757_randolph_college.png,USA_Universities_Directory.pdf,221
usa-universities_and_degree_granting_institutions-1758,1758,USA,universities_and_degree_granting_institutions,Randolph-Macon College,Ashland · VA,rmc.edu,https://rmc.edu,True,logos/usa_1758_randolph_macon_college.png,USA_Universities_Directory.pdf,221
usa-universities_and_degree_granting_institutions-1759,1759,USA,universities_and_degree_granting_institutions,Ranken Technical College,Saint Louis · MO,ranken.edu,https://ranken.edu,True,logos/usa_1759_ranken_technical_college.png,USA_Universities_Directory.pdf,221
usa-universities_and_degree_granting_institutions-1760,1760,USA,universities_and_degree_granting_institutions,Rasmussen University-Florida,Ocala · FL,rasmussen.edu,https://rasmussen.edu,True,logos/usa_1760_rasmussen_university_florida.png,USA_Universities_Directory.pdf,221
usa-universities_and_degree_granting_institutions-1761,1761,USA,universities_and_degree_granting_institutions,Rasmussen University-Kansas,Topeka · KS,rasmussen.edu,https://rasmussen.edu,True,logos/usa_1761_rasmussen_university_kansas.png,USA_Universities_Directory.pdf,222
usa-universities_and_degree_granting_institutions-1762,1762,USA,universities_and_degree_granting_institutions,Rasmussen University-Minnesota,St. Cloud · MN,rasmussen.edu,https://rasmussen.edu,True,logos/usa_1762_rasmussen_university_minnesota.png,USA_Universities_Directory.pdf,222
usa-universities_and_degree_granting_institutions-1763,1763,USA,universities_and_degree_granting_institutions,Rasmussen University-North Dakota,Fargo · ND,rasmussen.edu,https://rasmussen.edu,True,logos/usa_1763_rasmussen_university_north_dakota.png,USA_Universities_Directory.pdf,222
usa-universities_and_degree_granting_institutions-1764,1764,USA,universities_and_degree_granting_institutions,Rasmussen University-Wisconsin,Green Bay · WI,rasmussen.edu,https://rasmussen.edu,True,logos/usa_1764_rasmussen_university_wisconsin.png,USA_Universities_Directory.pdf,222
usa-universities_and_degree_granting_institutions-1765,1765,USA,universities_and_degree_granting_institutions,Reach University,Oakland · CA,reach.edu,https://reach.edu,True,logos/usa_1765_reach_university.png,USA_Universities_Directory.pdf,222
usa-universities_and_degree_granting_institutions-1766,1766,USA,universities_and_degree_granting_institutions,Reconstructionist Rabbinical College,Wyncote · PA,rrc.edu,https://rrc.edu,True,logos/usa_1766_reconstructionist_rabbinical_college.png,USA_Universities_Directory.pdf,222
usa-universities_and_degree_granting_institutions-1767,1767,USA,universities_and_degree_granting_institutions,Red Rocks Community College,Lakewood · CO,rrcc.edu,https://rrcc.edu,True,logos/usa_1767_red_rocks_community_college.png,USA_Universities_Directory.pdf,222
usa-universities_and_degree_granting_institutions-1768,1768,USA,universities_and_degree_granting_institutions,Redeemers University North America,Greenville · TX,rccgnaseminary.org,https://rccgnaseminary.org,True,logos/usa_1768_redeemers_university_north_america.png,USA_Universities_Directory.pdf,222
usa-universities_and_degree_granting_institutions-1769,1769,USA,universities_and_degree_granting_institutions,Reed College,Portland,reed.edu,https://reed.edu,True,logos/usa_1769_reed_college.png,USA_Universities_Directory.pdf,223
usa-universities_and_degree_granting_institutions-1770,1770,USA,universities_and_degree_granting_institutions,Reformed University,Lawrenceville · GA,runiv.edu,https://runiv.edu,True,logos/usa_1770_reformed_university.png,USA_Universities_Directory.pdf,223
usa-universities_and_degree_granting_institutions-1771,1771,USA,universities_and_degree_granting_institutions,Regent University,Virginia Beach · VA,regent.edu,https://regent.edu,True,logos/usa_1771_regent_university.png,USA_Universities_Directory.pdf,223
usa-universities_and_degree_granting_institutions-1772,1772,USA,universities_and_degree_granting_institutions,Regis College,Weston · MA,regiscollege.edu,https://regiscollege.edu,True,logos/usa_1772_regis_college.png,USA_Universities_Directory.pdf,223
usa-universities_and_degree_granting_institutions-1773,1773,USA,universities_and_degree_granting_institutions,Regis University,Denver · CO,regis.edu,https://regis.edu,True,logos/usa_1773_regis_university.png,USA_Universities_Directory.pdf,223
usa-universities_and_degree_granting_institutions-1774,1774,USA,universities_and_degree_granting_institutions,Reinhardt University,Waleska · GA,reinhardt.edu,https://reinhardt.edu,True,logos/usa_1774_reinhardt_university.png,USA_Universities_Directory.pdf,223
usa-universities_and_degree_granting_institutions-1775,1775,USA,universities_and_degree_granting_institutions,Reiss-Davis Graduate School,Los Angeles · CA,reissdavis.edu,https://reissdavis.edu,True,logos/usa_1775_reiss_davis_graduate_school.png,USA_Universities_Directory.pdf,223
usa-universities_and_degree_granting_institutions-1776,1776,USA,universities_and_degree_granting_institutions,Relay Graduate School of Education,New York · NY,relay.edu,https://relay.edu,True,logos/usa_1776_relay_graduate_school_of_education.png,USA_Universities_Directory.pdf,223
usa-universities_and_degree_granting_institutions-1777,1777,USA,universities_and_degree_granting_institutions,Remington College-Online Dallas,Dallas · TX,remingtoncollege.edu,https://remingtoncollege.edu,True,logos/usa_1777_remington_college_online_dallas.png,USA_Universities_Directory.pdf,224
usa-universities_and_degree_granting_institutions-1778,1778,USA,universities_and_degree_granting_institutions,Remington College-Shreveport Campus,Shreveport · LA,remingtoncollege.edu,https://remingtoncollege.edu,True,logos/usa_1778_remington_college_shreveport_campus.png,USA_Universities_Directory.pdf,224
usa-universities_and_degree_granting_institutions-1779,1779,USA,universities_and_degree_granting_institutions,Rensselaer Polytechnic Institute,Troy · NY,rpi.edu,https://rpi.edu,True,logos/usa_1779_rensselaer_polytechnic_institute.png,USA_Universities_Directory.pdf,224
usa-universities_and_degree_granting_institutions-1780,1780,USA,universities_and_degree_granting_institutions,Renton Technical College,Renton · WA,rtc.edu,https://rtc.edu,True,logos/usa_1780_renton_technical_college.png,USA_Universities_Directory.pdf,224
usa-universities_and_degree_granting_institutions-1781,1781,USA,universities_and_degree_granting_institutions,Research College of Nursing,Kansas City · MO,researchcollege.edu,https://researchcollege.edu,True,logos/usa_1781_research_college_of_nursing.png,USA_Universities_Directory.pdf,224
usa-universities_and_degree_granting_institutions-1782,1782,USA,universities_and_degree_granting_institutions,Rhode Island College,Providence · RI,ric.edu,https://ric.edu,True,logos/usa_1782_rhode_island_college.png,USA_Universities_Directory.pdf,224
usa-universities_and_degree_granting_institutions-1783,1783,USA,universities_and_degree_granting_institutions,Rhode Island School of Design,Providence · RI,risd.edu,https://risd.edu,True,logos/usa_1783_rhode_island_school_of_design.png,USA_Universities_Directory.pdf,224
usa-universities_and_degree_granting_institutions-1784,1784,USA,universities_and_degree_granting_institutions,Rhodes College,Memphis · TN,rhodes.edu,https://rhodes.edu,True,logos/usa_1784_rhodes_college.png,USA_Universities_Directory.pdf,224
usa-universities_and_degree_granting_institutions-1785,1785,USA,universities_and_degree_granting_institutions,Rice University,Houston · TX,rice.edu,https://rice.edu,True,logos/usa_1785_rice_university.png,USA_Universities_Directory.pdf,225
usa-universities_and_degree_granting_institutions-1786,1786,USA,universities_and_degree_granting_institutions,Richmont Graduate University,Chattanooga · TN,richmont.edu,https://richmont.edu,True,logos/usa_1786_richmont_graduate_university.png,USA_Universities_Directory.pdf,225
usa-universities_and_degree_granting_institutions-1787,1787,USA,universities_and_degree_granting_institutions,Ricketts Great Books College,Omaha · NE,rickettsgreatbookscollege.org,https://rickettsgreatbookscollege.org,False,,USA_Universities_Directory.pdf,225
usa-universities_and_degree_granting_institutions-1788,1788,USA,universities_and_degree_granting_institutions,Rider University,Lawrenceville · NJ,rider.edu,https://rider.edu,True,logos/usa_1788_rider_university.png,USA_Universities_Directory.pdf,225
usa-universities_and_degree_granting_institutions-1789,1789,USA,universities_and_degree_granting_institutions,Ringling College of Art and Design,Sarasota · FL,ringling.edu,https://ringling.edu,True,logos/usa_1789_ringling_college_of_art_and_design.png,USA_Universities_Directory.pdf,225
usa-universities_and_degree_granting_institutions-1790,1790,USA,universities_and_degree_granting_institutions,Rio Hondo College,Whittier · CA,riohondo.edu,https://riohondo.edu,True,logos/usa_1790_rio_hondo_college.png,USA_Universities_Directory.pdf,225
usa-universities_and_degree_granting_institutions-1791,1791,USA,universities_and_degree_granting_institutions,Rio Salado College,Tempe · AZ,riosalado.edu,https://riosalado.edu,True,logos/usa_1791_rio_salado_college.png,USA_Universities_Directory.pdf,225
usa-universities_and_degree_granting_institutions-1792,1792,USA,universities_and_degree_granting_institutions,Ripon College,Ripon · WI,ripon.edu,https://ripon.edu,True,logos/usa_1792_ripon_college.png,USA_Universities_Directory.pdf,225
usa-universities_and_degree_granting_institutions-1793,1793,USA,universities_and_degree_granting_institutions,Riverside College of Health Careers,Newport News · VA,riversideonline.com,https://riversideonline.com,True,logos/usa_1793_riverside_college_of_health_careers.png,USA_Universities_Directory.pdf,226
usa-universities_and_degree_granting_institutions-1794,1794,USA,universities_and_degree_granting_institutions,Rivier University,Nashua · NH,rivier.edu,https://rivier.edu,True,logos/usa_1794_rivier_university.png,USA_Universities_Directory.pdf,226
usa-universities_and_degree_granting_institutions-1795,1795,USA,universities_and_degree_granting_institutions,Roanoke College,Salem · VA,roanoke.edu,https://roanoke.edu,True,logos/usa_1795_roanoke_college.png,USA_Universities_Directory.pdf,226
usa-universities_and_degree_granting_institutions-1796,1796,USA,universities_and_degree_granting_institutions,Robert Morris University,Moon Township · PA,rmu.edu,https://rmu.edu,True,logos/usa_1796_robert_morris_university.png,USA_Universities_Directory.pdf,226
usa-universities_and_degree_granting_institutions-1797,1797,USA,universities_and_degree_granting_institutions,Roberts Wesleyan University,Rochester · NY,roberts.edu,https://roberts.edu,False,,USA_Universities_Directory.pdf,226
usa-universities_and_degree_granting_institutions-1798,1798,USA,universities_and_degree_granting_institutions,Rochester Institute of Technology,Rochester · NY,rit.edu,https://rit.edu,True,logos/usa_1798_rochester_institute_of_technology.png,USA_Universities_Directory.pdf,226
usa-universities_and_degree_granting_institutions-1799,1799,USA,universities_and_degree_granting_institutions,Rochester University,Rochester Hills · MI,rcu.edu,https://rcu.edu,True,logos/usa_1799_rochester_university.png,USA_Universities_Directory.pdf,226
usa-universities_and_degree_granting_institutions-1800,1800,USA,universities_and_degree_granting_institutions,Rockford University,Rockford · IL,rockford.edu,https://rockford.edu,False,,USA_Universities_Directory.pdf,226
usa-universities_and_degree_granting_institutions-1801,1801,USA,universities_and_degree_granting_institutions,Rockhurst University,Kansas City · MO,rockhurst.edu,https://rockhurst.edu,True,logos/usa_1801_rockhurst_university.png,USA_Universities_Directory.pdf,227
usa-universities_and_degree_granting_institutions-1802,1802,USA,universities_and_degree_granting_institutions,Rocky Mountain College,Billings · MT,rocky.edu,https://rocky.edu,True,logos/usa_1802_rocky_mountain_college.png,USA_Universities_Directory.pdf,227
usa-universities_and_degree_granting_institutions-1803,1803,USA,universities_and_degree_granting_institutions,Rocky Mountain College of Art and Design,Lakewood · CO,rmcad.edu,https://rmcad.edu,True,logos/usa_1803_rocky_mountain_college_of_art_and_design.png,USA_Universities_Directory.pdf,227
usa-universities_and_degree_granting_institutions-1804,1804,USA,universities_and_degree_granting_institutions,Rocky Mountain University of Health Professions,Provo · UT,rm.edu,https://rm.edu,True,logos/usa_1804_rocky_mountain_university_of_health_professions.png,USA_Universities_Directory.pdf,227
usa-universities_and_degree_granting_institutions-1805,1805,USA,universities_and_degree_granting_institutions,Rocky Vista University,Parker · CO,rvu.edu,https://rvu.edu,True,logos/usa_1805_rocky_vista_university.png,USA_Universities_Directory.pdf,227
usa-universities_and_degree_granting_institutions-1806,1806,USA,universities_and_degree_granting_institutions,Roger Williams University,Bristol,rwu.edu,https://rwu.edu,True,logos/usa_1806_roger_williams_university.png,USA_Universities_Directory.pdf,227
usa-universities_and_degree_granting_institutions-1807,1807,USA,universities_and_degree_granting_institutions,Roger Williams University School of Law,Bristol,law.rwu.edu,https://law.rwu.edu,True,logos/usa_1807_roger_williams_university_school_of_law.png,USA_Universities_Directory.pdf,227
usa-universities_and_degree_granting_institutions-1808,1808,USA,universities_and_degree_granting_institutions,Rogers State University,Claremore · OK,rsu.edu,https://rsu.edu,True,logos/usa_1808_rogers_state_university.png,USA_Universities_Directory.pdf,227
usa-universities_and_degree_granting_institutions-1809,1809,USA,universities_and_degree_granting_institutions,Rollins College,Winter Park · FL,rollins.edu,https://rollins.edu,True,logos/usa_1809_rollins_college.png,USA_Universities_Directory.pdf,228
usa-universities_and_degree_granting_institutions-1810,1810,USA,universities_and_degree_granting_institutions,Roosevelt University,Chicago · IL,roosevelt.edu,https://roosevelt.edu,True,logos/usa_1810_roosevelt_university.png,USA_Universities_Directory.pdf,228
usa-universities_and_degree_granting_institutions-1811,1811,USA,universities_and_degree_granting_institutions,Rosalind Franklin University of Medicine and Science,North Chicago · IL,rosalindfranklin.edu,https://rosalindfranklin.edu,True,logos/usa_1811_rosalind_franklin_university_of_medicine_and_science.png,USA_Universities_Directory.pdf,228
usa-universities_and_degree_granting_institutions-1812,1812,USA,universities_and_degree_granting_institutions,Rose State College,Midwest City · OK,rose.edu,https://rose.edu,True,logos/usa_1812_rose_state_college.png,USA_Universities_Directory.pdf,228
usa-universities_and_degree_granting_institutions-1813,1813,USA,universities_and_degree_granting_institutions,Rose-Hulman Institute of Technology,Terre Haute · IN,rose-hulman.edu,https://rose-hulman.edu,True,logos/usa_1813_rose_hulman_institute_of_technology.png,USA_Universities_Directory.pdf,228
usa-universities_and_degree_granting_institutions-1814,1814,USA,universities_and_degree_granting_institutions,Roseman University of Health Sciences,Henderson · NV,roseman.edu,https://roseman.edu,True,logos/usa_1814_roseman_university_of_health_sciences.png,USA_Universities_Directory.pdf,228
usa-universities_and_degree_granting_institutions-1815,1815,USA,universities_and_degree_granting_institutions,Rosemont College,Rosemont · PA,rosemont.edu,https://rosemont.edu,True,logos/usa_1815_rosemont_college.png,USA_Universities_Directory.pdf,228
usa-universities_and_degree_granting_institutions-1816,1816,USA,universities_and_degree_granting_institutions,Rowan University,Glassboro · NJ,rowan.edu,https://rowan.edu,True,logos/usa_1816_rowan_university.png,USA_Universities_Directory.pdf,228
usa-universities_and_degree_granting_institutions-1817,1817,USA,universities_and_degree_granting_institutions,Rush University,Chicago · IL,rushu.rush.edu,https://rushu.rush.edu,True,logos/usa_1817_rush_university.png,USA_Universities_Directory.pdf,229
usa-universities_and_degree_granting_institutions-1818,1818,USA,universities_and_degree_granting_institutions,Russell Sage College,Troy · NY,sage.edu,https://sage.edu,True,logos/usa_1818_russell_sage_college.png,USA_Universities_Directory.pdf,229
usa-universities_and_degree_granting_institutions-1819,1819,USA,universities_and_degree_granting_institutions,Rust College,Holly Springs · MS,rustcollege.edu,https://rustcollege.edu,True,logos/usa_1819_rust_college.png,USA_Universities_Directory.pdf,229
usa-universities_and_degree_granting_institutions-1820,1820,USA,universities_and_degree_granting_institutions,Rutgers University-Camden,Camden · NJ,camden.rutgers.edu,https://camden.rutgers.edu,False,,USA_Universities_Directory.pdf,229
usa-universities_and_degree_granting_institutions-1821,1821,USA,universities_and_degree_granting_institutions,Rutgers University-New Brunswick,New Brunswick · NJ,newbrunswick.rutgers.edu,https://newbrunswick.rutgers.edu,True,logos/usa_1821_rutgers_university_new_brunswick.png,USA_Universities_Directory.pdf,229
usa-universities_and_degree_granting_institutions-1822,1822,USA,universities_and_degree_granting_institutions,Rutgers University-Newark,Newark · NJ,newark.rutgers.edu,https://newark.rutgers.edu,True,logos/usa_1822_rutgers_university_newark.png,USA_Universities_Directory.pdf,229
usa-universities_and_degree_granting_institutions-1823,1823,USA,universities_and_degree_granting_institutions,Sacred Heart Major Seminary,Detroit · MI,shms.edu,https://shms.edu,True,logos/usa_1823_sacred_heart_major_seminary.png,USA_Universities_Directory.pdf,229
usa-universities_and_degree_granting_institutions-1824,1824,USA,universities_and_degree_granting_institutions,Sacred Heart Seminary and School of Theology,Franklin · WI,shsst.edu,https://shsst.edu,True,logos/usa_1824_sacred_heart_seminary_and_school_of_theology.png,USA_Universities_Directory.pdf,229
usa-universities_and_degree_granting_institutions-1825,1825,USA,universities_and_degree_granting_institutions,Sacred Heart University,Fairfield · CT,sacredheart.edu,https://sacredheart.edu,True,logos/usa_1825_sacred_heart_university.png,USA_Universities_Directory.pdf,230
usa-universities_and_degree_granting_institutions-1826,1826,USA,universities_and_degree_granting_institutions,SAE Institute of Technology-Nashville,Nashville · TN,usa.sae.edu,https://usa.sae.edu,False,,USA_Universities_Directory.pdf,230
usa-universities_and_degree_granting_institutions-1827,1827,USA,universities_and_degree_granting_institutions,Saginaw Valley State University,University Center · MI,svsu.edu,https://svsu.edu,True,logos/usa_1827_saginaw_valley_state_university.png,USA_Universities_Directory.pdf,230
usa-universities_and_degree_granting_institutions-1828,1828,USA,universities_and_degree_granting_institutions,Saint Ambrose University,Davenport · IA,sau.edu,https://sau.edu,True,logos/usa_1828_saint_ambrose_university.png,USA_Universities_Directory.pdf,230
usa-universities_and_degree_granting_institutions-1829,1829,USA,universities_and_degree_granting_institutions,Saint Anselm College,Manchester · NH,anselm.edu,https://anselm.edu,True,logos/usa_1829_saint_anselm_college.png,USA_Universities_Directory.pdf,230
usa-universities_and_degree_granting_institutions-1830,1830,USA,universities_and_degree_granting_institutions,Saint Anthony College of Nursing,Rockford · IL,osfhealthcare.org,https://osfhealthcare.org,True,logos/usa_1830_saint_anthony_college_of_nursing.png,USA_Universities_Directory.pdf,230
usa-universities_and_degree_granting_institutions-1831,1831,USA,universities_and_degree_granting_institutions,Saint Augustine's University,Raleigh · NC,st-aug.edu,https://st-aug.edu,True,logos/usa_1831_saint_augustine_s_university.png,USA_Universities_Directory.pdf,230
usa-universities_and_degree_granting_institutions-1832,1832,USA,universities_and_degree_granting_institutions,Saint Charles Borromeo Seminary-Overbrook,Ambler · PA,scs.edu,https://scs.edu,True,logos/usa_1832_saint_charles_borromeo_seminary_overbrook.png,USA_Universities_Directory.pdf,230
usa-universities_and_degree_granting_institutions-1833,1833,USA,universities_and_degree_granting_institutions,Saint Cloud State University,Saint Cloud · MN,stcloudstate.edu,https://stcloudstate.edu,True,logos/usa_1833_saint_cloud_state_university.png,USA_Universities_Directory.pdf,231
usa-universities_and_degree_granting_institutions-1834,1834,USA,universities_and_degree_granting_institutions,Saint Edward's University,Austin · TX,stedwards.edu,https://stedwards.edu,True,logos/usa_1834_saint_edward_s_university.png,USA_Universities_Directory.pdf,231
usa-universities_and_degree_granting_institutions-1835,1835,USA,universities_and_degree_granting_institutions,Saint Elizabeth University,Morristown · NJ,steu.edu,https://steu.edu,True,logos/usa_1835_saint_elizabeth_university.png,USA_Universities_Directory.pdf,231
usa-universities_and_degree_granting_institutions-1836,1836,USA,universities_and_degree_granting_institutions,Saint Francis Medical Center College of Nursing,Peoria · IL,osfhealthcare.org,https://osfhealthcare.org,False,,USA_Universities_Directory.pdf,231
usa-universities_and_degree_granting_institutions-1837,1837,USA,universities_and_degree_granting_institutions,Saint Francis University,Loretto · PA,francis.edu,https://francis.edu,True,logos/usa_1837_saint_francis_university.png,USA_Universities_Directory.pdf,231
usa-universities_and_degree_granting_institutions-1838,1838,USA,universities_and_degree_granting_institutions,Saint John's Seminary,Brighton · MA,sjs.edu,https://sjs.edu,True,logos/usa_1838_saint_john_s_seminary.png,USA_Universities_Directory.pdf,231
usa-universities_and_degree_granting_institutions-1839,1839,USA,universities_and_degree_granting_institutions,Saint Johns River State College,Palatka · FL,sjrstate.edu,https://sjrstate.edu,True,logos/usa_1839_saint_johns_river_state_college.png,USA_Universities_Directory.pdf,231
usa-universities_and_degree_granting_institutions-1840,1840,USA,universities_and_degree_granting_institutions,Saint Johns University,Collegeville · MN,csbsju.edu,https://csbsju.edu,True,logos/usa_1840_saint_johns_university.png,USA_Universities_Directory.pdf,231
usa-universities_and_degree_granting_institutions-1841,1841,USA,universities_and_degree_granting_institutions,Saint Joseph Seminary College,St. Benedict · LA,sjasc.edu,https://sjasc.edu,True,logos/usa_1841_saint_joseph_seminary_college.png,USA_Universities_Directory.pdf,232
usa-universities_and_degree_granting_institutions-1842,1842,USA,universities_and_degree_granting_institutions,Saint Joseph's College of Maine,Standish · ME,sjcme.edu,https://sjcme.edu,True,logos/usa_1842_saint_joseph_s_college_of_maine.png,USA_Universities_Directory.pdf,232
usa-universities_and_degree_granting_institutions-1843,1843,USA,universities_and_degree_granting_institutions,Saint Joseph's University - Lancaster,Lancaster · PA,sju.edu,https://sju.edu,True,logos/usa_1843_saint_joseph_s_university_lancaster.png,USA_Universities_Directory.pdf,232
usa-universities_and_degree_granting_institutions-1844,1844,USA,universities_and_degree_granting_institutions,Saint Joseph's University - Philadelphia,Philadelphia · PA,sju.edu,https://sju.edu,True,logos/usa_1844_saint_joseph_s_university_philadelphia.png,USA_Universities_Directory.pdf,232
usa-universities_and_degree_granting_institutions-1845,1845,USA,universities_and_degree_granting_institutions,Saint Leo University,Saint Leo · FL,saintleo.edu,https://saintleo.edu,True,logos/usa_1845_saint_leo_university.png,USA_Universities_Directory.pdf,232
usa-universities_and_degree_granting_institutions-1846,1846,USA,universities_and_degree_granting_institutions,Saint Louis Community College,Bridgeton · MO,stlcc.edu,https://stlcc.edu,True,logos/usa_1846_saint_louis_community_college.png,USA_Universities_Directory.pdf,232
usa-universities_and_degree_granting_institutions-1847,1847,USA,universities_and_degree_granting_institutions,Saint Louis University,Saint Louis · MO,slu.edu,https://slu.edu,True,logos/usa_1847_saint_louis_university.png,USA_Universities_Directory.pdf,232
usa-universities_and_degree_granting_institutions-1848,1848,USA,universities_and_degree_granting_institutions,Saint Martin's University,Lacey · WA,stmartin.edu,https://stmartin.edu,True,logos/usa_1848_saint_martin_s_university.png,USA_Universities_Directory.pdf,232
usa-universities_and_degree_granting_institutions-1849,1849,USA,universities_and_degree_granting_institutions,Saint Mary's College,Notre Dame · IN,saintmarys.edu,https://saintmarys.edu,True,logos/usa_1849_saint_mary_s_college.png,USA_Universities_Directory.pdf,233
usa-universities_and_degree_granting_institutions-1850,1850,USA,universities_and_degree_granting_institutions,Saint Mary's College of California,Moraga · CA,stmarys-ca.edu,https://stmarys-ca.edu,True,logos/usa_1850_saint_mary_s_college_of_california.png,USA_Universities_Directory.pdf,233
usa-universities_and_degree_granting_institutions-1851,1851,USA,universities_and_degree_granting_institutions,Saint Mary's University of Minnesota,Winona · MN,smumn.edu,https://smumn.edu,True,logos/usa_1851_saint_mary_s_university_of_minnesota.png,USA_Universities_Directory.pdf,233
usa-universities_and_degree_granting_institutions-1852,1852,USA,universities_and_degree_granting_institutions,Saint Mary-of-the-Woods College,Saint Mary of the Woods,smwc.edu,https://smwc.edu,True,logos/usa_1852_saint_mary_of_the_woods_college.png,USA_Universities_Directory.pdf,233
usa-universities_and_degree_granting_institutions-1853,1853,USA,universities_and_degree_granting_institutions,Saint Meinrad School of Theology,St. Meinrad,saintmeinrad.edu,https://saintmeinrad.edu,True,logos/usa_1853_saint_meinrad_school_of_theology.png,USA_Universities_Directory.pdf,233
usa-universities_and_degree_granting_institutions-1854,1854,USA,universities_and_degree_granting_institutions,Saint Michael's College,Colchester · VT,smcvt.edu,https://smcvt.edu,True,logos/usa_1854_saint_michael_s_college.png,USA_Universities_Directory.pdf,233
usa-universities_and_degree_granting_institutions-1855,1855,USA,universities_and_degree_granting_institutions,Saint Norbert College,De Pere · WI,snc.edu,https://snc.edu,True,logos/usa_1855_saint_norbert_college.png,USA_Universities_Directory.pdf,233
usa-universities_and_degree_granting_institutions-1856,1856,USA,universities_and_degree_granting_institutions,Saint Paul School of Theology,Leawood · KS,spst.edu,https://spst.edu,True,logos/usa_1856_saint_paul_school_of_theology.png,USA_Universities_Directory.pdf,233
usa-universities_and_degree_granting_institutions-1857,1857,USA,universities_and_degree_granting_institutions,Saint Peter's University,Jersey City · NJ,saintpeters.edu,https://saintpeters.edu,True,logos/usa_1857_saint_peter_s_university.png,USA_Universities_Directory.pdf,234
usa-universities_and_degree_granting_institutions-1858,1858,USA,universities_and_degree_granting_institutions,Saint Vincent College,Latrobe · PA,stvincent.edu,https://stvincent.edu,True,logos/usa_1858_saint_vincent_college.png,USA_Universities_Directory.pdf,234
usa-universities_and_degree_granting_institutions-1859,1859,USA,universities_and_degree_granting_institutions,Saint Vincent de Paul Regional Seminary,Boynton Beach · FL,svdp.edu,https://svdp.edu,True,logos/usa_1859_saint_vincent_de_paul_regional_seminary.png,USA_Universities_Directory.pdf,234
usa-universities_and_degree_granting_institutions-1860,1860,USA,universities_and_degree_granting_institutions,Saint Vincent Seminary,Latrobe · PA,saintvincentseminary.edu,https://saintvincentseminary.edu,True,logos/usa_1860_saint_vincent_seminary.png,USA_Universities_Directory.pdf,234
usa-universities_and_degree_granting_institutions-1861,1861,USA,universities_and_degree_granting_institutions,Saint Vladimirs Orthodox Theological Seminary,Yonkers · NY,svots.edu,https://svots.edu,True,logos/usa_1861_saint_vladimirs_orthodox_theological_seminary.png,USA_Universities_Directory.pdf,234
usa-universities_and_degree_granting_institutions-1862,1862,USA,universities_and_degree_granting_institutions,Saint Xavier University,Chicago · IL,sxu.edu,https://sxu.edu,True,logos/usa_1862_saint_xavier_university.png,USA_Universities_Directory.pdf,234
usa-universities_and_degree_granting_institutions-1863,1863,USA,universities_and_degree_granting_institutions,Salem College,Winston-Salem · NC,salem.edu,https://salem.edu,True,logos/usa_1863_salem_college.png,USA_Universities_Directory.pdf,234
usa-universities_and_degree_granting_institutions-1864,1864,USA,universities_and_degree_granting_institutions,Salem State University,Salem · MA,salemstate.edu,https://salemstate.edu,True,logos/usa_1864_salem_state_university.png,USA_Universities_Directory.pdf,234
usa-universities_and_degree_granting_institutions-1865,1865,USA,universities_and_degree_granting_institutions,Salem University,Salem · WV,salemu.edu,https://salemu.edu,False,,USA_Universities_Directory.pdf,235
usa-universities_and_degree_granting_institutions-1866,1866,USA,universities_and_degree_granting_institutions,Salisbury University,Salisbury · MD,salisbury.edu,https://salisbury.edu,True,logos/usa_1866_salisbury_university.png,USA_Universities_Directory.pdf,235
usa-universities_and_degree_granting_institutions-1867,1867,USA,universities_and_degree_granting_institutions,Salish Kootenai College,Pablo · MT,skc.edu,https://skc.edu,True,logos/usa_1867_salish_kootenai_college.png,USA_Universities_Directory.pdf,235
usa-universities_and_degree_granting_institutions-1868,1868,USA,universities_and_degree_granting_institutions,Salus University,Elkins Park,salus.edu,https://salus.edu,True,logos/usa_1868_salus_university.png,USA_Universities_Directory.pdf,235
usa-universities_and_degree_granting_institutions-1869,1869,USA,universities_and_degree_granting_institutions,Salve Regina University,Newport · RI,salve.edu,https://salve.edu,True,logos/usa_1869_salve_regina_university.png,USA_Universities_Directory.pdf,235
usa-universities_and_degree_granting_institutions-1870,1870,USA,universities_and_degree_granting_institutions,Sam Houston State University,Huntsville · TX,shsu.edu,https://shsu.edu,True,logos/usa_1870_sam_houston_state_university.png,USA_Universities_Directory.pdf,235
usa-universities_and_degree_granting_institutions-1871,1871,USA,universities_and_degree_granting_institutions,Samford University,Birmingham · AL,samford.edu,https://samford.edu,True,logos/usa_1871_samford_university.png,USA_Universities_Directory.pdf,235
usa-universities_and_degree_granting_institutions-1872,1872,USA,universities_and_degree_granting_institutions,Samuel Merritt University,Oakland · CA,samuelmerritt.edu,https://samuelmerritt.edu,True,logos/usa_1872_samuel_merritt_university.png,USA_Universities_Directory.pdf,235
usa-universities_and_degree_granting_institutions-1873,1873,USA,universities_and_degree_granting_institutions,San Antonio College,San Antonio · TX,alamo.edu,https://alamo.edu,True,logos/usa_1873_san_antonio_college.png,USA_Universities_Directory.pdf,236
usa-universities_and_degree_granting_institutions-1874,1874,USA,universities_and_degree_granting_institutions,San Diego Christian College,Santee · CA,sdcc.edu,https://sdcc.edu,True,logos/usa_1874_san_diego_christian_college.png,USA_Universities_Directory.pdf,236
usa-universities_and_degree_granting_institutions-1875,1875,USA,universities_and_degree_granting_institutions,San Diego Community College District-District Office,San Diego · CA,sdccd.edu,https://sdccd.edu,True,logos/usa_1875_san_diego_community_college_district_district_office.png,USA_Universities_Directory.pdf,236
usa-universities_and_degree_granting_institutions-1876,1876,USA,universities_and_degree_granting_institutions,San Diego Global Knowledge University,San Diego · CA,sdgku.edu,https://sdgku.edu,True,logos/usa_1876_san_diego_global_knowledge_university.png,USA_Universities_Directory.pdf,236
usa-universities_and_degree_granting_institutions-1877,1877,USA,universities_and_degree_granting_institutions,San Diego Mesa College,San Diego · CA,sdmesa.edu,https://sdmesa.edu,True,logos/usa_1877_san_diego_mesa_college.png,USA_Universities_Directory.pdf,236
usa-universities_and_degree_granting_institutions-1878,1878,USA,universities_and_degree_granting_institutions,San Diego State University,San Diego · CA,sdsu.edu,https://sdsu.edu,True,logos/usa_1878_san_diego_state_university.png,USA_Universities_Directory.pdf,236
usa-universities_and_degree_granting_institutions-1879,1879,USA,universities_and_degree_granting_institutions,San Francisco Bay University,Fremont · CA,sfbu.edu,https://sfbu.edu,True,logos/usa_1879_san_francisco_bay_university.png,USA_Universities_Directory.pdf,236
usa-universities_and_degree_granting_institutions-1880,1880,USA,universities_and_degree_granting_institutions,San Francisco Conservatory of Music,San Francisco · CA,sfcm.edu,https://sfcm.edu,True,logos/usa_1880_san_francisco_conservatory_of_music.png,USA_Universities_Directory.pdf,236
usa-universities_and_degree_granting_institutions-1881,1881,USA,universities_and_degree_granting_institutions,San Francisco State University,San Francisco · CA,sfsu.edu,https://sfsu.edu,False,,USA_Universities_Directory.pdf,237
usa-universities_and_degree_granting_institutions-1882,1882,USA,universities_and_degree_granting_institutions,San Ignacio University,Doral · FL,sanignaciouniversity.edu,https://sanignaciouniversity.edu,True,logos/usa_1882_san_ignacio_university.png,USA_Universities_Directory.pdf,237
usa-universities_and_degree_granting_institutions-1883,1883,USA,universities_and_degree_granting_institutions,San Jacinto Community College,Pasadena · TX,sanjac.edu,https://sanjac.edu,True,logos/usa_1883_san_jacinto_community_college.png,USA_Universities_Directory.pdf,237
usa-universities_and_degree_granting_institutions-1884,1884,USA,universities_and_degree_granting_institutions,San Joaquin College of Law,Clovis · CA,sjcl.edu,https://sjcl.edu,True,logos/usa_1884_san_joaquin_college_of_law.png,USA_Universities_Directory.pdf,237
usa-universities_and_degree_granting_institutions-1885,1885,USA,universities_and_degree_granting_institutions,San Joaquin Valley College-Central Administrative Office,Visalia · CA,sjvc.edu,https://sjvc.edu,True,logos/usa_1885_san_joaquin_valley_college_central_administrative_office.png,USA_Universities_Directory.pdf,237
usa-universities_and_degree_granting_institutions-1886,1886,USA,universities_and_degree_granting_institutions,San Joaquin Valley College-Visalia,Visalia · CA,sjvc.edu,https://sjvc.edu,True,logos/usa_1886_san_joaquin_valley_college_visalia.png,USA_Universities_Directory.pdf,237
usa-universities_and_degree_granting_institutions-1887,1887,USA,universities_and_degree_granting_institutions,San Jose State University,San Jose · CA,sjsu.edu,https://sjsu.edu,True,logos/usa_1887_san_jose_state_university.png,USA_Universities_Directory.pdf,237
usa-universities_and_degree_granting_institutions-1888,1888,USA,universities_and_degree_granting_institutions,San Juan Bautista School of Medicine,Caguas · PR,sanjuanbautista.edu,https://sanjuanbautista.edu,True,logos/usa_1888_san_juan_bautista_school_of_medicine.png,USA_Universities_Directory.pdf,237
usa-universities_and_degree_granting_institutions-1889,1889,USA,universities_and_degree_granting_institutions,San Mateo County Community College District Office,San Mateo · CA,smccd.edu,https://smccd.edu,True,logos/usa_1889_san_mateo_county_community_college_district_office.png,USA_Universities_Directory.pdf,238
usa-universities_and_degree_granting_institutions-1890,1890,USA,universities_and_degree_granting_institutions,Sanford Burnham Prebys Medical Discovery Institute,La Jolla · CA,sbpdiscovery.org,https://sbpdiscovery.org,True,logos/usa_1890_sanford_burnham_prebys_medical_discovery_institute.png,USA_Universities_Directory.pdf,238
usa-universities_and_degree_granting_institutions-1891,1891,USA,universities_and_degree_granting_institutions,SANS Technology Institute,North Bethesda · MD,sans.edu,https://sans.edu,True,logos/usa_1891_sans_technology_institute.png,USA_Universities_Directory.pdf,238
usa-universities_and_degree_granting_institutions-1892,1892,USA,universities_and_degree_granting_institutions,Santa Ana College,Santa Ana · CA,sac.edu,https://sac.edu,True,logos/usa_1892_santa_ana_college.png,USA_Universities_Directory.pdf,238
usa-universities_and_degree_granting_institutions-1893,1893,USA,universities_and_degree_granting_institutions,Santa Clara University,Santa Clara · CA,scu.edu,https://scu.edu,True,logos/usa_1893_santa_clara_university.png,USA_Universities_Directory.pdf,238
usa-universities_and_degree_granting_institutions-1894,1894,USA,universities_and_degree_granting_institutions,Santa Fe College,Gainesville · FL,sfcollege.edu,https://sfcollege.edu,True,logos/usa_1894_santa_fe_college.png,USA_Universities_Directory.pdf,238
usa-universities_and_degree_granting_institutions-1895,1895,USA,universities_and_degree_granting_institutions,Santa Monica College,Santa Monica,smc.edu,https://smc.edu,True,logos/usa_1895_santa_monica_college.png,USA_Universities_Directory.pdf,238
usa-universities_and_degree_granting_institutions-1896,1896,USA,universities_and_degree_granting_institutions,Sarah Lawrence College,Bronxville · NY,sarahlawrence.edu,https://sarahlawrence.edu,True,logos/usa_1896_sarah_lawrence_college.png,USA_Universities_Directory.pdf,238
usa-universities_and_degree_granting_institutions-1897,1897,USA,universities_and_degree_granting_institutions,Sattler College,Boston · MA,sattler.edu,https://sattler.edu,True,logos/usa_1897_sattler_college.png,USA_Universities_Directory.pdf,239
usa-universities_and_degree_granting_institutions-1898,1898,USA,universities_and_degree_granting_institutions,Savannah College of Art and Design,Savannah · GA,scad.edu,https://scad.edu,True,logos/usa_1898_savannah_college_of_art_and_design.png,USA_Universities_Directory.pdf,239
usa-universities_and_degree_granting_institutions-1899,1899,USA,universities_and_degree_granting_institutions,Savannah State University,Savannah · GA,savannahstate.edu,https://savannahstate.edu,True,logos/usa_1899_savannah_state_university.png,USA_Universities_Directory.pdf,239
usa-universities_and_degree_granting_institutions-1900,1900,USA,universities_and_degree_granting_institutions,Saybrook University,Pasadena · CA,saybrook.edu,https://saybrook.edu,True,logos/usa_1900_saybrook_university.png,USA_Universities_Directory.pdf,239
usa-universities_and_degree_granting_institutions-1901,1901,USA,universities_and_degree_granting_institutions,Schiller International University,Tampa · FL,schiller.edu,https://schiller.edu,True,logos/usa_1901_schiller_international_university.png,USA_Universities_Directory.pdf,239
usa-universities_and_degree_granting_institutions-1902,1902,USA,universities_and_degree_granting_institutions,School of the Art Institute of Chicago,Chicago · IL,saic.edu,https://saic.edu,True,logos/usa_1902_school_of_the_art_institute_of_chicago.png,USA_Universities_Directory.pdf,239
usa-universities_and_degree_granting_institutions-1903,1903,USA,universities_and_degree_granting_institutions,School of Visual Arts,New York · NY,sva.edu,https://sva.edu,True,logos/usa_1903_school_of_visual_arts.png,USA_Universities_Directory.pdf,239
usa-universities_and_degree_granting_institutions-1904,1904,USA,universities_and_degree_granting_institutions,Schoolcraft Community College District,Livonia · MI,schoolcraft.edu,https://schoolcraft.edu,True,logos/usa_1904_schoolcraft_community_college_district.png,USA_Universities_Directory.pdf,239
usa-universities_and_degree_granting_institutions-1905,1905,USA,universities_and_degree_granting_institutions,Schreiner University,Kerrville · TX,schreiner.edu,https://schreiner.edu,True,logos/usa_1905_schreiner_university.png,USA_Universities_Directory.pdf,240
usa-universities_and_degree_granting_institutions-1906,1906,USA,universities_and_degree_granting_institutions,Scottsdale Community College,Scottsdale · AZ,scottsdalecc.edu,https://scottsdalecc.edu,True,logos/usa_1906_scottsdale_community_college.png,USA_Universities_Directory.pdf,240
usa-universities_and_degree_granting_institutions-1907,1907,USA,universities_and_degree_granting_institutions,Scripps College,Claremont · CA,scrippscollege.edu,https://scrippscollege.edu,True,logos/usa_1907_scripps_college.png,USA_Universities_Directory.pdf,240
usa-universities_and_degree_granting_institutions-1908,1908,USA,universities_and_degree_granting_institutions,Seattle Central College,Seattle · WA,seattlecentral.edu,https://seattlecentral.edu,True,logos/usa_1908_seattle_central_college.png,USA_Universities_Directory.pdf,240
usa-universities_and_degree_granting_institutions-1909,1909,USA,universities_and_degree_granting_institutions,Seattle Film Institute,Seattle · WA,sfi.edu,https://sfi.edu,True,logos/usa_1909_seattle_film_institute.png,USA_Universities_Directory.pdf,240
usa-universities_and_degree_granting_institutions-1910,1910,USA,universities_and_degree_granting_institutions,Seattle Institute of East Asian Medicine,Seattle · WA,sieam.edu,https://sieam.edu,True,logos/usa_1910_seattle_institute_of_east_asian_medicine.png,USA_Universities_Directory.pdf,240
usa-universities_and_degree_granting_institutions-1911,1911,USA,universities_and_degree_granting_institutions,Seattle Pacific University,Seattle · WA,spu.edu,https://spu.edu,True,logos/usa_1911_seattle_pacific_university.png,USA_Universities_Directory.pdf,240
usa-universities_and_degree_granting_institutions-1912,1912,USA,universities_and_degree_granting_institutions,Seattle University,Seattle · WA,seattleu.edu,https://seattleu.edu,True,logos/usa_1912_seattle_university.png,USA_Universities_Directory.pdf,240
usa-universities_and_degree_granting_institutions-1913,1913,USA,universities_and_degree_granting_institutions,Selma University,Selma · AL,selmau.edu,https://selmau.edu,True,logos/usa_1913_selma_university.png,USA_Universities_Directory.pdf,241
usa-universities_and_degree_granting_institutions-1914,1914,USA,universities_and_degree_granting_institutions,Seminario Evangelico de Puerto Rico,San Juan · PR,se-pr.edu,https://se-pr.edu,True,logos/usa_1914_seminario_evangelico_de_puerto_rico.png,USA_Universities_Directory.pdf,241
usa-universities_and_degree_granting_institutions-1915,1915,USA,universities_and_degree_granting_institutions,Seminole State College of Florida,Sanford · FL,seminolestate.edu,https://seminolestate.edu,True,logos/usa_1915_seminole_state_college_of_florida.png,USA_Universities_Directory.pdf,241
usa-universities_and_degree_granting_institutions-1916,1916,USA,universities_and_degree_granting_institutions,Sentara College of Health Sciences,Chesapeake · VA,sentara.edu,https://sentara.edu,True,logos/usa_1916_sentara_college_of_health_sciences.png,USA_Universities_Directory.pdf,241
usa-universities_and_degree_granting_institutions-1917,1917,USA,universities_and_degree_granting_institutions,Sessions College for Professional Design,Tempe · AZ,sessions.edu,https://sessions.edu,True,logos/usa_1917_sessions_college_for_professional_design.png,USA_Universities_Directory.pdf,241
usa-universities_and_degree_granting_institutions-1918,1918,USA,universities_and_degree_granting_institutions,Seton Hall University,South Orange · NJ,shu.edu,https://shu.edu,True,logos/usa_1918_seton_hall_university.png,USA_Universities_Directory.pdf,241
usa-universities_and_degree_granting_institutions-1919,1919,USA,universities_and_degree_granting_institutions,Seton Hill University,Greensburg · PA,setonhill.edu,https://setonhill.edu,True,logos/usa_1919_seton_hill_university.png,USA_Universities_Directory.pdf,241
usa-universities_and_degree_granting_institutions-1920,1920,USA,universities_and_degree_granting_institutions,Sh'or Yoshuv Rabbinical College,Lawrence · NY,shoryoshuv.org,https://shoryoshuv.org,True,logos/usa_1920_sh_or_yoshuv_rabbinical_college.png,USA_Universities_Directory.pdf,241
usa-universities_and_degree_granting_institutions-1921,1921,USA,universities_and_degree_granting_institutions,Shasta Bible College and Graduate School,Redding · CA,shasta.edu,https://shasta.edu,True,logos/usa_1921_shasta_bible_college_and_graduate_school.png,USA_Universities_Directory.pdf,242
usa-universities_and_degree_granting_institutions-1922,1922,USA,universities_and_degree_granting_institutions,Shasta College,Redding · CA,shastacollege.edu,https://shastacollege.edu,True,logos/usa_1922_shasta_college.png,USA_Universities_Directory.pdf,242
usa-universities_and_degree_granting_institutions-1923,1923,USA,universities_and_degree_granting_institutions,Shaw University,Raleigh · NC,shawu.edu,https://shawu.edu,True,logos/usa_1923_shaw_university.png,USA_Universities_Directory.pdf,242
usa-universities_and_degree_granting_institutions-1924,1924,USA,universities_and_degree_granting_institutions,Shawnee State University,Portsmouth · OH,shawnee.edu,https://shawnee.edu,True,logos/usa_1924_shawnee_state_university.png,USA_Universities_Directory.pdf,242
usa-universities_and_degree_granting_institutions-1925,1925,USA,universities_and_degree_granting_institutions,Shenandoah University,Winchester · VA,su.edu,https://su.edu,True,logos/usa_1925_shenandoah_university.png,USA_Universities_Directory.pdf,242
usa-universities_and_degree_granting_institutions-1926,1926,USA,universities_and_degree_granting_institutions,Shepherd University,Shepherdstown · WV,shepherd.edu,https://shepherd.edu,True,logos/usa_1926_shepherd_university.png,USA_Universities_Directory.pdf,242
usa-universities_and_degree_granting_institutions-1927,1927,USA,universities_and_degree_granting_institutions,Shepherds Theological Seminary,Cary · NC,shepherds.edu,https://shepherds.edu,True,logos/usa_1927_shepherds_theological_seminary.png,USA_Universities_Directory.pdf,242
usa-universities_and_degree_granting_institutions-1928,1928,USA,universities_and_degree_granting_institutions,Sherman College of Chiropractic,Boiling Springs · SC,sherman.edu,https://sherman.edu,False,,USA_Universities_Directory.pdf,242
usa-universities_and_degree_granting_institutions-1929,1929,USA,universities_and_degree_granting_institutions,Shippensburg University of Pennsylvania,Shippensburg · PA,ship.edu,https://ship.edu,True,logos/usa_1929_shippensburg_university_of_pennsylvania.png,USA_Universities_Directory.pdf,243
usa-universities_and_degree_granting_institutions-1930,1930,USA,universities_and_degree_granting_institutions,Shoreline Community College,Shoreline · WA,shoreline.edu,https://shoreline.edu,True,logos/usa_1930_shoreline_community_college.png,USA_Universities_Directory.pdf,243
usa-universities_and_degree_granting_institutions-1931,1931,USA,universities_and_degree_granting_institutions,Shorter University,Rome · GA,shorter.edu,https://shorter.edu,True,logos/usa_1931_shorter_university.png,USA_Universities_Directory.pdf,243
usa-universities_and_degree_granting_institutions-1932,1932,USA,universities_and_degree_granting_institutions,Siena College,Loudonville · NY,siena.edu,https://siena.edu,True,logos/usa_1932_siena_college.png,USA_Universities_Directory.pdf,243
usa-universities_and_degree_granting_institutions-1933,1933,USA,universities_and_degree_granting_institutions,Siena Heights University,Adrian · MI,sienaheights.edu,https://sienaheights.edu,True,logos/usa_1933_siena_heights_university.png,USA_Universities_Directory.pdf,243
usa-universities_and_degree_granting_institutions-1934,1934,USA,universities_and_degree_granting_institutions,Simmons College of Kentucky,Louisville · KY,simmonscollegeky.edu,https://simmonscollegeky.edu,True,logos/usa_1934_simmons_college_of_kentucky.png,USA_Universities_Directory.pdf,243
usa-universities_and_degree_granting_institutions-1935,1935,USA,universities_and_degree_granting_institutions,Simmons University,Boston · MA,simmons.edu,https://simmons.edu,True,logos/usa_1935_simmons_university.png,USA_Universities_Directory.pdf,243
usa-universities_and_degree_granting_institutions-1936,1936,USA,universities_and_degree_granting_institutions,Simpson College,Indianola,simpson.edu,https://simpson.edu,True,logos/usa_1936_simpson_college.png,USA_Universities_Directory.pdf,243
usa-universities_and_degree_granting_institutions-1937,1937,USA,universities_and_degree_granting_institutions,Simpson University,Redding · CA,simpsonu.edu,https://simpsonu.edu,True,logos/usa_1937_simpson_university.png,USA_Universities_Directory.pdf,244
usa-universities_and_degree_granting_institutions-1938,1938,USA,universities_and_degree_granting_institutions,Sinclair Community College,Dayton · OH,sinclair.edu,https://sinclair.edu,False,,USA_Universities_Directory.pdf,244
usa-universities_and_degree_granting_institutions-1939,1939,USA,universities_and_degree_granting_institutions,Sinte Gleska University,Mission · SD,sintegleska.edu,https://sintegleska.edu,True,logos/usa_1939_sinte_gleska_university.png,USA_Universities_Directory.pdf,244
usa-universities_and_degree_granting_institutions-1940,1940,USA,universities_and_degree_granting_institutions,Sisseton Wahpeton College,Sisseton · SD,swcollege.edu,https://swcollege.edu,False,,USA_Universities_Directory.pdf,244
usa-universities_and_degree_granting_institutions-1941,1941,USA,universities_and_degree_granting_institutions,Sistema Universitario Ana G. Mendez,Rio Piedras · PR,uagm.edu,https://uagm.edu,True,logos/usa_1941_sistema_universitario_ana_g_mendez.png,USA_Universities_Directory.pdf,244
usa-universities_and_degree_granting_institutions-1942,1942,USA,universities_and_degree_granting_institutions,SIT Graduate Institute,Brattleboro · VT,sit.edu,https://sit.edu,True,logos/usa_1942_sit_graduate_institute.png,USA_Universities_Directory.pdf,244
usa-universities_and_degree_granting_institutions-1943,1943,USA,universities_and_degree_granting_institutions,Sitting Bull College,Fort Yates · ND,sittingbull.edu,https://sittingbull.edu,True,logos/usa_1943_sitting_bull_college.png,USA_Universities_Directory.pdf,244
usa-universities_and_degree_granting_institutions-1944,1944,USA,universities_and_degree_granting_institutions,Skagit Valley College,Mount Vernon · WA,skagit.edu,https://skagit.edu,True,logos/usa_1944_skagit_valley_college.png,USA_Universities_Directory.pdf,244
usa-universities_and_degree_granting_institutions-1945,1945,USA,universities_and_degree_granting_institutions,Skidmore College,Saratoga Springs · NY,skidmore.edu,https://skidmore.edu,True,logos/usa_1945_skidmore_college.png,USA_Universities_Directory.pdf,245
usa-universities_and_degree_granting_institutions-1946,1946,USA,universities_and_degree_granting_institutions,Skyline College,San Bruno · CA,skylinecollege.edu,https://skylinecollege.edu,True,logos/usa_1946_skyline_college.png,USA_Universities_Directory.pdf,245
usa-universities_and_degree_granting_institutions-1947,1947,USA,universities_and_degree_granting_institutions,Slippery Rock University of Pennsylvania,Slippery Rock · PA,sru.edu,https://sru.edu,True,logos/usa_1947_slippery_rock_university_of_pennsylvania.png,USA_Universities_Directory.pdf,245
usa-universities_and_degree_granting_institutions-1948,1948,USA,universities_and_degree_granting_institutions,Smith Chason College,Los Angeles · CA,smithchason.edu,https://smithchason.edu,True,logos/usa_1948_smith_chason_college.png,USA_Universities_Directory.pdf,245
usa-universities_and_degree_granting_institutions-1949,1949,USA,universities_and_degree_granting_institutions,Smith College,Northampton · MA,smith.edu,https://smith.edu,True,logos/usa_1949_smith_college.png,USA_Universities_Directory.pdf,245
usa-universities_and_degree_granting_institutions-1950,1950,USA,universities_and_degree_granting_institutions,Snow College,Ephraim · UT,snow.edu,https://snow.edu,True,logos/usa_1950_snow_college.png,USA_Universities_Directory.pdf,245
usa-universities_and_degree_granting_institutions-1951,1951,USA,universities_and_degree_granting_institutions,Sofia University,Palo Alto · CA,sofia.edu,https://sofia.edu,False,,USA_Universities_Directory.pdf,245
usa-universities_and_degree_granting_institutions-1952,1952,USA,universities_and_degree_granting_institutions,Soka University of America,Aliso Viejo · CA,soka.edu,https://soka.edu,True,logos/usa_1952_soka_university_of_america.png,USA_Universities_Directory.pdf,245
usa-universities_and_degree_granting_institutions-1953,1953,USA,universities_and_degree_granting_institutions,Solano Community College,Fairfield · CA,welcome.solano.edu,https://welcome.solano.edu,True,logos/usa_1953_solano_community_college.png,USA_Universities_Directory.pdf,246
usa-universities_and_degree_granting_institutions-1954,1954,USA,universities_and_degree_granting_institutions,Sonoma State University,Rohnert Park · CA,sonoma.edu,https://sonoma.edu,True,logos/usa_1954_sonoma_state_university.png,USA_Universities_Directory.pdf,246
usa-universities_and_degree_granting_institutions-1955,1955,USA,universities_and_degree_granting_institutions,Sonoran University of Health Sciences,Tempe · AZ,sonoran.edu,https://sonoran.edu,True,logos/usa_1955_sonoran_university_of_health_sciences.png,USA_Universities_Directory.pdf,246
usa-universities_and_degree_granting_institutions-1956,1956,USA,universities_and_degree_granting_institutions,Sotheby's Institute of Art-NY,New York · NY,sothebysinstitute.com,https://sothebysinstitute.com,True,logos/usa_1956_sotheby_s_institute_of_art_ny.png,USA_Universities_Directory.pdf,246
usa-universities_and_degree_granting_institutions-1957,1957,USA,universities_and_degree_granting_institutions,South Baylo University,Anaheim · CA,southbaylo.edu,https://southbaylo.edu,True,logos/usa_1957_south_baylo_university.png,USA_Universities_Directory.pdf,246
usa-universities_and_degree_granting_institutions-1958,1958,USA,universities_and_degree_granting_institutions,South Carolina State University,Orangeburg · SC,scsu.edu,https://scsu.edu,False,,USA_Universities_Directory.pdf,246
usa-universities_and_degree_granting_institutions-1959,1959,USA,universities_and_degree_granting_institutions,South College,Knoxville · TN,south.edu,https://south.edu,True,logos/usa_1959_south_college.png,USA_Universities_Directory.pdf,246
usa-universities_and_degree_granting_institutions-1960,1960,USA,universities_and_degree_granting_institutions,South Dakota School of Mines and Technology,Rapid City · SD,sdsmt.edu,https://sdsmt.edu,False,,USA_Universities_Directory.pdf,246
usa-universities_and_degree_granting_institutions-1961,1961,USA,universities_and_degree_granting_institutions,South Dakota State University,Brookings · SD,sdstate.edu,https://sdstate.edu,True,logos/usa_1961_south_dakota_state_university.png,USA_Universities_Directory.pdf,247
usa-universities_and_degree_granting_institutions-1962,1962,USA,universities_and_degree_granting_institutions,South Florida Bible College and Theological Seminary,Deerfield Beach · FL,sfbc.edu,https://sfbc.edu,True,logos/usa_1962_south_florida_bible_college_and_theological_seminary.png,USA_Universities_Directory.pdf,247
usa-universities_and_degree_granting_institutions-1963,1963,USA,universities_and_degree_granting_institutions,South Florida State College,Avon Park · FL,southflorida.edu,https://southflorida.edu,True,logos/usa_1963_south_florida_state_college.png,USA_Universities_Directory.pdf,247
usa-universities_and_degree_granting_institutions-1964,1964,USA,universities_and_degree_granting_institutions,South Georgia State College,Douglas · GA,sgsc.edu,https://sgsc.edu,True,logos/usa_1964_south_georgia_state_college.png,USA_Universities_Directory.pdf,247
usa-universities_and_degree_granting_institutions-1965,1965,USA,universities_and_degree_granting_institutions,South Mountain Community College,Phoenix · AZ,southmountaincc.edu,https://southmountaincc.edu,True,logos/usa_1965_south_mountain_community_college.png,USA_Universities_Directory.pdf,247
usa-universities_and_degree_granting_institutions-1966,1966,USA,universities_and_degree_granting_institutions,South Puget Sound Community College,Olympia · WA,spscc.edu,https://spscc.edu,False,,USA_Universities_Directory.pdf,247
usa-universities_and_degree_granting_institutions-1967,1967,USA,universities_and_degree_granting_institutions,South Seattle College,Seattle · WA,southseattle.edu,https://southseattle.edu,True,logos/usa_1967_south_seattle_college.png,USA_Universities_Directory.pdf,247
usa-universities_and_degree_granting_institutions-1968,1968,USA,universities_and_degree_granting_institutions,South Texas College,McAllen · TX,southtexascollege.edu,https://southtexascollege.edu,True,logos/usa_1968_south_texas_college.png,USA_Universities_Directory.pdf,247
usa-universities_and_degree_granting_institutions-1969,1969,USA,universities_and_degree_granting_institutions,South Texas College of Law Houston,Houston · TX,stcl.edu,https://stcl.edu,True,logos/usa_1969_south_texas_college_of_law_houston.png,USA_Universities_Directory.pdf,248
usa-universities_and_degree_granting_institutions-1970,1970,USA,universities_and_degree_granting_institutions,South University-Austin,Round Rock · TX,southuniversity.edu,https://southuniversity.edu,True,logos/usa_1970_south_university_austin.png,USA_Universities_Directory.pdf,248
usa-universities_and_degree_granting_institutions-1971,1971,USA,universities_and_degree_granting_institutions,South University-Columbia,Columbia · SC,southuniversity.edu,https://southuniversity.edu,True,logos/usa_1971_south_university_columbia.png,USA_Universities_Directory.pdf,248
usa-universities_and_degree_granting_institutions-1972,1972,USA,universities_and_degree_granting_institutions,South University-High Point,High Point · NC,southuniversity.edu,https://southuniversity.edu,True,logos/usa_1972_south_university_high_point.png,USA_Universities_Directory.pdf,248
usa-universities_and_degree_granting_institutions-1973,1973,USA,universities_and_degree_granting_institutions,South University-Montgomery,Montgomery · AL,southuniversity.edu,https://southuniversity.edu,True,logos/usa_1973_south_university_montgomery.png,USA_Universities_Directory.pdf,248
usa-universities_and_degree_granting_institutions-1974,1974,USA,universities_and_degree_granting_institutions,South University-Richmond,Glen Allen · VA,southuniversity.edu,https://southuniversity.edu,True,logos/usa_1974_south_university_richmond.png,USA_Universities_Directory.pdf,248
usa-universities_and_degree_granting_institutions-1975,1975,USA,universities_and_degree_granting_institutions,South University-Savannah,Savannah · GA,southuniversity.edu,https://southuniversity.edu,True,logos/usa_1975_south_university_savannah.png,USA_Universities_Directory.pdf,248
usa-universities_and_degree_granting_institutions-1976,1976,USA,universities_and_degree_granting_institutions,South University-Savannah Online,Savannah · GA,southuniversity.edu,https://southuniversity.edu,True,logos/usa_1976_south_university_savannah_online.png,USA_Universities_Directory.pdf,248
usa-universities_and_degree_granting_institutions-1977,1977,USA,universities_and_degree_granting_institutions,South University-Tampa,Tampa · FL,southuniversity.edu,https://southuniversity.edu,True,logos/usa_1977_south_university_tampa.png,USA_Universities_Directory.pdf,249
usa-universities_and_degree_granting_institutions-1978,1978,USA,universities_and_degree_granting_institutions,South University-Virginia Beach,Virginia Beach · VA,southuniversity.edu,https://southuniversity.edu,True,logos/usa_1978_south_university_virginia_beach.png,USA_Universities_Directory.pdf,249
usa-universities_and_degree_granting_institutions-1979,1979,USA,universities_and_degree_granting_institutions,South University-West Palm Beach,Royal Palm Beach · FL,southuniversity.edu,https://southuniversity.edu,True,logos/usa_1979_south_university_west_palm_beach.png,USA_Universities_Directory.pdf,249
usa-universities_and_degree_granting_institutions-1980,1980,USA,universities_and_degree_granting_institutions,Southeast Missouri Hospital College of Nursing and Health Sciences,Cape Girardeau · MO,sehcollege.edu,https://sehcollege.edu,True,logos/usa_1980_southeast_missouri_hospital_college_of_nursing_and_health_sciences.png,USA_Universities_Directory.pdf,249
usa-universities_and_degree_granting_institutions-1981,1981,USA,universities_and_degree_granting_institutions,Southeast Missouri State University,Cape Girardeau · MO,semo.edu,https://semo.edu,True,logos/usa_1981_southeast_missouri_state_university.png,USA_Universities_Directory.pdf,249
usa-universities_and_degree_granting_institutions-1982,1982,USA,universities_and_degree_granting_institutions,Southeastern Baptist College,Laurel · MS,southeasternbaptist.edu,https://southeasternbaptist.edu,True,logos/usa_1982_southeastern_baptist_college.png,USA_Universities_Directory.pdf,249
usa-universities_and_degree_granting_institutions-1983,1983,USA,universities_and_degree_granting_institutions,Southeastern Baptist Theological Seminary,Wake Forest · NC,collegeatsoutheastern.com,https://collegeatsoutheastern.com,True,logos/usa_1983_southeastern_baptist_theological_seminary.png,USA_Universities_Directory.pdf,249
usa-universities_and_degree_granting_institutions-1984,1984,USA,universities_and_degree_granting_institutions,Southeastern College-West Palm Beach,West Palm Beach · FL,sec.edu,https://sec.edu,True,logos/usa_1984_southeastern_college_west_palm_beach.png,USA_Universities_Directory.pdf,249
usa-universities_and_degree_granting_institutions-1985,1985,USA,universities_and_degree_granting_institutions,Southeastern Free Will Baptist Bible College,Wendell · NC,sfwbc.edu,https://sfwbc.edu,True,logos/usa_1985_southeastern_free_will_baptist_bible_college.png,USA_Universities_Directory.pdf,250
usa-universities_and_degree_granting_institutions-1986,1986,USA,universities_and_degree_granting_institutions,Southeastern Louisiana University,Hammond · LA,southeastern.edu,https://southeastern.edu,True,logos/usa_1986_southeastern_louisiana_university.png,USA_Universities_Directory.pdf,250
usa-universities_and_degree_granting_institutions-1987,1987,USA,universities_and_degree_granting_institutions,Southeastern Oklahoma State University,Durant · OK,se.edu,https://se.edu,True,logos/usa_1987_southeastern_oklahoma_state_university.png,USA_Universities_Directory.pdf,250
usa-universities_and_degree_granting_institutions-1988,1988,USA,universities_and_degree_granting_institutions,Southeastern University,Lakeland · FL,seu.edu,https://seu.edu,True,logos/usa_1988_southeastern_university.png,USA_Universities_Directory.pdf,250
usa-universities_and_degree_granting_institutions-1989,1989,USA,universities_and_degree_granting_institutions,Southern Adventist University,Collegedale · TN,southern.edu,https://southern.edu,True,logos/usa_1989_southern_adventist_university.png,USA_Universities_Directory.pdf,250
usa-universities_and_degree_granting_institutions-1990,1990,USA,universities_and_degree_granting_institutions,Southern Arkansas University Main Campus,Magnolia · AR,saumag.edu,https://saumag.edu,True,logos/usa_1990_southern_arkansas_university_main_campus.png,USA_Universities_Directory.pdf,250
usa-universities_and_degree_granting_institutions-1991,1991,USA,universities_and_degree_granting_institutions,Southern California Institute of Architecture,Los Angeles · CA,sciarc.edu,https://sciarc.edu,True,logos/usa_1991_southern_california_institute_of_architecture.png,USA_Universities_Directory.pdf,250
usa-universities_and_degree_granting_institutions-1992,1992,USA,universities_and_degree_granting_institutions,Southern California Institute of Technology,Anaheim · CA,scitech.edu,https://scitech.edu,True,logos/usa_1992_southern_california_institute_of_technology.png,USA_Universities_Directory.pdf,250
usa-universities_and_degree_granting_institutions-1993,1993,USA,universities_and_degree_granting_institutions,Southern California Seminary,El Cajon,socalsem.edu,https://socalsem.edu,True,logos/usa_1993_southern_california_seminary.png,USA_Universities_Directory.pdf,251
usa-universities_and_degree_granting_institutions-1994,1994,USA,universities_and_degree_granting_institutions,Southern California University of Health Sciences,Whittier · CA,scuhs.edu,https://scuhs.edu,True,logos/usa_1994_southern_california_university_of_health_sciences.png,USA_Universities_Directory.pdf,251
usa-universities_and_degree_granting_institutions-1995,1995,USA,universities_and_degree_granting_institutions,Southern College of Optometry,Memphis · TN,sco.edu,https://sco.edu,True,logos/usa_1995_southern_college_of_optometry.png,USA_Universities_Directory.pdf,251
usa-universities_and_degree_granting_institutions-1996,1996,USA,universities_and_degree_granting_institutions,Southern Connecticut State University,New Haven · CT,southernct.edu,https://southernct.edu,True,logos/usa_1996_southern_connecticut_state_university.png,USA_Universities_Directory.pdf,251
usa-universities_and_degree_granting_institutions-1997,1997,USA,universities_and_degree_granting_institutions,Southern Illinois University Edwardsville,Edwardsville,siue.edu,https://siue.edu,True,logos/usa_1997_southern_illinois_university_edwardsville.png,USA_Universities_Directory.pdf,251
usa-universities_and_degree_granting_institutions-1998,1998,USA,universities_and_degree_granting_institutions,Southern Illinois University-Carbondale,Carbondale · IL,siu.edu,https://siu.edu,True,logos/usa_1998_southern_illinois_university_carbondale.png,USA_Universities_Directory.pdf,251
usa-universities_and_degree_granting_institutions-1999,1999,USA,universities_and_degree_granting_institutions,Southern Illinois University-System Office,Carbondale · IL,siusystem.edu,https://siusystem.edu,True,logos/usa_1999_southern_illinois_university_system_office.png,USA_Universities_Directory.pdf,251
usa-universities_and_degree_granting_institutions-2000,2000,USA,universities_and_degree_granting_institutions,Southern Methodist University,Dallas · TX,smu.edu,https://smu.edu,True,logos/usa_2000_southern_methodist_university.png,USA_Universities_Directory.pdf,251
usa-universities_and_degree_granting_institutions-2001,2001,USA,universities_and_degree_granting_institutions,Southern Nazarene University,Bethany · OK,snu.edu,https://snu.edu,True,logos/usa_2001_southern_nazarene_university.png,USA_Universities_Directory.pdf,252
usa-universities_and_degree_granting_institutions-2002,2002,USA,universities_and_degree_granting_institutions,Southern New Hampshire University,Manchester · NH,snhu.edu,https://snhu.edu,True,logos/usa_2002_southern_new_hampshire_university.png,USA_Universities_Directory.pdf,252
usa-universities_and_degree_granting_institutions-2003,2003,USA,universities_and_degree_granting_institutions,Southern Oregon University,Ashland · OR,sou.edu,https://sou.edu,True,logos/usa_2003_southern_oregon_university.png,USA_Universities_Directory.pdf,252
usa-universities_and_degree_granting_institutions-2004,2004,USA,universities_and_degree_granting_institutions,Southern University and A & M College,Baton Rouge · LA,subr.edu,https://subr.edu,True,logos/usa_2004_southern_university_and_a_m_college.png,USA_Universities_Directory.pdf,252
usa-universities_and_degree_granting_institutions-2005,2005,USA,universities_and_degree_granting_institutions,Southern University at New Orleans,New Orleans · LA,suno.edu,https://suno.edu,True,logos/usa_2005_southern_university_at_new_orleans.png,USA_Universities_Directory.pdf,252
usa-universities_and_degree_granting_institutions-2006,2006,USA,universities_and_degree_granting_institutions,Southern University Law Center,Baton Rouge · LA,sulc.edu,https://sulc.edu,True,logos/usa_2006_southern_university_law_center.png,USA_Universities_Directory.pdf,252
usa-universities_and_degree_granting_institutions-2007,2007,USA,universities_and_degree_granting_institutions,Southern University-Board and System,Baton Rouge · LA,sus.edu,https://sus.edu,True,logos/usa_2007_southern_university_board_and_system.png,USA_Universities_Directory.pdf,252
usa-universities_and_degree_granting_institutions-2008,2008,USA,universities_and_degree_granting_institutions,Southern Utah University,Cedar City · UT,suu.edu,https://suu.edu,True,logos/usa_2008_southern_utah_university.png,USA_Universities_Directory.pdf,252
usa-universities_and_degree_granting_institutions-2009,2009,USA,universities_and_degree_granting_institutions,Southern Virginia University,Buena Vista · VA,svu.edu,https://svu.edu,True,logos/usa_2009_southern_virginia_university.png,USA_Universities_Directory.pdf,253
usa-universities_and_degree_granting_institutions-2010,2010,USA,universities_and_degree_granting_institutions,Southern Wesleyan University,Central · SC,swu.edu,https://swu.edu,True,logos/usa_2010_southern_wesleyan_university.png,USA_Universities_Directory.pdf,253
usa-universities_and_degree_granting_institutions-2011,2011,USA,universities_and_degree_granting_institutions,Southwest Baptist University,Bolivar · MO,sbuniv.edu,https://sbuniv.edu,True,logos/usa_2011_southwest_baptist_university.png,USA_Universities_Directory.pdf,253
usa-universities_and_degree_granting_institutions-2012,2012,USA,universities_and_degree_granting_institutions,Southwest Minnesota State University,Marshall · MN,smsu.edu,https://smsu.edu,True,logos/usa_2012_southwest_minnesota_state_university.png,USA_Universities_Directory.pdf,253
usa-universities_and_degree_granting_institutions-2013,2013,USA,universities_and_degree_granting_institutions,Southwest University at El Paso,El Paso · TX,southwestuniversity.edu,https://southwestuniversity.edu,True,logos/usa_2013_southwest_university_at_el_paso.png,USA_Universities_Directory.pdf,253
usa-universities_and_degree_granting_institutions-2014,2014,USA,universities_and_degree_granting_institutions,Southwest University of Naprapathic Medicine,Santa Fe · NM,sunm.edu,https://sunm.edu,True,logos/usa_2014_southwest_university_of_naprapathic_medicine.png,USA_Universities_Directory.pdf,253
usa-universities_and_degree_granting_institutions-2015,2015,USA,universities_and_degree_granting_institutions,Southwestern Adventist University,Keene · TX,swau.edu,https://swau.edu,True,logos/usa_2015_southwestern_adventist_university.png,USA_Universities_Directory.pdf,253
usa-universities_and_degree_granting_institutions-2016,2016,USA,universities_and_degree_granting_institutions,Southwestern Christian College,Terrell · TX,swcc.edu,https://swcc.edu,True,logos/usa_2016_southwestern_christian_college.png,USA_Universities_Directory.pdf,253
usa-universities_and_degree_granting_institutions-2017,2017,USA,universities_and_degree_granting_institutions,Southwestern Christian University,Bethany · OK,swcu.edu,https://swcu.edu,True,logos/usa_2017_southwestern_christian_university.png,USA_Universities_Directory.pdf,254
usa-universities_and_degree_granting_institutions-2018,2018,USA,universities_and_degree_granting_institutions,Southwestern College,Winfield · KS,sckans.edu,https://sckans.edu,True,logos/usa_2018_southwestern_college.png,USA_Universities_Directory.pdf,254
usa-universities_and_degree_granting_institutions-2019,2019,USA,universities_and_degree_granting_institutions,Southwestern College,Santa Fe · NM,sckans.edu,https://sckans.edu,True,logos/usa_2019_southwestern_college.png,USA_Universities_Directory.pdf,254
usa-universities_and_degree_granting_institutions-2020,2020,USA,universities_and_degree_granting_institutions,Southwestern Law School,Los Angeles · CA,swlaw.edu,https://swlaw.edu,True,logos/usa_2020_southwestern_law_school.png,USA_Universities_Directory.pdf,254
usa-universities_and_degree_granting_institutions-2021,2021,USA,universities_and_degree_granting_institutions,Southwestern Oklahoma State University,Weatherford · OK,swosu.edu,https://swosu.edu,True,logos/usa_2021_southwestern_oklahoma_state_university.png,USA_Universities_Directory.pdf,254
usa-universities_and_degree_granting_institutions-2022,2022,USA,universities_and_degree_granting_institutions,Southwestern University,Georgetown · TX,southwestern.edu,https://southwestern.edu,True,logos/usa_2022_southwestern_university.png,USA_Universities_Directory.pdf,254
usa-universities_and_degree_granting_institutions-2023,2023,USA,universities_and_degree_granting_institutions,Spalding University,Louisville · KY,spalding.edu,https://spalding.edu,True,logos/usa_2023_spalding_university.png,USA_Universities_Directory.pdf,254
usa-universities_and_degree_granting_institutions-2024,2024,USA,universities_and_degree_granting_institutions,Spartan College of Aeronautics and Technology,Tulsa · OK,spartan.edu,https://spartan.edu,True,logos/usa_2024_spartan_college_of_aeronautics_and_technology.png,USA_Universities_Directory.pdf,254
usa-universities_and_degree_granting_institutions-2025,2025,USA,universities_and_degree_granting_institutions,Spartanburg Methodist College,Spartanburg · SC,smcsc.edu,https://smcsc.edu,True,logos/usa_2025_spartanburg_methodist_college.png,USA_Universities_Directory.pdf,255
usa-universities_and_degree_granting_institutions-2026,2026,USA,universities_and_degree_granting_institutions,Spelman College,Atlanta · GA,spelman.edu,https://spelman.edu,True,logos/usa_2026_spelman_college.png,USA_Universities_Directory.pdf,255
usa-universities_and_degree_granting_institutions-2027,2027,USA,universities_and_degree_granting_institutions,Spertus College,Chicago · IL,spertus.edu,https://spertus.edu,True,logos/usa_2027_spertus_college.png,USA_Universities_Directory.pdf,255
usa-universities_and_degree_granting_institutions-2028,2028,USA,universities_and_degree_granting_institutions,Spokane Community College,Spokane · WA,scc.spokane.edu,https://scc.spokane.edu,True,logos/usa_2028_spokane_community_college.png,USA_Universities_Directory.pdf,255
usa-universities_and_degree_granting_institutions-2029,2029,USA,universities_and_degree_granting_institutions,Spokane Falls Community College,Spokane · WA,sfcc.spokane.edu,https://sfcc.spokane.edu,True,logos/usa_2029_spokane_falls_community_college.png,USA_Universities_Directory.pdf,255
usa-universities_and_degree_granting_institutions-2030,2030,USA,universities_and_degree_granting_institutions,Spring Arbor University,Spring Arbor · MI,springarbor.edu,https://springarbor.edu,True,logos/usa_2030_spring_arbor_university.png,USA_Universities_Directory.pdf,255
usa-universities_and_degree_granting_institutions-2031,2031,USA,universities_and_degree_granting_institutions,Spring Hill College,Mobile · AL,shc.edu,https://shc.edu,True,logos/usa_2031_spring_hill_college.png,USA_Universities_Directory.pdf,255
usa-universities_and_degree_granting_institutions-2032,2032,USA,universities_and_degree_granting_institutions,Springfield College,Springfield · MA,springfield.edu,https://springfield.edu,True,logos/usa_2032_springfield_college.png,USA_Universities_Directory.pdf,255
usa-universities_and_degree_granting_institutions-2033,2033,USA,universities_and_degree_granting_institutions,"Springfield College-Regional, Online, and Continuing Education",Springfield · MA,springfield.edu,https://springfield.edu,True,logos/usa_2033_springfield_college_regional_online_and_continuing_education.png,USA_Universities_Directory.pdf,256
usa-universities_and_degree_granting_institutions-2034,2034,USA,universities_and_degree_granting_institutions,St Bernard's School of Theology and Ministry,Rochester · NY,stbernards.edu,https://stbernards.edu,True,logos/usa_2034_st_bernard_s_school_of_theology_and_ministry.png,USA_Universities_Directory.pdf,256
usa-universities_and_degree_granting_institutions-2035,2035,USA,universities_and_degree_granting_institutions,St Bonaventure University,Saint Bonaventure · NY,sbu.edu,https://sbu.edu,True,logos/usa_2035_st_bonaventure_university.png,USA_Universities_Directory.pdf,256
usa-universities_and_degree_granting_institutions-2036,2036,USA,universities_and_degree_granting_institutions,St Catherine University,Saint Paul · MN,stkate.edu,https://stkate.edu,True,logos/usa_2036_st_catherine_university.png,USA_Universities_Directory.pdf,256
usa-universities_and_degree_granting_institutions-2037,2037,USA,universities_and_degree_granting_institutions,St Lawrence University,Canton · NY,stlawu.edu,https://stlawu.edu,True,logos/usa_2037_st_lawrence_university.png,USA_Universities_Directory.pdf,256
usa-universities_and_degree_granting_institutions-2038,2038,USA,universities_and_degree_granting_institutions,St Louis College of Health Careers-Fenton,Fenton · MO,slchc.edu,https://slchc.edu,True,logos/usa_2038_st_louis_college_of_health_careers_fenton.png,USA_Universities_Directory.pdf,256
usa-universities_and_degree_granting_institutions-2039,2039,USA,universities_and_degree_granting_institutions,St Luke's College,Sioux City · IA,stlukescollege.edu,https://stlukescollege.edu,True,logos/usa_2039_st_luke_s_college.png,USA_Universities_Directory.pdf,256
usa-universities_and_degree_granting_institutions-2040,2040,USA,universities_and_degree_granting_institutions,St Olaf College,Northfield · MN,stolaf.edu,https://stolaf.edu,True,logos/usa_2040_st_olaf_college.png,USA_Universities_Directory.pdf,256
usa-universities_and_degree_granting_institutions-2041,2041,USA,universities_and_degree_granting_institutions,St Petersburg College,St. Petersburg · FL,spcollege.edu,https://spcollege.edu,True,logos/usa_2041_st_petersburg_college.png,USA_Universities_Directory.pdf,257
usa-universities_and_degree_granting_institutions-2042,2042,USA,universities_and_degree_granting_institutions,St Philip's College,San Antonio · TX,alamo.edu,https://alamo.edu,True,logos/usa_2042_st_philip_s_college.png,USA_Universities_Directory.pdf,257
usa-universities_and_degree_granting_institutions-2043,2043,USA,universities_and_degree_granting_institutions,St. Andrews University,Laurinburg · NC,sa.edu,https://sa.edu,False,,USA_Universities_Directory.pdf,257
usa-universities_and_degree_granting_institutions-2044,2044,USA,universities_and_degree_granting_institutions,St. Augustine College,Chicago · IL,staugustine.edu,https://staugustine.edu,True,logos/usa_2044_st_augustine_college.png,USA_Universities_Directory.pdf,257
usa-universities_and_degree_granting_institutions-2045,2045,USA,universities_and_degree_granting_institutions,St. Francis College,Brooklyn · NY,sfc.edu,https://sfc.edu,False,,USA_Universities_Directory.pdf,257
usa-universities_and_degree_granting_institutions-2046,2046,USA,universities_and_degree_granting_institutions,St. John Fisher University,Rochester · NY,sjf.edu,https://sjf.edu,True,logos/usa_2046_st_john_fisher_university.png,USA_Universities_Directory.pdf,257
usa-universities_and_degree_granting_institutions-2047,2047,USA,universities_and_degree_granting_institutions,St. John Vianney College Seminary,Miami · FL,sjvcs.edu,https://sjvcs.edu,True,logos/usa_2047_st_john_vianney_college_seminary.png,USA_Universities_Directory.pdf,257
usa-universities_and_degree_granting_institutions-2048,2048,USA,universities_and_degree_granting_institutions,St. John's College,Annapolis · MD,sjc.edu,https://sjc.edu,True,logos/usa_2048_st_john_s_college.png,USA_Universities_Directory.pdf,257
usa-universities_and_degree_granting_institutions-2049,2049,USA,universities_and_degree_granting_institutions,St. John's College,Santa Fe · NM,sjc.edu,https://sjc.edu,True,logos/usa_2049_st_john_s_college.png,USA_Universities_Directory.pdf,258
usa-universities_and_degree_granting_institutions-2050,2050,USA,universities_and_degree_granting_institutions,St. John's College-Department of Nursing,Springfield · IL,hshs.org,https://hshs.org,True,logos/usa_2050_st_john_s_college_department_of_nursing.png,USA_Universities_Directory.pdf,258
usa-universities_and_degree_granting_institutions-2051,2051,USA,universities_and_degree_granting_institutions,St. John's University-New York,Queens · NY,stjohns.edu,https://stjohns.edu,True,logos/usa_2051_st_john_s_university_new_york.png,USA_Universities_Directory.pdf,258
usa-universities_and_degree_granting_institutions-2052,2052,USA,universities_and_degree_granting_institutions,St. Joseph's University-New York,Brooklyn · NY,sjny.edu,https://sjny.edu,True,logos/usa_2052_st_joseph_s_university_new_york.png,USA_Universities_Directory.pdf,258
usa-universities_and_degree_granting_institutions-2053,2053,USA,universities_and_degree_granting_institutions,St. Mary's College of Maryland,St. Mary's City · MD,smcm.edu,https://smcm.edu,True,logos/usa_2053_st_mary_s_college_of_maryland.png,USA_Universities_Directory.pdf,258
usa-universities_and_degree_granting_institutions-2054,2054,USA,universities_and_degree_granting_institutions,St. Mary's University,San Antonio · TX,stmarytx.edu,https://stmarytx.edu,True,logos/usa_2054_st_mary_s_university.png,USA_Universities_Directory.pdf,258
usa-universities_and_degree_granting_institutions-2055,2055,USA,universities_and_degree_granting_institutions,St. Thomas Aquinas College,Sparkill · NY,stac.edu,https://stac.edu,True,logos/usa_2055_st_thomas_aquinas_college.png,USA_Universities_Directory.pdf,258
usa-universities_and_degree_granting_institutions-2056,2056,USA,universities_and_degree_granting_institutions,St. Thomas University,Miami Gardens · FL,stu.edu,https://stu.edu,False,,USA_Universities_Directory.pdf,258
usa-universities_and_degree_granting_institutions-2057,2057,USA,universities_and_degree_granting_institutions,Stanbridge University,Irvine · CA,stanbridge.edu,https://stanbridge.edu,True,logos/usa_2057_stanbridge_university.png,USA_Universities_Directory.pdf,259
usa-universities_and_degree_granting_institutions-2058,2058,USA,universities_and_degree_granting_institutions,Stanford University,Stanford · CA,stanford.edu,https://stanford.edu,True,logos/usa_2058_stanford_university.png,USA_Universities_Directory.pdf,259
usa-universities_and_degree_granting_institutions-2059,2059,USA,universities_and_degree_granting_institutions,Starr King School for the Ministry,Oakland · CA,sksm.edu,https://sksm.edu,True,logos/usa_2059_starr_king_school_for_the_ministry.png,USA_Universities_Directory.pdf,259
usa-universities_and_degree_granting_institutions-2060,2060,USA,universities_and_degree_granting_institutions,State Center Community College District,Fresno · CA,scccd.edu,https://scccd.edu,True,logos/usa_2060_state_center_community_college_district.png,USA_Universities_Directory.pdf,259
usa-universities_and_degree_granting_institutions-2061,2061,USA,universities_and_degree_granting_institutions,State College of Florida-Manatee-Sarasota,Bradenton · FL,scf.edu,https://scf.edu,True,logos/usa_2061_state_college_of_florida_manatee_sarasota.png,USA_Universities_Directory.pdf,259
usa-universities_and_degree_granting_institutions-2062,2062,USA,universities_and_degree_granting_institutions,State University of New York at Cortland,Cortland · NY,www2.cortland.edu,https://www2.cortland.edu,True,logos/usa_2062_state_university_of_new_york_at_cortland.png,USA_Universities_Directory.pdf,259
usa-universities_and_degree_granting_institutions-2063,2063,USA,universities_and_degree_granting_institutions,State University of New York at New Paltz,New Paltz · NY,newpaltz.edu,https://newpaltz.edu,True,logos/usa_2063_state_university_of_new_york_at_new_paltz.png,USA_Universities_Directory.pdf,259
usa-universities_and_degree_granting_institutions-2064,2064,USA,universities_and_degree_granting_institutions,State University of New York at Oswego,Oswego · NY,oswego.edu,https://oswego.edu,True,logos/usa_2064_state_university_of_new_york_at_oswego.png,USA_Universities_Directory.pdf,259
usa-universities_and_degree_granting_institutions-2065,2065,USA,universities_and_degree_granting_institutions,State University of New York at Plattsburgh,Plattsburgh · NY,plattsburgh.edu,https://plattsburgh.edu,True,logos/usa_2065_state_university_of_new_york_at_plattsburgh.png,USA_Universities_Directory.pdf,260
usa-universities_and_degree_granting_institutions-2066,2066,USA,universities_and_degree_granting_institutions,Stephen F Austin State University,Nacogdoches · TX,sfasu.edu,https://sfasu.edu,True,logos/usa_2066_stephen_f_austin_state_university.png,USA_Universities_Directory.pdf,260
usa-universities_and_degree_granting_institutions-2067,2067,USA,universities_and_degree_granting_institutions,Stephens College,Columbia · MO,stephens.edu,https://stephens.edu,True,logos/usa_2067_stephens_college.png,USA_Universities_Directory.pdf,260
usa-universities_and_degree_granting_institutions-2068,2068,USA,universities_and_degree_granting_institutions,Sterling College,Sterling · KS,sterling.edu,https://sterling.edu,True,logos/usa_2068_sterling_college.png,USA_Universities_Directory.pdf,260
usa-universities_and_degree_granting_institutions-2069,2069,USA,universities_and_degree_granting_institutions,Sterling College,Craftsbury Common · VT,sterling.edu,https://sterling.edu,True,logos/usa_2069_sterling_college.png,USA_Universities_Directory.pdf,260
usa-universities_and_degree_granting_institutions-2070,2070,USA,universities_and_degree_granting_institutions,Stetson University,DeLand · FL,stetson.edu,https://stetson.edu,True,logos/usa_2070_stetson_university.png,USA_Universities_Directory.pdf,260
usa-universities_and_degree_granting_institutions-2071,2071,USA,universities_and_degree_granting_institutions,Stevens Institute of Technology,Hoboken · NJ,stevens.edu,https://stevens.edu,True,logos/usa_2071_stevens_institute_of_technology.png,USA_Universities_Directory.pdf,260
usa-universities_and_degree_granting_institutions-2072,2072,USA,universities_and_degree_granting_institutions,Stevens-The Institute of Business & Arts,Saint Louis · MO,siba.edu,https://siba.edu,True,logos/usa_2072_stevens_the_institute_of_business_arts.png,USA_Universities_Directory.pdf,260
usa-universities_and_degree_granting_institutions-2073,2073,USA,universities_and_degree_granting_institutions,Stevenson University,Owings Mills · MD,stevenson.edu,https://stevenson.edu,True,logos/usa_2073_stevenson_university.png,USA_Universities_Directory.pdf,261
usa-universities_and_degree_granting_institutions-2074,2074,USA,universities_and_degree_granting_institutions,Stillman College,Tuscaloosa,stillman.edu,https://stillman.edu,True,logos/usa_2074_stillman_college.png,USA_Universities_Directory.pdf,261
usa-universities_and_degree_granting_institutions-2075,2075,USA,universities_and_degree_granting_institutions,Stockton University,Galloway · NJ,stockton.edu,https://stockton.edu,True,logos/usa_2075_stockton_university.png,USA_Universities_Directory.pdf,261
usa-universities_and_degree_granting_institutions-2076,2076,USA,universities_and_degree_granting_institutions,Stone Child College,Box Elder · MT,stonechild.edu,https://stonechild.edu,True,logos/usa_2076_stone_child_college.png,USA_Universities_Directory.pdf,261
usa-universities_and_degree_granting_institutions-2077,2077,USA,universities_and_degree_granting_institutions,Stonehill College,Easton · MA,stonehill.edu,https://stonehill.edu,True,logos/usa_2077_stonehill_college.png,USA_Universities_Directory.pdf,261
usa-universities_and_degree_granting_institutions-2078,2078,USA,universities_and_degree_granting_institutions,Stony Brook University,Stony Brook,stonybrook.edu,https://stonybrook.edu,True,logos/usa_2078_stony_brook_university.png,USA_Universities_Directory.pdf,261
usa-universities_and_degree_granting_institutions-2079,2079,USA,universities_and_degree_granting_institutions,Strayer University-Alabama,Birmingham · AL,strayer.edu,https://strayer.edu,True,logos/usa_2079_strayer_university_alabama.png,USA_Universities_Directory.pdf,261
usa-universities_and_degree_granting_institutions-2080,2080,USA,universities_and_degree_granting_institutions,Strayer University-Arkansas,Little Rock · AR,strayer.edu,https://strayer.edu,True,logos/usa_2080_strayer_university_arkansas.png,USA_Universities_Directory.pdf,261
usa-universities_and_degree_granting_institutions-2081,2081,USA,universities_and_degree_granting_institutions,Strayer University-Delaware,Wilmington · DE,strayer.edu,https://strayer.edu,True,logos/usa_2081_strayer_university_delaware.png,USA_Universities_Directory.pdf,262
usa-universities_and_degree_granting_institutions-2082,2082,USA,universities_and_degree_granting_institutions,Strayer University-District of Columbia,Washington · DC,strayer.edu,https://strayer.edu,True,logos/usa_2082_strayer_university_district_of_columbia.png,USA_Universities_Directory.pdf,262
usa-universities_and_degree_granting_institutions-2083,2083,USA,universities_and_degree_granting_institutions,Strayer University-Florida,Tampa · FL,strayer.edu,https://strayer.edu,True,logos/usa_2083_strayer_university_florida.png,USA_Universities_Directory.pdf,262
usa-universities_and_degree_granting_institutions-2084,2084,USA,universities_and_degree_granting_institutions,Strayer University-Georgia,Chamblee · GA,strayer.edu,https://strayer.edu,True,logos/usa_2084_strayer_university_georgia.png,USA_Universities_Directory.pdf,262
usa-universities_and_degree_granting_institutions-2085,2085,USA,universities_and_degree_granting_institutions,Strayer University-Global Region,Washington · DC,strayer.edu,https://strayer.edu,True,logos/usa_2085_strayer_university_global_region.png,USA_Universities_Directory.pdf,262
usa-universities_and_degree_granting_institutions-2086,2086,USA,universities_and_degree_granting_institutions,Strayer University-Maryland,Suitland · MD,strayer.edu,https://strayer.edu,True,logos/usa_2086_strayer_university_maryland.png,USA_Universities_Directory.pdf,262
usa-universities_and_degree_granting_institutions-2087,2087,USA,universities_and_degree_granting_institutions,Strayer University-Mississippi,Jackson · MS,strayer.edu,https://strayer.edu,True,logos/usa_2087_strayer_university_mississippi.png,USA_Universities_Directory.pdf,262
usa-universities_and_degree_granting_institutions-2088,2088,USA,universities_and_degree_granting_institutions,Strayer University-New Jersey,Piscataway · NJ,strayer.edu,https://strayer.edu,True,logos/usa_2088_strayer_university_new_jersey.png,USA_Universities_Directory.pdf,262
usa-universities_and_degree_granting_institutions-2089,2089,USA,universities_and_degree_granting_institutions,Strayer University-North Carolina,Greensboro · NC,strayer.edu,https://strayer.edu,True,logos/usa_2089_strayer_university_north_carolina.png,USA_Universities_Directory.pdf,263
usa-universities_and_degree_granting_institutions-2090,2090,USA,universities_and_degree_granting_institutions,Strayer University-Pennsylvania,Trevose · PA,strayer.edu,https://strayer.edu,True,logos/usa_2090_strayer_university_pennsylvania.png,USA_Universities_Directory.pdf,263
usa-universities_and_degree_granting_institutions-2091,2091,USA,universities_and_degree_granting_institutions,Strayer University-South Carolina,Greenville · SC,strayer.edu,https://strayer.edu,True,logos/usa_2091_strayer_university_south_carolina.png,USA_Universities_Directory.pdf,263
usa-universities_and_degree_granting_institutions-2092,2092,USA,universities_and_degree_granting_institutions,Strayer University-Tennessee,Memphis · TN,strayer.edu,https://strayer.edu,True,logos/usa_2092_strayer_university_tennessee.png,USA_Universities_Directory.pdf,263
usa-universities_and_degree_granting_institutions-2093,2093,USA,universities_and_degree_granting_institutions,Strayer University-Texas,Farmers Branch · TX,strayer.edu,https://strayer.edu,True,logos/usa_2093_strayer_university_texas.png,USA_Universities_Directory.pdf,263
usa-universities_and_degree_granting_institutions-2094,2094,USA,universities_and_degree_granting_institutions,Strayer University-Virginia,Arlington · VA,strayer.edu,https://strayer.edu,True,logos/usa_2094_strayer_university_virginia.png,USA_Universities_Directory.pdf,263
usa-universities_and_degree_granting_institutions-2095,2095,USA,universities_and_degree_granting_institutions,Strayer University-West Virginia,Scott Depot · WV,strayer.edu,https://strayer.edu,True,logos/usa_2095_strayer_university_west_virginia.png,USA_Universities_Directory.pdf,263
usa-universities_and_degree_granting_institutions-2096,2096,USA,universities_and_degree_granting_institutions,Suffolk University,Boston · MA,suffolk.edu,https://suffolk.edu,True,logos/usa_2096_suffolk_university.png,USA_Universities_Directory.pdf,263
usa-universities_and_degree_granting_institutions-2097,2097,USA,universities_and_degree_granting_institutions,Sul Ross State University,Alpine · TX,sulross.edu,https://sulross.edu,True,logos/usa_2097_sul_ross_state_university.png,USA_Universities_Directory.pdf,264
usa-universities_and_degree_granting_institutions-2098,2098,USA,universities_and_degree_granting_institutions,Sullivan University,Louisville · KY,sullivan.edu,https://sullivan.edu,True,logos/usa_2098_sullivan_university.png,USA_Universities_Directory.pdf,264
usa-universities_and_degree_granting_institutions-2099,2099,USA,universities_and_degree_granting_institutions,SUM Bible College and Theological Seminary,El Dorado Hills · CA,sum.edu,https://sum.edu,False,,USA_Universities_Directory.pdf,264
usa-universities_and_degree_granting_institutions-2100,2100,USA,universities_and_degree_granting_institutions,Summit Christian College,Gering · NE,summitcc.edu,https://summitcc.edu,True,logos/usa_2100_summit_christian_college.png,USA_Universities_Directory.pdf,264
usa-universities_and_degree_granting_institutions-2101,2101,USA,universities_and_degree_granting_institutions,Sumner College,Portland,sumnercollege.edu,https://sumnercollege.edu,True,logos/usa_2101_sumner_college.png,USA_Universities_Directory.pdf,264
usa-universities_and_degree_granting_institutions-2102,2102,USA,universities_and_degree_granting_institutions,SUNY at Fredonia,Fredonia · NY,fredonia.edu,https://fredonia.edu,True,logos/usa_2102_suny_at_fredonia.png,USA_Universities_Directory.pdf,264
usa-universities_and_degree_granting_institutions-2103,2103,USA,universities_and_degree_granting_institutions,SUNY at Purchase College,Purchase · NY,purchase.edu,https://purchase.edu,True,logos/usa_2103_suny_at_purchase_college.png,USA_Universities_Directory.pdf,264
usa-universities_and_degree_granting_institutions-2104,2104,USA,universities_and_degree_granting_institutions,SUNY Brockport,Brockport · NY,brockport.edu,https://brockport.edu,True,logos/usa_2104_suny_brockport.png,USA_Universities_Directory.pdf,264
usa-universities_and_degree_granting_institutions-2105,2105,USA,universities_and_degree_granting_institutions,SUNY Buffalo State University,Buffalo · NY,suny.buffalostate.edu,https://suny.buffalostate.edu,True,logos/usa_2105_suny_buffalo_state_university.png,USA_Universities_Directory.pdf,265
usa-universities_and_degree_granting_institutions-2106,2106,USA,universities_and_degree_granting_institutions,SUNY College at Geneseo,Geneseo · NY,geneseo.edu,https://geneseo.edu,True,logos/usa_2106_suny_college_at_geneseo.png,USA_Universities_Directory.pdf,265
usa-universities_and_degree_granting_institutions-2107,2107,USA,universities_and_degree_granting_institutions,SUNY College at Potsdam,Potsdam · NY,potsdam.edu,https://potsdam.edu,True,logos/usa_2107_suny_college_at_potsdam.png,USA_Universities_Directory.pdf,265
usa-universities_and_degree_granting_institutions-2108,2108,USA,universities_and_degree_granting_institutions,SUNY College of Agriculture and Technology at Cobleskill,Cobleskill · NY,cobleskill.edu,https://cobleskill.edu,False,,USA_Universities_Directory.pdf,265
usa-universities_and_degree_granting_institutions-2109,2109,USA,universities_and_degree_granting_institutions,SUNY College of Environmental Science and Forestry,Syracuse · NY,esf.edu,https://esf.edu,True,logos/usa_2109_suny_college_of_environmental_science_and_forestry.png,USA_Universities_Directory.pdf,265
usa-universities_and_degree_granting_institutions-2110,2110,USA,universities_and_degree_granting_institutions,SUNY College of Optometry,New York · NY,sunyopt.edu,https://sunyopt.edu,True,logos/usa_2110_suny_college_of_optometry.png,USA_Universities_Directory.pdf,265
usa-universities_and_degree_granting_institutions-2111,2111,USA,universities_and_degree_granting_institutions,SUNY College of Technology at Alfred,Alfred · NY,alfredstate.edu,https://alfredstate.edu,True,logos/usa_2111_suny_college_of_technology_at_alfred.png,USA_Universities_Directory.pdf,265
usa-universities_and_degree_granting_institutions-2112,2112,USA,universities_and_degree_granting_institutions,SUNY College of Technology at Canton,Canton · NY,canton.edu,https://canton.edu,True,logos/usa_2112_suny_college_of_technology_at_canton.png,USA_Universities_Directory.pdf,265
usa-universities_and_degree_granting_institutions-2113,2113,USA,universities_and_degree_granting_institutions,SUNY College of Technology at Delhi,Delhi · NY,delhi.edu,https://delhi.edu,True,logos/usa_2113_suny_college_of_technology_at_delhi.png,USA_Universities_Directory.pdf,266
usa-universities_and_degree_granting_institutions-2114,2114,USA,universities_and_degree_granting_institutions,SUNY Downstate Health Sciences University,Brooklyn · NY,downstate.edu,https://downstate.edu,True,logos/usa_2114_suny_downstate_health_sciences_university.png,USA_Universities_Directory.pdf,266
usa-universities_and_degree_granting_institutions-2115,2115,USA,universities_and_degree_granting_institutions,SUNY Maritime College,Throggs Neck · NY,sunymaritime.edu,https://sunymaritime.edu,True,logos/usa_2115_suny_maritime_college.png,USA_Universities_Directory.pdf,266
usa-universities_and_degree_granting_institutions-2116,2116,USA,universities_and_degree_granting_institutions,SUNY Morrisville,Morrisville · NY,morrisville.edu,https://morrisville.edu,True,logos/usa_2116_suny_morrisville.png,USA_Universities_Directory.pdf,266
usa-universities_and_degree_granting_institutions-2117,2117,USA,universities_and_degree_granting_institutions,SUNY Old Westbury,Old Westbury · NY,oldwestbury.edu,https://oldwestbury.edu,True,logos/usa_2117_suny_old_westbury.png,USA_Universities_Directory.pdf,266
usa-universities_and_degree_granting_institutions-2118,2118,USA,universities_and_degree_granting_institutions,SUNY Oneonta,Oneonta · NY,suny.oneonta.edu,https://suny.oneonta.edu,True,logos/usa_2118_suny_oneonta.png,USA_Universities_Directory.pdf,266
usa-universities_and_degree_granting_institutions-2119,2119,USA,universities_and_degree_granting_institutions,SUNY Polytechnic Institute,Utica · NY,sunypoly.edu,https://sunypoly.edu,True,logos/usa_2119_suny_polytechnic_institute.png,USA_Universities_Directory.pdf,266
usa-universities_and_degree_granting_institutions-2120,2120,USA,universities_and_degree_granting_institutions,SUNY-System Office,Albany,suny.edu,https://suny.edu,True,logos/usa_2120_suny_system_office.png,USA_Universities_Directory.pdf,266
usa-universities_and_degree_granting_institutions-2121,2121,USA,universities_and_degree_granting_institutions,Susquehanna University,Selinsgrove · PA,susqu.edu,https://susqu.edu,True,logos/usa_2121_susquehanna_university.png,USA_Universities_Directory.pdf,267
usa-universities_and_degree_granting_institutions-2122,2122,USA,universities_and_degree_granting_institutions,Swarthmore College,Swarthmore · PA,swarthmore.edu,https://swarthmore.edu,True,logos/usa_2122_swarthmore_college.png,USA_Universities_Directory.pdf,267
usa-universities_and_degree_granting_institutions-2123,2123,USA,universities_and_degree_granting_institutions,Sweet Briar College,Sweet Briar · VA,sbc.edu,https://sbc.edu,True,logos/usa_2123_sweet_briar_college.png,USA_Universities_Directory.pdf,267
usa-universities_and_degree_granting_institutions-2124,2124,USA,universities_and_degree_granting_institutions,Syracuse University,Syracuse · NY,syracuse.edu,https://syracuse.edu,True,logos/usa_2124_syracuse_university.png,USA_Universities_Directory.pdf,267
usa-universities_and_degree_granting_institutions-2125,2125,USA,universities_and_degree_granting_institutions,Tabor College,Hillsboro · KS,tabor.edu,https://tabor.edu,True,logos/usa_2125_tabor_college.png,USA_Universities_Directory.pdf,267
usa-universities_and_degree_granting_institutions-2126,2126,USA,universities_and_degree_granting_institutions,Tacoma Community College,Tacoma · WA,tacomacc.edu,https://tacomacc.edu,True,logos/usa_2126_tacoma_community_college.png,USA_Universities_Directory.pdf,267
usa-universities_and_degree_granting_institutions-2127,2127,USA,universities_and_degree_granting_institutions,Taft College,Taft · CA,taftcollege.edu,https://taftcollege.edu,True,logos/usa_2127_taft_college.png,USA_Universities_Directory.pdf,267
usa-universities_and_degree_granting_institutions-2128,2128,USA,universities_and_degree_granting_institutions,Taft University System,Denver · CO,taftu.edu,https://taftu.edu,True,logos/usa_2128_taft_university_system.png,USA_Universities_Directory.pdf,267
usa-universities_and_degree_granting_institutions-2129,2129,USA,universities_and_degree_granting_institutions,Talladega College,Talladega,talladega.edu,https://talladega.edu,True,logos/usa_2129_talladega_college.png,USA_Universities_Directory.pdf,268
usa-universities_and_degree_granting_institutions-2130,2130,USA,universities_and_degree_granting_institutions,Tallahassee State College,Tallahassee · FL,tsc.fl.edu,https://tsc.fl.edu,True,logos/usa_2130_tallahassee_state_college.png,USA_Universities_Directory.pdf,268
usa-universities_and_degree_granting_institutions-2131,2131,USA,universities_and_degree_granting_institutions,Talmudic College of Florida,Miami Beach · FL,talmudicu.edu,https://talmudicu.edu,True,logos/usa_2131_talmudic_college_of_florida.png,USA_Universities_Directory.pdf,268
usa-universities_and_degree_granting_institutions-2132,2132,USA,universities_and_degree_granting_institutions,Talmudical Academy-New Jersey,Adelphia · NJ,talmudicalacademynj.com,https://talmudicalacademynj.com,False,,USA_Universities_Directory.pdf,268
usa-universities_and_degree_granting_institutions-2133,2133,USA,universities_and_degree_granting_institutions,Talmudical Institute of Upstate New York,Rochester · NY,tiuny.org,https://tiuny.org,True,logos/usa_2133_talmudical_institute_of_upstate_new_york.png,USA_Universities_Directory.pdf,268
usa-universities_and_degree_granting_institutions-2134,2134,USA,universities_and_degree_granting_institutions,Talmudical Seminary of Bobov,Brooklyn · NY,independentrabbinicalcolleges.org,https://independentrabbinicalcolleges.org,False,,USA_Universities_Directory.pdf,268
usa-universities_and_degree_granting_institutions-2135,2135,USA,universities_and_degree_granting_institutions,Talmudical Seminary Oholei Torah,Brooklyn · NY,tsot.edu,https://tsot.edu,False,,USA_Universities_Directory.pdf,268
usa-universities_and_degree_granting_institutions-2136,2136,USA,universities_and_degree_granting_institutions,Talmudical Yeshiva of Philadelphia,Philadelphia · PA,meterware.com,https://meterware.com,True,logos/usa_2136_talmudical_yeshiva_of_philadelphia.png,USA_Universities_Directory.pdf,268
usa-universities_and_degree_granting_institutions-2137,2137,USA,universities_and_degree_granting_institutions,Tarleton State University,Stephenville · TX,tarleton.edu,https://tarleton.edu,True,logos/usa_2137_tarleton_state_university.png,USA_Universities_Directory.pdf,269
usa-universities_and_degree_granting_institutions-2138,2138,USA,universities_and_degree_granting_institutions,Taylor University,Upland · IN,taylor.edu,https://taylor.edu,True,logos/usa_2138_taylor_university.png,USA_Universities_Directory.pdf,269
usa-universities_and_degree_granting_institutions-2139,2139,USA,universities_and_degree_granting_institutions,Teachers College at Columbia University,New York · NY,tc.columbia.edu,https://tc.columbia.edu,True,logos/usa_2139_teachers_college_at_columbia_university.png,USA_Universities_Directory.pdf,269
usa-universities_and_degree_granting_institutions-2140,2140,USA,universities_and_degree_granting_institutions,Teachers College of San Joaquin,Stockton · CA,teacherscollegesj.edu,https://teacherscollegesj.edu,True,logos/usa_2140_teachers_college_of_san_joaquin.png,USA_Universities_Directory.pdf,269
usa-universities_and_degree_granting_institutions-2141,2141,USA,universities_and_degree_granting_institutions,Telshe Yeshiva-Chicago,Chicago · IL,telsheyeshivachicago.com,https://telsheyeshivachicago.com,False,,USA_Universities_Directory.pdf,269
usa-universities_and_degree_granting_institutions-2142,2142,USA,universities_and_degree_granting_institutions,Temple University,Philadelphia · PA,temple.edu,https://temple.edu,True,logos/usa_2142_temple_university.png,USA_Universities_Directory.pdf,269
usa-universities_and_degree_granting_institutions-2143,2143,USA,universities_and_degree_granting_institutions,Tennessee State University,Nashville · TN,tnstate.edu,https://tnstate.edu,True,logos/usa_2143_tennessee_state_university.png,USA_Universities_Directory.pdf,269
usa-universities_and_degree_granting_institutions-2144,2144,USA,universities_and_degree_granting_institutions,Tennessee Technological University,Cookeville · TN,tntech.edu,https://tntech.edu,True,logos/usa_2144_tennessee_technological_university.png,USA_Universities_Directory.pdf,269
usa-universities_and_degree_granting_institutions-2145,2145,USA,universities_and_degree_granting_institutions,Tennessee Wesleyan University,Athens · TN,tnwesleyan.edu,https://tnwesleyan.edu,True,logos/usa_2145_tennessee_wesleyan_university.png,USA_Universities_Directory.pdf,270
usa-universities_and_degree_granting_institutions-2146,2146,USA,universities_and_degree_granting_institutions,Texas A & M International University,Laredo · TX,tamiu.edu,https://tamiu.edu,True,logos/usa_2146_texas_a_m_international_university.png,USA_Universities_Directory.pdf,270
usa-universities_and_degree_granting_institutions-2147,2147,USA,universities_and_degree_granting_institutions,Texas A & M University-Corpus Christi,Corpus Christi · TX,tamucc.edu,https://tamucc.edu,True,logos/usa_2147_texas_a_m_university_corpus_christi.png,USA_Universities_Directory.pdf,270
usa-universities_and_degree_granting_institutions-2148,2148,USA,universities_and_degree_granting_institutions,Texas A & M University-System Office,College Station · TX,tamus.edu,https://tamus.edu,True,logos/usa_2148_texas_a_m_university_system_office.png,USA_Universities_Directory.pdf,270
usa-universities_and_degree_granting_institutions-2149,2149,USA,universities_and_degree_granting_institutions,Texas A&M University-Central Texas,Killeen · TX,tamuct.edu,https://tamuct.edu,True,logos/usa_2149_texas_a_m_university_central_texas.png,USA_Universities_Directory.pdf,270
usa-universities_and_degree_granting_institutions-2150,2150,USA,universities_and_degree_granting_institutions,Texas A&M University-College Station,College Station · TX,tamu.edu,https://tamu.edu,True,logos/usa_2150_texas_a_m_university_college_station.png,USA_Universities_Directory.pdf,270
usa-universities_and_degree_granting_institutions-2151,2151,USA,universities_and_degree_granting_institutions,Texas A&M University-Kingsville,Kingsville · TX,tamuk.edu,https://tamuk.edu,True,logos/usa_2151_texas_a_m_university_kingsville.png,USA_Universities_Directory.pdf,270
usa-universities_and_degree_granting_institutions-2152,2152,USA,universities_and_degree_granting_institutions,Texas A&M University-San Antonio,San Antonio · TX,tamusa.edu,https://tamusa.edu,True,logos/usa_2152_texas_a_m_university_san_antonio.png,USA_Universities_Directory.pdf,270
usa-universities_and_degree_granting_institutions-2153,2153,USA,universities_and_degree_granting_institutions,Texas A&M University-Texarkana,Texarkana · TX,tamut.edu,https://tamut.edu,True,logos/usa_2153_texas_a_m_university_texarkana.png,USA_Universities_Directory.pdf,271
usa-universities_and_degree_granting_institutions-2154,2154,USA,universities_and_degree_granting_institutions,Texas Chiropractic College Foundation Inc,Pasadena · TX,txchiro.edu,https://txchiro.edu,True,logos/usa_2154_texas_chiropractic_college_foundation_inc.png,USA_Universities_Directory.pdf,271
usa-universities_and_degree_granting_institutions-2155,2155,USA,universities_and_degree_granting_institutions,Texas Christian University,Fort Worth · TX,tcu.edu,https://tcu.edu,True,logos/usa_2155_texas_christian_university.png,USA_Universities_Directory.pdf,271
usa-universities_and_degree_granting_institutions-2156,2156,USA,universities_and_degree_granting_institutions,Texas College,Tyler · TX,texascollege.edu,https://texascollege.edu,True,logos/usa_2156_texas_college.png,USA_Universities_Directory.pdf,271
usa-universities_and_degree_granting_institutions-2157,2157,USA,universities_and_degree_granting_institutions,Texas Health and Science University,Austin · TX,thsu.edu,https://thsu.edu,True,logos/usa_2157_texas_health_and_science_university.png,USA_Universities_Directory.pdf,271
usa-universities_and_degree_granting_institutions-2158,2158,USA,universities_and_degree_granting_institutions,Texas Lutheran University,Seguin · TX,tlu.edu,https://tlu.edu,True,logos/usa_2158_texas_lutheran_university.png,USA_Universities_Directory.pdf,271
usa-universities_and_degree_granting_institutions-2159,2159,USA,universities_and_degree_granting_institutions,Texas Southern University,Houston · TX,tsu.edu,https://tsu.edu,False,,USA_Universities_Directory.pdf,271
usa-universities_and_degree_granting_institutions-2160,2160,USA,universities_and_degree_granting_institutions,Texas State University,San Marcos · TX,txst.edu,https://txst.edu,True,logos/usa_2160_texas_state_university.png,USA_Universities_Directory.pdf,271
usa-universities_and_degree_granting_institutions-2161,2161,USA,universities_and_degree_granting_institutions,Texas Tech University,Lubbock · TX,ttu.edu,https://ttu.edu,True,logos/usa_2161_texas_tech_university.png,USA_Universities_Directory.pdf,272
usa-universities_and_degree_granting_institutions-2162,2162,USA,universities_and_degree_granting_institutions,Texas Tech University Health Sciences Center,Lubbock · TX,ttuhsc.edu,https://ttuhsc.edu,True,logos/usa_2162_texas_tech_university_health_sciences_center.png,USA_Universities_Directory.pdf,272
usa-universities_and_degree_granting_institutions-2163,2163,USA,universities_and_degree_granting_institutions,Texas Tech University Health Sciences Center-El Paso,El Paso · TX,elpaso.ttuhsc.edu,https://elpaso.ttuhsc.edu,True,logos/usa_2163_texas_tech_university_health_sciences_center_el_paso.png,USA_Universities_Directory.pdf,272
usa-universities_and_degree_granting_institutions-2164,2164,USA,universities_and_degree_granting_institutions,Texas Tech University System Administration,Lubbock · TX,texastech.edu,https://texastech.edu,True,logos/usa_2164_texas_tech_university_system_administration.png,USA_Universities_Directory.pdf,272
usa-universities_and_degree_granting_institutions-2165,2165,USA,universities_and_degree_granting_institutions,Texas Wesleyan University,Fort Worth · TX,txwes.edu,https://txwes.edu,True,logos/usa_2165_texas_wesleyan_university.png,USA_Universities_Directory.pdf,272
usa-universities_and_degree_granting_institutions-2166,2166,USA,universities_and_degree_granting_institutions,Texas Woman's University,Denton · TX,twu.edu,https://twu.edu,True,logos/usa_2166_texas_woman_s_university.png,USA_Universities_Directory.pdf,272
usa-universities_and_degree_granting_institutions-2167,2167,USA,universities_and_degree_granting_institutions,The Catholic University of America,Washington · DC,catholic.edu,https://catholic.edu,True,logos/usa_2167_the_catholic_university_of_america.png,USA_Universities_Directory.pdf,272
usa-universities_and_degree_granting_institutions-2168,2168,USA,universities_and_degree_granting_institutions,The Chicago School at Anaheim,Anaheim · CA,thechicagoschool.edu,https://thechicagoschool.edu,False,,USA_Universities_Directory.pdf,272
usa-universities_and_degree_granting_institutions-2169,2169,USA,universities_and_degree_granting_institutions,The Chicago School at Chicago,Chicago · IL,thechicagoschool.edu,https://thechicagoschool.edu,False,,USA_Universities_Directory.pdf,273
usa-universities_and_degree_granting_institutions-2170,2170,USA,universities_and_degree_granting_institutions,The Chicago School at Dallas,Plano · TX,thechicagoschool.edu,https://thechicagoschool.edu,False,,USA_Universities_Directory.pdf,273
usa-universities_and_degree_granting_institutions-2171,2171,USA,universities_and_degree_granting_institutions,The Chicago School at Los Angeles,Los Angeles · CA,thechicagoschool.edu,https://thechicagoschool.edu,False,,USA_Universities_Directory.pdf,273
usa-universities_and_degree_granting_institutions-2172,2172,USA,universities_and_degree_granting_institutions,The Chicago School at San Diego,San Diego · CA,thechicagoschool.edu,https://thechicagoschool.edu,False,,USA_Universities_Directory.pdf,273
usa-universities_and_degree_granting_institutions-2173,2173,USA,universities_and_degree_granting_institutions,The Chicago School at Washington DC,Washington · DC,thechicagoschool.edu,https://thechicagoschool.edu,False,,USA_Universities_Directory.pdf,273
usa-universities_and_degree_granting_institutions-2174,2174,USA,universities_and_degree_granting_institutions,The Chicago School at Xavier University of Louisiana,New Orleans · LA,thechicagoschool.edu,https://thechicagoschool.edu,False,,USA_Universities_Directory.pdf,273
usa-universities_and_degree_granting_institutions-2175,2175,USA,universities_and_degree_granting_institutions,The Christ College of Nursing and Health Sciences,Cincinnati · OH,thechristcollege.edu,https://thechristcollege.edu,True,logos/usa_2175_the_christ_college_of_nursing_and_health_sciences.png,USA_Universities_Directory.pdf,273
usa-universities_and_degree_granting_institutions-2176,2176,USA,universities_and_degree_granting_institutions,The College of Health Care Professions-Northwest,Houston · TX,chcp.edu,https://chcp.edu,True,logos/usa_2176_the_college_of_health_care_professions_northwest.png,USA_Universities_Directory.pdf,273
usa-universities_and_degree_granting_institutions-2177,2177,USA,universities_and_degree_granting_institutions,The College of Idaho,Caldwell · ID,collegeofidaho.edu,https://collegeofidaho.edu,True,logos/usa_2177_the_college_of_idaho.png,USA_Universities_Directory.pdf,274
usa-universities_and_degree_granting_institutions-2178,2178,USA,universities_and_degree_granting_institutions,The College of New Jersey,Ewing · NJ,tcnj.edu,https://tcnj.edu,True,logos/usa_2178_the_college_of_new_jersey.png,USA_Universities_Directory.pdf,274
usa-universities_and_degree_granting_institutions-2179,2179,USA,universities_and_degree_granting_institutions,The College of Saint Rose,Albany,strose.edu,https://strose.edu,False,,USA_Universities_Directory.pdf,274
usa-universities_and_degree_granting_institutions-2180,2180,USA,universities_and_degree_granting_institutions,The College of Saint Scholastica,Duluth · MN,css.edu,https://css.edu,True,logos/usa_2180_the_college_of_saint_scholastica.png,USA_Universities_Directory.pdf,274
usa-universities_and_degree_granting_institutions-2181,2181,USA,universities_and_degree_granting_institutions,The College of the Florida Keys,Key West · FL,cfk.edu,https://cfk.edu,False,,USA_Universities_Directory.pdf,274
usa-universities_and_degree_granting_institutions-2182,2182,USA,universities_and_degree_granting_institutions,The College of Westchester,White Plains · NY,cw.edu,https://cw.edu,True,logos/usa_2182_the_college_of_westchester.png,USA_Universities_Directory.pdf,274
usa-universities_and_degree_granting_institutions-2183,2183,USA,universities_and_degree_granting_institutions,The College of Wooster,Wooster · OH,wooster.edu,https://wooster.edu,True,logos/usa_2183_the_college_of_wooster.png,USA_Universities_Directory.pdf,274
usa-universities_and_degree_granting_institutions-2184,2184,USA,universities_and_degree_granting_institutions,The Colleges of Law at Santa Barbara,Santa Barbara · CA,collegesoflaw.edu,https://collegesoflaw.edu,True,logos/usa_2184_the_colleges_of_law_at_santa_barbara.png,USA_Universities_Directory.pdf,274
usa-universities_and_degree_granting_institutions-2185,2185,USA,universities_and_degree_granting_institutions,The Colleges of Law at Ventura,Ventura · CA,collegesoflaw.edu,https://collegesoflaw.edu,True,logos/usa_2185_the_colleges_of_law_at_ventura.png,USA_Universities_Directory.pdf,275
usa-universities_and_degree_granting_institutions-2186,2186,USA,universities_and_degree_granting_institutions,The Cooper Union for the Advancement of Science and Art,New York · NY,cooper.edu,https://cooper.edu,True,logos/usa_2186_the_cooper_union_for_the_advancement_of_science_and_art.png,USA_Universities_Directory.pdf,275
usa-universities_and_degree_granting_institutions-2187,2187,USA,universities_and_degree_granting_institutions,The Evergreen State College,Olympia · WA,evergreen.edu,https://evergreen.edu,True,logos/usa_2187_the_evergreen_state_college.png,USA_Universities_Directory.pdf,275
usa-universities_and_degree_granting_institutions-2188,2188,USA,universities_and_degree_granting_institutions,The Juilliard School,New York · NY,juilliard.edu,https://juilliard.edu,True,logos/usa_2188_the_juilliard_school.png,USA_Universities_Directory.pdf,275
usa-universities_and_degree_granting_institutions-2189,2189,USA,universities_and_degree_granting_institutions,The King's University,Southlake · TX,tku.edu,https://tku.edu,True,logos/usa_2189_the_king_s_university.png,USA_Universities_Directory.pdf,275
usa-universities_and_degree_granting_institutions-2190,2190,USA,universities_and_degree_granting_institutions,The Master's University and Seminary,Santa Clarita · CA,masters.edu,https://masters.edu,True,logos/usa_2190_the_master_s_university_and_seminary.png,USA_Universities_Directory.pdf,275
usa-universities_and_degree_granting_institutions-2191,2191,USA,universities_and_degree_granting_institutions,The Modern College of Design,Kettering · OH,themodern.edu,https://themodern.edu,True,logos/usa_2191_the_modern_college_of_design.png,USA_Universities_Directory.pdf,275
usa-universities_and_degree_granting_institutions-2192,2192,USA,universities_and_degree_granting_institutions,The New England Conservatory of Music,Boston · MA,necmusic.edu,https://necmusic.edu,True,logos/usa_2192_the_new_england_conservatory_of_music.png,USA_Universities_Directory.pdf,275
usa-universities_and_degree_granting_institutions-2193,2193,USA,universities_and_degree_granting_institutions,The New School,New York · NY,newschool.edu,https://newschool.edu,True,logos/usa_2193_the_new_school.png,USA_Universities_Directory.pdf,276
usa-universities_and_degree_granting_institutions-2194,2194,USA,universities_and_degree_granting_institutions,The Rockefeller University,New York · NY,rockefeller.edu,https://rockefeller.edu,True,logos/usa_2194_the_rockefeller_university.png,USA_Universities_Directory.pdf,276
usa-universities_and_degree_granting_institutions-2195,2195,USA,universities_and_degree_granting_institutions,The School of Architecture,Scottsdale · AZ,tsoa.edu,https://tsoa.edu,True,logos/usa_2195_the_school_of_architecture.png,USA_Universities_Directory.pdf,276
usa-universities_and_degree_granting_institutions-2196,2196,USA,universities_and_degree_granting_institutions,The Seattle School of Theology & Psychology,Seattle · WA,theseattleschool.edu,https://theseattleschool.edu,True,logos/usa_2196_the_seattle_school_of_theology_psychology.png,USA_Universities_Directory.pdf,276
usa-universities_and_degree_granting_institutions-2197,2197,USA,universities_and_degree_granting_institutions,The Southern Baptist Theological Seminary,Louisville · KY,sbts.edu,https://sbts.edu,True,logos/usa_2197_the_southern_baptist_theological_seminary.png,USA_Universities_Directory.pdf,276
usa-universities_and_degree_granting_institutions-2198,2198,USA,universities_and_degree_granting_institutions,The Southwestern Baptist Theological Seminary,Fort Worth · TX,swbts.edu,https://swbts.edu,True,logos/usa_2198_the_southwestern_baptist_theological_seminary.png,USA_Universities_Directory.pdf,276
usa-universities_and_degree_granting_institutions-2199,2199,USA,universities_and_degree_granting_institutions,The University of Alabama,Tuscaloosa,ua.edu,https://ua.edu,True,logos/usa_2199_the_university_of_alabama.png,USA_Universities_Directory.pdf,276
usa-universities_and_degree_granting_institutions-2200,2200,USA,universities_and_degree_granting_institutions,The University of America,Temecula · CA,ua-edu.us,https://ua-edu.us,False,,USA_Universities_Directory.pdf,276
usa-universities_and_degree_granting_institutions-2201,2201,USA,universities_and_degree_granting_institutions,The University of Findlay,Findlay · OH,findlay.edu,https://findlay.edu,False,,USA_Universities_Directory.pdf,277
usa-universities_and_degree_granting_institutions-2202,2202,USA,universities_and_degree_granting_institutions,The University of Montana,Missoula · MT,umt.edu,https://umt.edu,True,logos/usa_2202_the_university_of_montana.png,USA_Universities_Directory.pdf,277
usa-universities_and_degree_granting_institutions-2203,2203,USA,universities_and_degree_granting_institutions,The University of Montana-Western,Dillon · MT,umwestern.edu,https://umwestern.edu,True,logos/usa_2203_the_university_of_montana_western.png,USA_Universities_Directory.pdf,277
usa-universities_and_degree_granting_institutions-2204,2204,USA,universities_and_degree_granting_institutions,The University of Olivet,Olivet · MI,uolivet.edu,https://uolivet.edu,True,logos/usa_2204_the_university_of_olivet.png,USA_Universities_Directory.pdf,277
usa-universities_and_degree_granting_institutions-2205,2205,USA,universities_and_degree_granting_institutions,The University of Tampa,Tampa · FL,ut.edu,https://ut.edu,True,logos/usa_2205_the_university_of_tampa.png,USA_Universities_Directory.pdf,277
usa-universities_and_degree_granting_institutions-2206,2206,USA,universities_and_degree_granting_institutions,The University of Tennessee Health Science Center,Memphis · TN,uthsc.edu,https://uthsc.edu,True,logos/usa_2206_the_university_of_tennessee_health_science_center.png,USA_Universities_Directory.pdf,277
usa-universities_and_degree_granting_institutions-2207,2207,USA,universities_and_degree_granting_institutions,The University of Tennessee Southern,Pulaski · TN,utsouthern.edu,https://utsouthern.edu,True,logos/usa_2207_the_university_of_tennessee_southern.png,USA_Universities_Directory.pdf,277
usa-universities_and_degree_granting_institutions-2208,2208,USA,universities_and_degree_granting_institutions,The University of Tennessee System Office,Knoxville · TN,tennessee.edu,https://tennessee.edu,True,logos/usa_2208_the_university_of_tennessee_system_office.png,USA_Universities_Directory.pdf,277
usa-universities_and_degree_granting_institutions-2209,2209,USA,universities_and_degree_granting_institutions,The University of Tennessee-Chattanooga,Chattanooga · TN,utc.edu,https://utc.edu,True,logos/usa_2209_the_university_of_tennessee_chattanooga.png,USA_Universities_Directory.pdf,278
usa-universities_and_degree_granting_institutions-2210,2210,USA,universities_and_degree_granting_institutions,The University of Tennessee-Knoxville,Knoxville · TN,utk.edu,https://utk.edu,True,logos/usa_2210_the_university_of_tennessee_knoxville.png,USA_Universities_Directory.pdf,278
usa-universities_and_degree_granting_institutions-2211,2211,USA,universities_and_degree_granting_institutions,The University of Tennessee-Martin,Martin · TN,utm.edu,https://utm.edu,True,logos/usa_2211_the_university_of_tennessee_martin.png,USA_Universities_Directory.pdf,278
usa-universities_and_degree_granting_institutions-2212,2212,USA,universities_and_degree_granting_institutions,The University of Texas at Arlington,Arlington · TX,uta.edu,https://uta.edu,True,logos/usa_2212_the_university_of_texas_at_arlington.png,USA_Universities_Directory.pdf,278
usa-universities_and_degree_granting_institutions-2213,2213,USA,universities_and_degree_granting_institutions,The University of Texas at Austin,Austin · TX,utexas.edu,https://utexas.edu,True,logos/usa_2213_the_university_of_texas_at_austin.png,USA_Universities_Directory.pdf,278
usa-universities_and_degree_granting_institutions-2214,2214,USA,universities_and_degree_granting_institutions,The University of Texas at Dallas,Richardson · TX,utdallas.edu,https://utdallas.edu,True,logos/usa_2214_the_university_of_texas_at_dallas.png,USA_Universities_Directory.pdf,278
usa-universities_and_degree_granting_institutions-2215,2215,USA,universities_and_degree_granting_institutions,The University of Texas at El Paso,El Paso · TX,utep.edu,https://utep.edu,True,logos/usa_2215_the_university_of_texas_at_el_paso.png,USA_Universities_Directory.pdf,278
usa-universities_and_degree_granting_institutions-2216,2216,USA,universities_and_degree_granting_institutions,The University of Texas at San Antonio,San Antonio · TX,utsa.edu,https://utsa.edu,True,logos/usa_2216_the_university_of_texas_at_san_antonio.png,USA_Universities_Directory.pdf,278
usa-universities_and_degree_granting_institutions-2217,2217,USA,universities_and_degree_granting_institutions,The University of Texas at Tyler,Tyler · TX,uttyler.edu,https://uttyler.edu,True,logos/usa_2217_the_university_of_texas_at_tyler.png,USA_Universities_Directory.pdf,279
usa-universities_and_degree_granting_institutions-2218,2218,USA,universities_and_degree_granting_institutions,The University of Texas Health Science Center at Houston,Houston · TX,uth.edu,https://uth.edu,True,logos/usa_2218_the_university_of_texas_health_science_center_at_houston.png,USA_Universities_Directory.pdf,279
usa-universities_and_degree_granting_institutions-2219,2219,USA,universities_and_degree_granting_institutions,The University of Texas Health Science Center at San Antonio,San Antonio · TX,uthscsa.edu,https://uthscsa.edu,True,logos/usa_2219_the_university_of_texas_health_science_center_at_san_antonio.png,USA_Universities_Directory.pdf,279
usa-universities_and_degree_granting_institutions-2220,2220,USA,universities_and_degree_granting_institutions,The University of Texas MD Anderson Cancer Center,Houston · TX,mdanderson.org,https://mdanderson.org,True,logos/usa_2220_the_university_of_texas_md_anderson_cancer_center.png,USA_Universities_Directory.pdf,279
usa-universities_and_degree_granting_institutions-2221,2221,USA,universities_and_degree_granting_institutions,The University of Texas Medical Branch at Galveston,Galveston · TX,utmb.edu,https://utmb.edu,True,logos/usa_2221_the_university_of_texas_medical_branch_at_galveston.png,USA_Universities_Directory.pdf,279
usa-universities_and_degree_granting_institutions-2222,2222,USA,universities_and_degree_granting_institutions,The University of Texas Permian Basin,Odessa · TX,utpb.edu,https://utpb.edu,True,logos/usa_2222_the_university_of_texas_permian_basin.png,USA_Universities_Directory.pdf,279
usa-universities_and_degree_granting_institutions-2223,2223,USA,universities_and_degree_granting_institutions,The University of Texas Rio Grande Valley,Edinburg · TX,utrgv.edu,https://utrgv.edu,True,logos/usa_2223_the_university_of_texas_rio_grande_valley.png,USA_Universities_Directory.pdf,279
usa-universities_and_degree_granting_institutions-2224,2224,USA,universities_and_degree_granting_institutions,The University of Texas System Office,Austin · TX,utsystem.edu,https://utsystem.edu,True,logos/usa_2224_the_university_of_texas_system_office.png,USA_Universities_Directory.pdf,279
usa-universities_and_degree_granting_institutions-2225,2225,USA,universities_and_degree_granting_institutions,The University of the South,Sewanee · TN,sewanee.edu,https://sewanee.edu,True,logos/usa_2225_the_university_of_the_south.png,USA_Universities_Directory.pdf,280
usa-universities_and_degree_granting_institutions-2226,2226,USA,universities_and_degree_granting_institutions,The Wright Institute,Berkeley · CA,wi.edu,https://wi.edu,True,logos/usa_2226_the_wright_institute.png,USA_Universities_Directory.pdf,280
usa-universities_and_degree_granting_institutions-2227,2227,USA,universities_and_degree_granting_institutions,Theological Seminary of the Reformed Episcopal Church,Oreland · PA,reseminary.edu,https://reseminary.edu,True,logos/usa_2227_theological_seminary_of_the_reformed_episcopal_church.png,USA_Universities_Directory.pdf,280
usa-universities_and_degree_granting_institutions-2228,2228,USA,universities_and_degree_granting_institutions,Thiel College,Greenville · PA,thiel.edu,https://thiel.edu,True,logos/usa_2228_thiel_college.png,USA_Universities_Directory.pdf,280
usa-universities_and_degree_granting_institutions-2229,2229,USA,universities_and_degree_granting_institutions,Thomas Aquinas College,Santa Paula · CA,thomasaquinas.edu,https://thomasaquinas.edu,True,logos/usa_2229_thomas_aquinas_college.png,USA_Universities_Directory.pdf,280
usa-universities_and_degree_granting_institutions-2230,2230,USA,universities_and_degree_granting_institutions,Thomas College,Waterville · ME,thomas.edu,https://thomas.edu,True,logos/usa_2230_thomas_college.png,USA_Universities_Directory.pdf,280
usa-universities_and_degree_granting_institutions-2231,2231,USA,universities_and_degree_granting_institutions,Thomas Edison State University,Trenton · NJ,tesu.edu,https://tesu.edu,True,logos/usa_2231_thomas_edison_state_university.png,USA_Universities_Directory.pdf,280
usa-universities_and_degree_granting_institutions-2232,2232,USA,universities_and_degree_granting_institutions,Thomas Jefferson School of Law,San Diego · CA,tjsl.edu,https://tjsl.edu,True,logos/usa_2232_thomas_jefferson_school_of_law.png,USA_Universities_Directory.pdf,280
usa-universities_and_degree_granting_institutions-2233,2233,USA,universities_and_degree_granting_institutions,Thomas Jefferson University,Philadelphia · PA,jefferson.edu,https://jefferson.edu,True,logos/usa_2233_thomas_jefferson_university.png,USA_Universities_Directory.pdf,281
usa-universities_and_degree_granting_institutions-2234,2234,USA,universities_and_degree_granting_institutions,Thomas M Cooley Law School,Lansing · MI,cooley.edu,https://cooley.edu,True,logos/usa_2234_thomas_m_cooley_law_school.png,USA_Universities_Directory.pdf,281
usa-universities_and_degree_granting_institutions-2235,2235,USA,universities_and_degree_granting_institutions,Thomas More College of Liberal Arts,Merrimack · NH,thomasmorecollege.edu,https://thomasmorecollege.edu,True,logos/usa_2235_thomas_more_college_of_liberal_arts.png,USA_Universities_Directory.pdf,281
usa-universities_and_degree_granting_institutions-2236,2236,USA,universities_and_degree_granting_institutions,Thomas More University,Crestview Hills · KY,thomasmore.edu,https://thomasmore.edu,True,logos/usa_2236_thomas_more_university.png,USA_Universities_Directory.pdf,281
usa-universities_and_degree_granting_institutions-2237,2237,USA,universities_and_degree_granting_institutions,Thomas University,Thomasville · GA,thomasu.edu,https://thomasu.edu,True,logos/usa_2237_thomas_university.png,USA_Universities_Directory.pdf,281
usa-universities_and_degree_granting_institutions-2238,2238,USA,universities_and_degree_granting_institutions,Tiffin University,Tiffin · OH,tiffin.edu,https://tiffin.edu,True,logos/usa_2238_tiffin_university.png,USA_Universities_Directory.pdf,281
usa-universities_and_degree_granting_institutions-2239,2239,USA,universities_and_degree_granting_institutions,Toccoa Falls College,Toccoa Falls · GA,tfc.edu,https://tfc.edu,True,logos/usa_2239_toccoa_falls_college.png,USA_Universities_Directory.pdf,281
usa-universities_and_degree_granting_institutions-2240,2240,USA,universities_and_degree_granting_institutions,Torah Temimah Talmudical Seminary,Staten Island · NY,torahtemimahtalmudicalseminary.com,https://torahtemimahtalmudicalseminary.com,False,,USA_Universities_Directory.pdf,281
usa-universities_and_degree_granting_institutions-2241,2241,USA,universities_and_degree_granting_institutions,Tougaloo College,Tougaloo · MS,tougaloo.edu,https://tougaloo.edu,True,logos/usa_2241_tougaloo_college.png,USA_Universities_Directory.pdf,282
usa-universities_and_degree_granting_institutions-2242,2242,USA,universities_and_degree_granting_institutions,Touro University,New York · NY,touro.edu,https://touro.edu,True,logos/usa_2242_touro_university.png,USA_Universities_Directory.pdf,282
usa-universities_and_degree_granting_institutions-2243,2243,USA,universities_and_degree_granting_institutions,Touro University California,Vallejo · CA,tu.edu,https://tu.edu,True,logos/usa_2243_touro_university_california.png,USA_Universities_Directory.pdf,282
usa-universities_and_degree_granting_institutions-2244,2244,USA,universities_and_degree_granting_institutions,Touro University Nevada,Henderson · NV,tun.touro.edu,https://tun.touro.edu,True,logos/usa_2244_touro_university_nevada.png,USA_Universities_Directory.pdf,282
usa-universities_and_degree_granting_institutions-2245,2245,USA,universities_and_degree_granting_institutions,Touro University Worldwide,Los Alamitos · CA,tuw.edu,https://tuw.edu,True,logos/usa_2245_touro_university_worldwide.png,USA_Universities_Directory.pdf,282
usa-universities_and_degree_granting_institutions-2246,2246,USA,universities_and_degree_granting_institutions,Towson University,Towson · MD,towson.edu,https://towson.edu,True,logos/usa_2246_towson_university.png,USA_Universities_Directory.pdf,282
usa-universities_and_degree_granting_institutions-2247,2247,USA,universities_and_degree_granting_institutions,Toyota Technological Institute at Chicago,Chicago · IL,ttic.edu,https://ttic.edu,True,logos/usa_2247_toyota_technological_institute_at_chicago.png,USA_Universities_Directory.pdf,282
usa-universities_and_degree_granting_institutions-2248,2248,USA,universities_and_degree_granting_institutions,Transylvania University,Lexington · KY,transy.edu,https://transy.edu,True,logos/usa_2248_transylvania_university.png,USA_Universities_Directory.pdf,282
usa-universities_and_degree_granting_institutions-2249,2249,USA,universities_and_degree_granting_institutions,Trevecca Nazarene University,Nashville · TN,trevecca.edu,https://trevecca.edu,True,logos/usa_2249_trevecca_nazarene_university.png,USA_Universities_Directory.pdf,283
usa-universities_and_degree_granting_institutions-2250,2250,USA,universities_and_degree_granting_institutions,Tri-State Bible College,South Point · OH,tsbc.edu,https://tsbc.edu,True,logos/usa_2250_tri_state_bible_college.png,USA_Universities_Directory.pdf,283
usa-universities_and_degree_granting_institutions-2251,2251,USA,universities_and_degree_granting_institutions,Trine University,Angola · IN,trine.edu,https://trine.edu,False,,USA_Universities_Directory.pdf,283
usa-universities_and_degree_granting_institutions-2252,2252,USA,universities_and_degree_granting_institutions,Trine University-Regional/N on-Traditional Campuses,Angola · IN,trine.edu,https://trine.edu,False,,USA_Universities_Directory.pdf,283
usa-universities_and_degree_granting_institutions-2253,2253,USA,universities_and_degree_granting_institutions,Trinidad State College,Trinidad · CO,trinidadstate.edu,https://trinidadstate.edu,True,logos/usa_2253_trinidad_state_college.png,USA_Universities_Directory.pdf,283
usa-universities_and_degree_granting_institutions-2254,2254,USA,universities_and_degree_granting_institutions,Trinity Anglican Seminary,Ambridge · PA,tas.edu,https://tas.edu,True,logos/usa_2254_trinity_anglican_seminary.png,USA_Universities_Directory.pdf,283
usa-universities_and_degree_granting_institutions-2255,2255,USA,universities_and_degree_granting_institutions,Trinity Baptist College,Jacksonville · FL,tbc.edu,https://tbc.edu,True,logos/usa_2255_trinity_baptist_college.png,USA_Universities_Directory.pdf,283
usa-universities_and_degree_granting_institutions-2256,2256,USA,universities_and_degree_granting_institutions,Trinity Bible College and Graduate School,Ellendale,trinitybiblecollege.edu,https://trinitybiblecollege.edu,True,logos/usa_2256_trinity_bible_college_and_graduate_school.png,USA_Universities_Directory.pdf,283
usa-universities_and_degree_granting_institutions-2257,2257,USA,universities_and_degree_granting_institutions,Trinity Christian College,Palos Heights · IL,trnty.edu,https://trnty.edu,False,,USA_Universities_Directory.pdf,284
usa-universities_and_degree_granting_institutions-2258,2258,USA,universities_and_degree_granting_institutions,Trinity College,Hartford · CT,trincoll.edu,https://trincoll.edu,True,logos/usa_2258_trinity_college.png,USA_Universities_Directory.pdf,284
usa-universities_and_degree_granting_institutions-2259,2259,USA,universities_and_degree_granting_institutions,Trinity College of Florida,Trinity · FL,trinitycollege.edu,https://trinitycollege.edu,True,logos/usa_2259_trinity_college_of_florida.png,USA_Universities_Directory.pdf,284
usa-universities_and_degree_granting_institutions-2260,2260,USA,universities_and_degree_granting_institutions,Trinity College of Nursing & Health Sciences,Rock Island · IL,trinitycollegeqc.edu,https://trinitycollegeqc.edu,True,logos/usa_2260_trinity_college_of_nursing_health_sciences.png,USA_Universities_Directory.pdf,284
usa-universities_and_degree_granting_institutions-2261,2261,USA,universities_and_degree_granting_institutions,Trinity International University-Illinois,Deerfield · IL,tiu.edu,https://tiu.edu,True,logos/usa_2261_trinity_international_university_illinois.png,USA_Universities_Directory.pdf,284
usa-universities_and_degree_granting_institutions-2262,2262,USA,universities_and_degree_granting_institutions,Trinity Law School,Santa Ana · CA,tiu.edu,https://tiu.edu,True,logos/usa_2262_trinity_law_school.png,USA_Universities_Directory.pdf,284
usa-universities_and_degree_granting_institutions-2263,2263,USA,universities_and_degree_granting_institutions,Trinity University,San Antonio · TX,trinity.edu,https://trinity.edu,True,logos/usa_2263_trinity_university.png,USA_Universities_Directory.pdf,284
usa-universities_and_degree_granting_institutions-2264,2264,USA,universities_and_degree_granting_institutions,Trinity Valley Community College,Athens · TX,tvcc.edu,https://tvcc.edu,True,logos/usa_2264_trinity_valley_community_college.png,USA_Universities_Directory.pdf,284
usa-universities_and_degree_granting_institutions-2265,2265,USA,universities_and_degree_granting_institutions,Trinity Washington University,Washington · DC,trinitydc.edu,https://trinitydc.edu,True,logos/usa_2265_trinity_washington_university.png,USA_Universities_Directory.pdf,285
usa-universities_and_degree_granting_institutions-2266,2266,USA,universities_and_degree_granting_institutions,Trocaire College,Buffalo · NY,trocaire.edu,https://trocaire.edu,True,logos/usa_2266_trocaire_college.png,USA_Universities_Directory.pdf,285
usa-universities_and_degree_granting_institutions-2267,2267,USA,universities_and_degree_granting_institutions,Troy University,Troy · AL,troy.edu,https://troy.edu,True,logos/usa_2267_troy_university.png,USA_Universities_Directory.pdf,285
usa-universities_and_degree_granting_institutions-2268,2268,USA,universities_and_degree_granting_institutions,Truckee Meadows Community College,Reno · NV,tmcc.edu,https://tmcc.edu,True,logos/usa_2268_truckee_meadows_community_college.png,USA_Universities_Directory.pdf,285
usa-universities_and_degree_granting_institutions-2269,2269,USA,universities_and_degree_granting_institutions,Truett McConnell University,Cleveland · GA,tmu.edu,https://tmu.edu,True,logos/usa_2269_truett_mcconnell_university.png,USA_Universities_Directory.pdf,285
usa-universities_and_degree_granting_institutions-2270,2270,USA,universities_and_degree_granting_institutions,Truman State University,Kirksville · MO,truman.edu,https://truman.edu,False,,USA_Universities_Directory.pdf,285
usa-universities_and_degree_granting_institutions-2271,2271,USA,universities_and_degree_granting_institutions,Tufts University,Medford · MA,tufts.edu,https://tufts.edu,True,logos/usa_2271_tufts_university.png,USA_Universities_Directory.pdf,285
usa-universities_and_degree_granting_institutions-2272,2272,USA,universities_and_degree_granting_institutions,Tulane University of Louisiana,New Orleans · LA,tulane.edu,https://tulane.edu,True,logos/usa_2272_tulane_university_of_louisiana.png,USA_Universities_Directory.pdf,285
usa-universities_and_degree_granting_institutions-2273,2273,USA,universities_and_degree_granting_institutions,Turtle Mountain Community College,Belcourt · ND,tm.edu,https://tm.edu,True,logos/usa_2273_turtle_mountain_community_college.png,USA_Universities_Directory.pdf,286
usa-universities_and_degree_granting_institutions-2274,2274,USA,universities_and_degree_granting_institutions,Tusculum University,Greeneville · TN,tusculum.edu,https://tusculum.edu,True,logos/usa_2274_tusculum_university.png,USA_Universities_Directory.pdf,286
usa-universities_and_degree_granting_institutions-2275,2275,USA,universities_and_degree_granting_institutions,Tuskegee University,Tuskegee · AL,tuskegee.edu,https://tuskegee.edu,True,logos/usa_2275_tuskegee_university.png,USA_Universities_Directory.pdf,286
usa-universities_and_degree_granting_institutions-2276,2276,USA,universities_and_degree_granting_institutions,Tyler Junior College,Tyler · TX,tjc.edu,https://tjc.edu,True,logos/usa_2276_tyler_junior_college.png,USA_Universities_Directory.pdf,286
usa-universities_and_degree_granting_institutions-2277,2277,USA,universities_and_degree_granting_institutions,Union Adventist University,Lincoln · NE,uau.edu,https://uau.edu,True,logos/usa_2277_union_adventist_university.png,USA_Universities_Directory.pdf,286
usa-universities_and_degree_granting_institutions-2278,2278,USA,universities_and_degree_granting_institutions,Union Bible College,Westfield · IN,ubca.org,https://ubca.org,False,,USA_Universities_Directory.pdf,286
usa-universities_and_degree_granting_institutions-2279,2279,USA,universities_and_degree_granting_institutions,Union College,Schenectady · NY,union.edu,https://union.edu,True,logos/usa_2279_union_college.png,USA_Universities_Directory.pdf,286
usa-universities_and_degree_granting_institutions-2280,2280,USA,universities_and_degree_granting_institutions,Union Commonwealth University,Barbourville · KY,unionky.edu,https://unionky.edu,True,logos/usa_2280_union_commonwealth_university.png,USA_Universities_Directory.pdf,286
usa-universities_and_degree_granting_institutions-2281,2281,USA,universities_and_degree_granting_institutions,Union Presbyterian Seminary,Richmond · VA,upsem.edu,https://upsem.edu,True,logos/usa_2281_union_presbyterian_seminary.png,USA_Universities_Directory.pdf,287
usa-universities_and_degree_granting_institutions-2282,2282,USA,universities_and_degree_granting_institutions,Union Theological Seminary in the City of New York,New York · NY,utsnyc.edu,https://utsnyc.edu,True,logos/usa_2282_union_theological_seminary_in_the_city_of_new_york.png,USA_Universities_Directory.pdf,287
usa-universities_and_degree_granting_institutions-2283,2283,USA,universities_and_degree_granting_institutions,Union University,Jackson · TN,uu.edu,https://uu.edu,True,logos/usa_2283_union_university.png,USA_Universities_Directory.pdf,287
usa-universities_and_degree_granting_institutions-2284,2284,USA,universities_and_degree_granting_institutions,United International College,Dania Beach · FL,uinternational.edu,https://uinternational.edu,True,logos/usa_2284_united_international_college.png,USA_Universities_Directory.pdf,287
usa-universities_and_degree_granting_institutions-2285,2285,USA,universities_and_degree_granting_institutions,United Lutheran Seminary,Gettysburg · PA,unitedlutheranseminary.edu,https://unitedlutheranseminary.edu,True,logos/usa_2285_united_lutheran_seminary.png,USA_Universities_Directory.pdf,287
usa-universities_and_degree_granting_institutions-2286,2286,USA,universities_and_degree_granting_institutions,United States Air Force Academy,USAF Academy · CO,usafa.af.mil,https://usafa.af.mil,True,logos/usa_2286_united_states_air_force_academy.png,USA_Universities_Directory.pdf,287
usa-universities_and_degree_granting_institutions-2287,2287,USA,universities_and_degree_granting_institutions,United States Coast Guard Academy,New London · CT,uscga.edu,https://uscga.edu,True,logos/usa_2287_united_states_coast_guard_academy.png,USA_Universities_Directory.pdf,287
usa-universities_and_degree_granting_institutions-2288,2288,USA,universities_and_degree_granting_institutions,United States Merchant Marine Academy,Kings Point · NY,usmma.edu,https://usmma.edu,False,,USA_Universities_Directory.pdf,287
usa-universities_and_degree_granting_institutions-2289,2289,USA,universities_and_degree_granting_institutions,United States Military Academy,West Point · NY,westpoint.edu,https://westpoint.edu,True,logos/usa_2289_united_states_military_academy.png,USA_Universities_Directory.pdf,288
usa-universities_and_degree_granting_institutions-2290,2290,USA,universities_and_degree_granting_institutions,United States Naval Academy,Annapolis · MD,usna.edu,https://usna.edu,True,logos/usa_2290_united_states_naval_academy.png,USA_Universities_Directory.pdf,288
usa-universities_and_degree_granting_institutions-2291,2291,USA,universities_and_degree_granting_institutions,United States Sports University,Daphne · AL,ussu.edu,https://ussu.edu,True,logos/usa_2291_united_states_sports_university.png,USA_Universities_Directory.pdf,288
usa-universities_and_degree_granting_institutions-2292,2292,USA,universities_and_degree_granting_institutions,United States University,San Diego · CA,usuniversity.edu,https://usuniversity.edu,True,logos/usa_2292_united_states_university.png,USA_Universities_Directory.pdf,288
usa-universities_and_degree_granting_institutions-2293,2293,USA,universities_and_degree_granting_institutions,United Talmudical Seminary,Brooklyn · NY,utsny.edu,https://utsny.edu,False,,USA_Universities_Directory.pdf,288
usa-universities_and_degree_granting_institutions-2294,2294,USA,universities_and_degree_granting_institutions,United Theological Seminary,Dayton · OH,united.edu,https://united.edu,True,logos/usa_2294_united_theological_seminary.png,USA_Universities_Directory.pdf,288
usa-universities_and_degree_granting_institutions-2295,2295,USA,universities_and_degree_granting_institutions,United Theological Seminary of the Twin Cities,St. Paul · MN,unitedseminary.edu,https://unitedseminary.edu,True,logos/usa_2295_united_theological_seminary_of_the_twin_cities.png,USA_Universities_Directory.pdf,288
usa-universities_and_degree_granting_institutions-2296,2296,USA,universities_and_degree_granting_institutions,United Tribes Technical College,Bismarck · ND,uttc.edu,https://uttc.edu,True,logos/usa_2296_united_tribes_technical_college.png,USA_Universities_Directory.pdf,288
usa-universities_and_degree_granting_institutions-2297,2297,USA,universities_and_degree_granting_institutions,Unitek College,Fremont · CA,unitekcollege.edu,https://unitekcollege.edu,True,logos/usa_2297_unitek_college.png,USA_Universities_Directory.pdf,289
usa-universities_and_degree_granting_institutions-2298,2298,USA,universities_and_degree_granting_institutions,Unity Environmental University,New Gloucester · ME,unity.edu,https://unity.edu,True,logos/usa_2298_unity_environmental_university.png,USA_Universities_Directory.pdf,289
usa-universities_and_degree_granting_institutions-2299,2299,USA,universities_and_degree_granting_institutions,Universal Technology College of Puerto Rico,Aguadilla · PR,unitecpr.edu,https://unitecpr.edu,True,logos/usa_2299_universal_technology_college_of_puerto_rico.png,USA_Universities_Directory.pdf,289
usa-universities_and_degree_granting_institutions-2300,2300,USA,universities_and_degree_granting_institutions,Universidad Adventista de las Antillas,Mayaguez · PR,uaa.edu,https://uaa.edu,True,logos/usa_2300_universidad_adventista_de_las_antillas.png,USA_Universities_Directory.pdf,289
usa-universities_and_degree_granting_institutions-2301,2301,USA,universities_and_degree_granting_institutions,Universidad Ana G. Mendez-Carolina Campus,Carolina · PR,uagm.edu,https://uagm.edu,True,logos/usa_2301_universidad_ana_g_mendez_carolina_campus.png,USA_Universities_Directory.pdf,289
usa-universities_and_degree_granting_institutions-2302,2302,USA,universities_and_degree_granting_institutions,Universidad Ana G. Mendez-Cupey Campus,San Juan · PR,uagm.edu,https://uagm.edu,True,logos/usa_2302_universidad_ana_g_mendez_cupey_campus.png,USA_Universities_Directory.pdf,289
usa-universities_and_degree_granting_institutions-2303,2303,USA,universities_and_degree_granting_institutions,Universidad Ana G. Mendez-Gurabo Campus,Gurabo · PR,uagm.edu,https://uagm.edu,True,logos/usa_2303_universidad_ana_g_mendez_gurabo_campus.png,USA_Universities_Directory.pdf,289
usa-universities_and_degree_granting_institutions-2304,2304,USA,universities_and_degree_granting_institutions,Universidad Central de Bayamon,Bayamón · PR,ucb.edu.pr,https://ucb.edu.pr,True,logos/usa_2304_universidad_central_de_bayamon.png,USA_Universities_Directory.pdf,289
usa-universities_and_degree_granting_institutions-2305,2305,USA,universities_and_degree_granting_institutions,Universidad Central Del Caribe,Bayamon · PR,uccaribe.edu,https://uccaribe.edu,True,logos/usa_2305_universidad_central_del_caribe.png,USA_Universities_Directory.pdf,290
usa-universities_and_degree_granting_institutions-2306,2306,USA,universities_and_degree_granting_institutions,Universidad del Sagrado Corazon,Santurce · PR,sagrado.edu,https://sagrado.edu,True,logos/usa_2306_universidad_del_sagrado_corazon.png,USA_Universities_Directory.pdf,290
usa-universities_and_degree_granting_institutions-2307,2307,USA,universities_and_degree_granting_institutions,Universidad Pentecostal Mizpa,Rio Piedras · PR,mizpa.edu,https://mizpa.edu,True,logos/usa_2307_universidad_pentecostal_mizpa.png,USA_Universities_Directory.pdf,290
usa-universities_and_degree_granting_institutions-2308,2308,USA,universities_and_degree_granting_institutions,Universidad Politecnica de Puerto Rico,Hato Rey · PR,pupr.edu,https://pupr.edu,True,logos/usa_2308_universidad_politecnica_de_puerto_rico.png,USA_Universities_Directory.pdf,290
usa-universities_and_degree_granting_institutions-2309,2309,USA,universities_and_degree_granting_institutions,Universidad Teologica del Caribe,Trujillo Alto · PR,utcpr.edu,https://utcpr.edu,False,,USA_Universities_Directory.pdf,290
usa-universities_and_degree_granting_institutions-2310,2310,USA,universities_and_degree_granting_institutions,University at Albany,Albany,albany.edu,https://albany.edu,True,logos/usa_2310_university_at_albany.png,USA_Universities_Directory.pdf,290
usa-universities_and_degree_granting_institutions-2311,2311,USA,universities_and_degree_granting_institutions,University at Buffalo,Buffalo · NY,buffalo.edu,https://buffalo.edu,True,logos/usa_2311_university_at_buffalo.png,USA_Universities_Directory.pdf,290
usa-universities_and_degree_granting_institutions-2312,2312,USA,universities_and_degree_granting_institutions,University of Advancing Technology,Tempe · AZ,uat.edu,https://uat.edu,True,logos/usa_2312_university_of_advancing_technology.png,USA_Universities_Directory.pdf,290
usa-universities_and_degree_granting_institutions-2313,2313,USA,universities_and_degree_granting_institutions,University of Akron Main Campus,Akron · OH,uakron.edu,https://uakron.edu,True,logos/usa_2313_university_of_akron_main_campus.png,USA_Universities_Directory.pdf,291
usa-universities_and_degree_granting_institutions-2314,2314,USA,universities_and_degree_granting_institutions,University of Akron Wayne College,Orrville · OH,wayne.uakron.edu,https://wayne.uakron.edu,True,logos/usa_2314_university_of_akron_wayne_college.png,USA_Universities_Directory.pdf,291
usa-universities_and_degree_granting_institutions-2315,2315,USA,universities_and_degree_granting_institutions,University of Alabama at Birmingham,Birmingham · AL,uab.edu,https://uab.edu,True,logos/usa_2315_university_of_alabama_at_birmingham.png,USA_Universities_Directory.pdf,291
usa-universities_and_degree_granting_institutions-2316,2316,USA,universities_and_degree_granting_institutions,University of Alabama in Huntsville,Huntsville · AL,uah.edu,https://uah.edu,True,logos/usa_2316_university_of_alabama_in_huntsville.png,USA_Universities_Directory.pdf,291
usa-universities_and_degree_granting_institutions-2317,2317,USA,universities_and_degree_granting_institutions,University of Alabama System Office,Tuscaloosa,uasystem.edu,https://uasystem.edu,True,logos/usa_2317_university_of_alabama_system_office.png,USA_Universities_Directory.pdf,291
usa-universities_and_degree_granting_institutions-2318,2318,USA,universities_and_degree_granting_institutions,University of Alaska Anchorage,Anchorage · AK,uaa.alaska.edu,https://uaa.alaska.edu,True,logos/usa_2318_university_of_alaska_anchorage.png,USA_Universities_Directory.pdf,291
usa-universities_and_degree_granting_institutions-2319,2319,USA,universities_and_degree_granting_institutions,University of Alaska Fairbanks,Fairbanks · AK,uaf.edu,https://uaf.edu,True,logos/usa_2319_university_of_alaska_fairbanks.png,USA_Universities_Directory.pdf,291
usa-universities_and_degree_granting_institutions-2320,2320,USA,universities_and_degree_granting_institutions,University of Alaska Southeast,Juneau · AK,uas.alaska.edu,https://uas.alaska.edu,True,logos/usa_2320_university_of_alaska_southeast.png,USA_Universities_Directory.pdf,291
usa-universities_and_degree_granting_institutions-2321,2321,USA,universities_and_degree_granting_institutions,University of Alaska System of Higher Education,Fairbanks · AK,alaska.edu,https://alaska.edu,True,logos/usa_2321_university_of_alaska_system_of_higher_education.png,USA_Universities_Directory.pdf,292
usa-universities_and_degree_granting_institutions-2322,2322,USA,universities_and_degree_granting_institutions,University of Arizona,Tucson · AZ,arizona.edu,https://arizona.edu,True,logos/usa_2322_university_of_arizona.png,USA_Universities_Directory.pdf,292
usa-universities_and_degree_granting_institutions-2323,2323,USA,universities_and_degree_granting_institutions,University of Arkansas,Fayetteville · AR,uark.edu,https://uark.edu,True,logos/usa_2323_university_of_arkansas.png,USA_Universities_Directory.pdf,292
usa-universities_and_degree_granting_institutions-2324,2324,USA,universities_and_degree_granting_institutions,University of Arkansas at Little Rock,Little Rock · AR,ualr.edu,https://ualr.edu,True,logos/usa_2324_university_of_arkansas_at_little_rock.png,USA_Universities_Directory.pdf,292
usa-universities_and_degree_granting_institutions-2325,2325,USA,universities_and_degree_granting_institutions,University of Arkansas at Monticello,Monticello · AR,uamont.edu,https://uamont.edu,True,logos/usa_2325_university_of_arkansas_at_monticello.png,USA_Universities_Directory.pdf,292
usa-universities_and_degree_granting_institutions-2326,2326,USA,universities_and_degree_granting_institutions,University of Arkansas at Pine Bluff,Pine Bluff · AR,uapb.edu,https://uapb.edu,True,logos/usa_2326_university_of_arkansas_at_pine_bluff.png,USA_Universities_Directory.pdf,292
usa-universities_and_degree_granting_institutions-2327,2327,USA,universities_and_degree_granting_institutions,University of Arkansas for Medical Sciences,Little Rock · AR,uams.edu,https://uams.edu,True,logos/usa_2327_university_of_arkansas_for_medical_sciences.png,USA_Universities_Directory.pdf,292
usa-universities_and_degree_granting_institutions-2328,2328,USA,universities_and_degree_granting_institutions,University of Arkansas Grantham,LIttle Rock · AR,uagrantham.edu,https://uagrantham.edu,True,logos/usa_2328_university_of_arkansas_grantham.png,USA_Universities_Directory.pdf,292
usa-universities_and_degree_granting_institutions-2329,2329,USA,universities_and_degree_granting_institutions,University of Arkansas System Office,Little Rock · AR,uasys.edu,https://uasys.edu,True,logos/usa_2329_university_of_arkansas_system_office.png,USA_Universities_Directory.pdf,293
usa-universities_and_degree_granting_institutions-2330,2330,USA,universities_and_degree_granting_institutions,University of Arkansas-Fort Smith,Fort Smith · AR,uafs.edu,https://uafs.edu,True,logos/usa_2330_university_of_arkansas_fort_smith.png,USA_Universities_Directory.pdf,293
usa-universities_and_degree_granting_institutions-2331,2331,USA,universities_and_degree_granting_institutions,University of Baltimore,Baltimore · MD,ubalt.edu,https://ubalt.edu,False,,USA_Universities_Directory.pdf,293
usa-universities_and_degree_granting_institutions-2332,2332,USA,universities_and_degree_granting_institutions,University of Bridgeport,Bridgeport · CT,bridgeport.edu,https://bridgeport.edu,True,logos/usa_2332_university_of_bridgeport.png,USA_Universities_Directory.pdf,293
usa-universities_and_degree_granting_institutions-2333,2333,USA,universities_and_degree_granting_institutions,University of California College of the Law-San Francisco,San Francisco · CA,uclawsf.edu,https://uclawsf.edu,True,logos/usa_2333_university_of_california_college_of_the_law_san_francisco.png,USA_Universities_Directory.pdf,293
usa-universities_and_degree_granting_institutions-2334,2334,USA,universities_and_degree_granting_institutions,University of California-Berkeley,Berkeley · CA,berkeley.edu,https://berkeley.edu,False,,USA_Universities_Directory.pdf,293
usa-universities_and_degree_granting_institutions-2335,2335,USA,universities_and_degree_granting_institutions,University of California-Davis,Davis · CA,ucdavis.edu,https://ucdavis.edu,False,,USA_Universities_Directory.pdf,293
usa-universities_and_degree_granting_institutions-2336,2336,USA,universities_and_degree_granting_institutions,University of California-Irvine,Irvine · CA,uci.edu,https://uci.edu,False,,USA_Universities_Directory.pdf,293
usa-universities_and_degree_granting_institutions-2337,2337,USA,universities_and_degree_granting_institutions,University of California-Los Angeles,Los Angeles · CA,ucla.edu,https://ucla.edu,False,,USA_Universities_Directory.pdf,294
usa-universities_and_degree_granting_institutions-2338,2338,USA,universities_and_degree_granting_institutions,University of California-Merced,Merced · CA,ucmerced.edu,https://ucmerced.edu,True,logos/usa_2338_university_of_california_merced.png,USA_Universities_Directory.pdf,294
usa-universities_and_degree_granting_institutions-2339,2339,USA,universities_and_degree_granting_institutions,University of California-Riverside,Riverside · CA,ucr.edu,https://ucr.edu,False,,USA_Universities_Directory.pdf,294
usa-universities_and_degree_granting_institutions-2340,2340,USA,universities_and_degree_granting_institutions,University of California-San Diego,La Jolla · CA,ucsd.edu,https://ucsd.edu,False,,USA_Universities_Directory.pdf,294
usa-universities_and_degree_granting_institutions-2341,2341,USA,universities_and_degree_granting_institutions,University of California-San Francisco,San Francisco · CA,ucsf.edu,https://ucsf.edu,False,,USA_Universities_Directory.pdf,294
usa-universities_and_degree_granting_institutions-2342,2342,USA,universities_and_degree_granting_institutions,University of California-Santa Barbara,Santa Barbara · CA,ucsb.edu,https://ucsb.edu,False,,USA_Universities_Directory.pdf,294
usa-universities_and_degree_granting_institutions-2343,2343,USA,universities_and_degree_granting_institutions,University of California-Santa Cruz,Santa Cruz · CA,ucsc.edu,https://ucsc.edu,False,,USA_Universities_Directory.pdf,294
usa-universities_and_degree_granting_institutions-2344,2344,USA,universities_and_degree_granting_institutions,University of California-System Administration Central Office,Oakland · CA,ucop.edu,https://ucop.edu,True,logos/usa_2344_university_of_california_system_administration_central_office.png,USA_Universities_Directory.pdf,294
usa-universities_and_degree_granting_institutions-2345,2345,USA,universities_and_degree_granting_institutions,University of Central Arkansas,Conway · AR,uca.edu,https://uca.edu,True,logos/usa_2345_university_of_central_arkansas.png,USA_Universities_Directory.pdf,295
usa-universities_and_degree_granting_institutions-2346,2346,USA,universities_and_degree_granting_institutions,University of Central Florida,Orlando · FL,ucf.edu,https://ucf.edu,True,logos/usa_2346_university_of_central_florida.png,USA_Universities_Directory.pdf,295
usa-universities_and_degree_granting_institutions-2347,2347,USA,universities_and_degree_granting_institutions,University of Central Missouri,Warrensburg · MO,ucmo.edu,https://ucmo.edu,True,logos/usa_2347_university_of_central_missouri.png,USA_Universities_Directory.pdf,295
usa-universities_and_degree_granting_institutions-2348,2348,USA,universities_and_degree_granting_institutions,University of Central Oklahoma,Edmond · OK,uco.edu,https://uco.edu,True,logos/usa_2348_university_of_central_oklahoma.png,USA_Universities_Directory.pdf,295
usa-universities_and_degree_granting_institutions-2349,2349,USA,universities_and_degree_granting_institutions,University of Charleston,Charleston · WV,ucwv.edu,https://ucwv.edu,True,logos/usa_2349_university_of_charleston.png,USA_Universities_Directory.pdf,295
usa-universities_and_degree_granting_institutions-2350,2350,USA,universities_and_degree_granting_institutions,University of Chicago,Chicago · IL,uchicago.edu,https://uchicago.edu,True,logos/usa_2350_university_of_chicago.png,USA_Universities_Directory.pdf,295
usa-universities_and_degree_granting_institutions-2351,2351,USA,universities_and_degree_granting_institutions,University of Cincinnati-Blue Ash College,Blue Ash · OH,ucblueash.edu,https://ucblueash.edu,True,logos/usa_2351_university_of_cincinnati_blue_ash_college.png,USA_Universities_Directory.pdf,295
usa-universities_and_degree_granting_institutions-2352,2352,USA,universities_and_degree_granting_institutions,University of Cincinnati-Clermont College,Batavia · OH,ucclermont.edu,https://ucclermont.edu,True,logos/usa_2352_university_of_cincinnati_clermont_college.png,USA_Universities_Directory.pdf,295
usa-universities_and_degree_granting_institutions-2353,2353,USA,universities_and_degree_granting_institutions,University of Cincinnati-Main Campus,Cincinnati · OH,uc.edu,https://uc.edu,True,logos/usa_2353_university_of_cincinnati_main_campus.png,USA_Universities_Directory.pdf,296
usa-universities_and_degree_granting_institutions-2354,2354,USA,universities_and_degree_granting_institutions,University of Colorado Boulder,Boulder · CO,colorado.edu,https://colorado.edu,True,logos/usa_2354_university_of_colorado_boulder.png,USA_Universities_Directory.pdf,296
usa-universities_and_degree_granting_institutions-2355,2355,USA,universities_and_degree_granting_institutions,University of Colorado Colorado Springs,Colorado Springs,uccs.edu,https://uccs.edu,True,logos/usa_2355_university_of_colorado_colorado_springs.png,USA_Universities_Directory.pdf,296
usa-universities_and_degree_granting_institutions-2356,2356,USA,universities_and_degree_granting_institutions,University of Colorado Denver/Anschutz Medical Campus,Denver · CO,ucdenver.edu,https://ucdenver.edu,True,logos/usa_2356_university_of_colorado_denver_anschutz_medical_campus.png,USA_Universities_Directory.pdf,296
usa-universities_and_degree_granting_institutions-2357,2357,USA,universities_and_degree_granting_institutions,University of Colorado System Office,Denver · CO,cu.edu,https://cu.edu,True,logos/usa_2357_university_of_colorado_system_office.png,USA_Universities_Directory.pdf,296
usa-universities_and_degree_granting_institutions-2358,2358,USA,universities_and_degree_granting_institutions,University of Connecticut,Storrs · CT,uconn.edu,https://uconn.edu,True,logos/usa_2358_university_of_connecticut.png,USA_Universities_Directory.pdf,296
usa-universities_and_degree_granting_institutions-2359,2359,USA,universities_and_degree_granting_institutions,University of Connecticut-Avery Point,Groton · CT,averypoint.uconn.edu,https://averypoint.uconn.edu,True,logos/usa_2359_university_of_connecticut_avery_point.png,USA_Universities_Directory.pdf,296
usa-universities_and_degree_granting_institutions-2360,2360,USA,universities_and_degree_granting_institutions,University of Connecticut-Hartford Campus,Hartford · CT,hartford.uconn.edu,https://hartford.uconn.edu,True,logos/usa_2360_university_of_connecticut_hartford_campus.png,USA_Universities_Directory.pdf,296
usa-universities_and_degree_granting_institutions-2361,2361,USA,universities_and_degree_granting_institutions,University of Connecticut-Stamford,Stamford · CT,stamford.uconn.edu,https://stamford.uconn.edu,True,logos/usa_2361_university_of_connecticut_stamford.png,USA_Universities_Directory.pdf,297
usa-universities_and_degree_granting_institutions-2362,2362,USA,universities_and_degree_granting_institutions,University of Connecticut-Waterbury Campus,Waterbury · CT,waterbury.uconn.edu,https://waterbury.uconn.edu,True,logos/usa_2362_university_of_connecticut_waterbury_campus.png,USA_Universities_Directory.pdf,297
usa-universities_and_degree_granting_institutions-2363,2363,USA,universities_and_degree_granting_institutions,University of Dallas,Irving · TX,udallas.edu,https://udallas.edu,True,logos/usa_2363_university_of_dallas.png,USA_Universities_Directory.pdf,297
usa-universities_and_degree_granting_institutions-2364,2364,USA,universities_and_degree_granting_institutions,University of Dayton,Dayton · OH,udayton.edu,https://udayton.edu,True,logos/usa_2364_university_of_dayton.png,USA_Universities_Directory.pdf,297
usa-universities_and_degree_granting_institutions-2365,2365,USA,universities_and_degree_granting_institutions,University of Delaware,Newark · DE,udel.edu,https://udel.edu,True,logos/usa_2365_university_of_delaware.png,USA_Universities_Directory.pdf,297
usa-universities_and_degree_granting_institutions-2366,2366,USA,universities_and_degree_granting_institutions,University of Denver,Denver · CO,du.edu,https://du.edu,True,logos/usa_2366_university_of_denver.png,USA_Universities_Directory.pdf,297
usa-universities_and_degree_granting_institutions-2367,2367,USA,universities_and_degree_granting_institutions,University of Detroit Mercy,Detroit · MI,udmercy.edu,https://udmercy.edu,True,logos/usa_2367_university_of_detroit_mercy.png,USA_Universities_Directory.pdf,297
usa-universities_and_degree_granting_institutions-2368,2368,USA,universities_and_degree_granting_institutions,University of Dubuque,Dubuque · IA,dbq.edu,https://dbq.edu,True,logos/usa_2368_university_of_dubuque.png,USA_Universities_Directory.pdf,297
usa-universities_and_degree_granting_institutions-2369,2369,USA,universities_and_degree_granting_institutions,University of East-West Medicine,Sunnyvale · CA,uewm.edu,https://uewm.edu,True,logos/usa_2369_university_of_east_west_medicine.png,USA_Universities_Directory.pdf,298
usa-universities_and_degree_granting_institutions-2370,2370,USA,universities_and_degree_granting_institutions,University of Evansville,Evansville · IN,evansville.edu,https://evansville.edu,False,,USA_Universities_Directory.pdf,298
usa-universities_and_degree_granting_institutions-2371,2371,USA,universities_and_degree_granting_institutions,University of Florida,Gainesville · FL,ufl.edu,https://ufl.edu,True,logos/usa_2371_university_of_florida.png,USA_Universities_Directory.pdf,298
usa-universities_and_degree_granting_institutions-2372,2372,USA,universities_and_degree_granting_institutions,University of Florida-Online,Gainesville · FL,ufonline.ufl.edu,https://ufonline.ufl.edu,True,logos/usa_2372_university_of_florida_online.png,USA_Universities_Directory.pdf,298
usa-universities_and_degree_granting_institutions-2373,2373,USA,universities_and_degree_granting_institutions,University of Fort Lauderdale,Lauderhill · FL,uftl.edu,https://uftl.edu,True,logos/usa_2373_university_of_fort_lauderdale.png,USA_Universities_Directory.pdf,298
usa-universities_and_degree_granting_institutions-2374,2374,USA,universities_and_degree_granting_institutions,University of Georgia,Athens · GA,uga.edu,https://uga.edu,False,,USA_Universities_Directory.pdf,298
usa-universities_and_degree_granting_institutions-2375,2375,USA,universities_and_degree_granting_institutions,University of Guam,Mangilao · GU,uog.edu,https://uog.edu,True,logos/usa_2375_university_of_guam.png,USA_Universities_Directory.pdf,298
usa-universities_and_degree_granting_institutions-2376,2376,USA,universities_and_degree_granting_institutions,University of Hartford,West Hartford · CT,hartford.edu,https://hartford.edu,True,logos/usa_2376_university_of_hartford.png,USA_Universities_Directory.pdf,298
usa-universities_and_degree_granting_institutions-2377,2377,USA,universities_and_degree_granting_institutions,University of Hawaii at Hilo,Hilo,hilo.hawaii.edu,https://hilo.hawaii.edu,True,logos/usa_2377_university_of_hawaii_at_hilo.png,USA_Universities_Directory.pdf,299
usa-universities_and_degree_granting_institutions-2378,2378,USA,universities_and_degree_granting_institutions,University of Hawaii at Manoa,Honolulu · HI,manoa.hawaii.edu,https://manoa.hawaii.edu,True,logos/usa_2378_university_of_hawaii_at_manoa.png,USA_Universities_Directory.pdf,299
usa-universities_and_degree_granting_institutions-2379,2379,USA,universities_and_degree_granting_institutions,University of Hawaii Maui College,Kahului · HI,maui.hawaii.edu,https://maui.hawaii.edu,True,logos/usa_2379_university_of_hawaii_maui_college.png,USA_Universities_Directory.pdf,299
usa-universities_and_degree_granting_institutions-2380,2380,USA,universities_and_degree_granting_institutions,University of Hawaii System Office,Honolulu · HI,hawaii.edu,https://hawaii.edu,True,logos/usa_2380_university_of_hawaii_system_office.png,USA_Universities_Directory.pdf,299
usa-universities_and_degree_granting_institutions-2381,2381,USA,universities_and_degree_granting_institutions,University of Hawaii-West Oahu,Kapolei · HI,westoahu.hawaii.edu,https://westoahu.hawaii.edu,True,logos/usa_2381_university_of_hawaii_west_oahu.png,USA_Universities_Directory.pdf,299
usa-universities_and_degree_granting_institutions-2382,2382,USA,universities_and_degree_granting_institutions,University of Health Sciences and Pharmacy in St. Louis,Saint Louis · MO,uhsp.edu,https://uhsp.edu,True,logos/usa_2382_university_of_health_sciences_and_pharmacy_in_st_louis.png,USA_Universities_Directory.pdf,299
usa-universities_and_degree_granting_institutions-2383,2383,USA,universities_and_degree_granting_institutions,University of Holy Cross,New Orleans · LA,uhcno.edu,https://uhcno.edu,True,logos/usa_2383_university_of_holy_cross.png,USA_Universities_Directory.pdf,299
usa-universities_and_degree_granting_institutions-2384,2384,USA,universities_and_degree_granting_institutions,University of Houston,Houston · TX,uh.edu,https://uh.edu,True,logos/usa_2384_university_of_houston.png,USA_Universities_Directory.pdf,299
usa-universities_and_degree_granting_institutions-2385,2385,USA,universities_and_degree_granting_institutions,University of Houston-Clear Lake,Houston · TX,uhcl.edu,https://uhcl.edu,True,logos/usa_2385_university_of_houston_clear_lake.png,USA_Universities_Directory.pdf,300
usa-universities_and_degree_granting_institutions-2386,2386,USA,universities_and_degree_granting_institutions,University of Houston-Downtown,Houston · TX,uhd.edu,https://uhd.edu,True,logos/usa_2386_university_of_houston_downtown.png,USA_Universities_Directory.pdf,300
usa-universities_and_degree_granting_institutions-2387,2387,USA,universities_and_degree_granting_institutions,University of Houston-System Administration,Houston · TX,uh.edu,https://uh.edu,True,logos/usa_2387_university_of_houston_system_administration.png,USA_Universities_Directory.pdf,300
usa-universities_and_degree_granting_institutions-2388,2388,USA,universities_and_degree_granting_institutions,University of Houston-Victoria,Victoria · TX,tamuv.edu,https://tamuv.edu,True,logos/usa_2388_university_of_houston_victoria.png,USA_Universities_Directory.pdf,300
usa-universities_and_degree_granting_institutions-2389,2389,USA,universities_and_degree_granting_institutions,University of Idaho,Moscow · ID,uidaho.edu,https://uidaho.edu,True,logos/usa_2389_university_of_idaho.png,USA_Universities_Directory.pdf,300
usa-universities_and_degree_granting_institutions-2390,2390,USA,universities_and_degree_granting_institutions,University of Illinois Chicago,Chicago · IL,uic.edu,https://uic.edu,True,logos/usa_2390_university_of_illinois_chicago.png,USA_Universities_Directory.pdf,300
usa-universities_and_degree_granting_institutions-2391,2391,USA,universities_and_degree_granting_institutions,University of Illinois Springfield,Springfield · IL,uis.edu,https://uis.edu,True,logos/usa_2391_university_of_illinois_springfield.png,USA_Universities_Directory.pdf,300
usa-universities_and_degree_granting_institutions-2392,2392,USA,universities_and_degree_granting_institutions,University of Illinois System Offices,Urbana · IL,uillinois.edu,https://uillinois.edu,True,logos/usa_2392_university_of_illinois_system_offices.png,USA_Universities_Directory.pdf,300
usa-universities_and_degree_granting_institutions-2393,2393,USA,universities_and_degree_granting_institutions,University of Illinois Urbana-Champaign,Champaign · IL,illinois.edu,https://illinois.edu,True,logos/usa_2393_university_of_illinois_urbana_champaign.png,USA_Universities_Directory.pdf,301
usa-universities_and_degree_granting_institutions-2394,2394,USA,universities_and_degree_granting_institutions,University of Indianapolis,Indianapolis,uindy.edu,https://uindy.edu,True,logos/usa_2394_university_of_indianapolis.png,USA_Universities_Directory.pdf,301
usa-universities_and_degree_granting_institutions-2395,2395,USA,universities_and_degree_granting_institutions,University of Iowa,Iowa City · IA,uiowa.edu,https://uiowa.edu,True,logos/usa_2395_university_of_iowa.png,USA_Universities_Directory.pdf,301
usa-universities_and_degree_granting_institutions-2396,2396,USA,universities_and_degree_granting_institutions,University of Jamestown,Jamestown · ND,uj.edu,https://uj.edu,True,logos/usa_2396_university_of_jamestown.png,USA_Universities_Directory.pdf,301
usa-universities_and_degree_granting_institutions-2397,2397,USA,universities_and_degree_granting_institutions,University of Kansas,Lawrence · KS,ku.edu,https://ku.edu,True,logos/usa_2397_university_of_kansas.png,USA_Universities_Directory.pdf,301
usa-universities_and_degree_granting_institutions-2398,2398,USA,universities_and_degree_granting_institutions,University of Kentucky,Lexington · KY,uky.edu,https://uky.edu,True,logos/usa_2398_university_of_kentucky.png,USA_Universities_Directory.pdf,301
usa-universities_and_degree_granting_institutions-2399,2399,USA,universities_and_degree_granting_institutions,University of La Verne,La Verne · CA,laverne.edu,https://laverne.edu,True,logos/usa_2399_university_of_la_verne.png,USA_Universities_Directory.pdf,301
usa-universities_and_degree_granting_institutions-2400,2400,USA,universities_and_degree_granting_institutions,University of Louisiana at Lafayette,Lafayette,louisiana.edu,https://louisiana.edu,True,logos/usa_2400_university_of_louisiana_at_lafayette.png,USA_Universities_Directory.pdf,301
usa-universities_and_degree_granting_institutions-2401,2401,USA,universities_and_degree_granting_institutions,University of Louisiana at Monroe,Monroe · LA,ulm.edu,https://ulm.edu,True,logos/usa_2401_university_of_louisiana_at_monroe.png,USA_Universities_Directory.pdf,302
usa-universities_and_degree_granting_institutions-2402,2402,USA,universities_and_degree_granting_institutions,University of Louisiana-System Administration,Baton Rouge · LA,ulsystem.edu,https://ulsystem.edu,True,logos/usa_2402_university_of_louisiana_system_administration.png,USA_Universities_Directory.pdf,302
usa-universities_and_degree_granting_institutions-2403,2403,USA,universities_and_degree_granting_institutions,University of Louisville,Louisville · KY,louisville.edu,https://louisville.edu,True,logos/usa_2403_university_of_louisville.png,USA_Universities_Directory.pdf,302
usa-universities_and_degree_granting_institutions-2404,2404,USA,universities_and_degree_granting_institutions,University of Lynchburg,Lynchburg · VA,lynchburg.edu,https://lynchburg.edu,True,logos/usa_2404_university_of_lynchburg.png,USA_Universities_Directory.pdf,302
usa-universities_and_degree_granting_institutions-2405,2405,USA,universities_and_degree_granting_institutions,University of Maine,Orono · ME,umaine.edu,https://umaine.edu,True,logos/usa_2405_university_of_maine.png,USA_Universities_Directory.pdf,302
usa-universities_and_degree_granting_institutions-2406,2406,USA,universities_and_degree_granting_institutions,University of Maine at Augusta,Augusta · ME,uma.edu,https://uma.edu,True,logos/usa_2406_university_of_maine_at_augusta.png,USA_Universities_Directory.pdf,302
usa-universities_and_degree_granting_institutions-2407,2407,USA,universities_and_degree_granting_institutions,University of Maine at Farmington,Farmington · ME,farmington.edu,https://farmington.edu,True,logos/usa_2407_university_of_maine_at_farmington.png,USA_Universities_Directory.pdf,302
usa-universities_and_degree_granting_institutions-2408,2408,USA,universities_and_degree_granting_institutions,University of Maine at Fort Kent,Fort Kent · ME,umfk.edu,https://umfk.edu,True,logos/usa_2408_university_of_maine_at_fort_kent.png,USA_Universities_Directory.pdf,302
usa-universities_and_degree_granting_institutions-2409,2409,USA,universities_and_degree_granting_institutions,University of Maine at Presque Isle,Presque Isle · ME,umpi.edu,https://umpi.edu,True,logos/usa_2409_university_of_maine_at_presque_isle.png,USA_Universities_Directory.pdf,303
usa-universities_and_degree_granting_institutions-2410,2410,USA,universities_and_degree_granting_institutions,University of Maine-System Central Office,Orono · ME,maine.edu,https://maine.edu,True,logos/usa_2410_university_of_maine_system_central_office.png,USA_Universities_Directory.pdf,303
usa-universities_and_degree_granting_institutions-2411,2411,USA,universities_and_degree_granting_institutions,University of Management and Technology,Arlington · VA,umtweb.edu,https://umtweb.edu,True,logos/usa_2411_university_of_management_and_technology.png,USA_Universities_Directory.pdf,303
usa-universities_and_degree_granting_institutions-2412,2412,USA,universities_and_degree_granting_institutions,University of Mary,Bismarck · ND,umary.edu,https://umary.edu,True,logos/usa_2412_university_of_mary.png,USA_Universities_Directory.pdf,303
usa-universities_and_degree_granting_institutions-2413,2413,USA,universities_and_degree_granting_institutions,University of Mary Hardin-Baylor,Belton · TX,umhb.edu,https://umhb.edu,True,logos/usa_2413_university_of_mary_hardin_baylor.png,USA_Universities_Directory.pdf,303
usa-universities_and_degree_granting_institutions-2414,2414,USA,universities_and_degree_granting_institutions,University of Mary Washington,Fredericksburg · VA,umw.edu,https://umw.edu,True,logos/usa_2414_university_of_mary_washington.png,USA_Universities_Directory.pdf,303
usa-universities_and_degree_granting_institutions-2415,2415,USA,universities_and_degree_granting_institutions,University of Maryland Eastern Shore,Princess Anne · MD,umes.edu,https://umes.edu,True,logos/usa_2415_university_of_maryland_eastern_shore.png,USA_Universities_Directory.pdf,303
usa-universities_and_degree_granting_institutions-2416,2416,USA,universities_and_degree_granting_institutions,University of Maryland Global Campus,Adelphi · MD,umgc.edu,https://umgc.edu,True,logos/usa_2416_university_of_maryland_global_campus.png,USA_Universities_Directory.pdf,303
usa-universities_and_degree_granting_institutions-2417,2417,USA,universities_and_degree_granting_institutions,"University of Maryland, Baltimore",Baltimore · MD,umaryland.edu,https://umaryland.edu,True,logos/usa_2417_university_of_maryland_baltimore.png,USA_Universities_Directory.pdf,304
usa-universities_and_degree_granting_institutions-2418,2418,USA,universities_and_degree_granting_institutions,University of Maryland-Baltimore County,Baltimore · MD,umbc.edu,https://umbc.edu,True,logos/usa_2418_university_of_maryland_baltimore_county.png,USA_Universities_Directory.pdf,304
usa-universities_and_degree_granting_institutions-2419,2419,USA,universities_and_degree_granting_institutions,University of Maryland-College Park,College Park · MD,umd.edu,https://umd.edu,True,logos/usa_2419_university_of_maryland_college_park.png,USA_Universities_Directory.pdf,304
usa-universities_and_degree_granting_institutions-2420,2420,USA,universities_and_degree_granting_institutions,University of Massachusetts Chan Medical School,Worcester · MA,umassmed.edu,https://umassmed.edu,True,logos/usa_2420_university_of_massachusetts_chan_medical_school.png,USA_Universities_Directory.pdf,304
usa-universities_and_degree_granting_institutions-2421,2421,USA,universities_and_degree_granting_institutions,University of Massachusetts Global,Aliso Viejo · CA,umassglobal.edu,https://umassglobal.edu,True,logos/usa_2421_university_of_massachusetts_global.png,USA_Universities_Directory.pdf,304
usa-universities_and_degree_granting_institutions-2422,2422,USA,universities_and_degree_granting_institutions,University of Massachusetts-Amherst,Amherst · MA,umass.edu,https://umass.edu,True,logos/usa_2422_university_of_massachusetts_amherst.png,USA_Universities_Directory.pdf,304
usa-universities_and_degree_granting_institutions-2423,2423,USA,universities_and_degree_granting_institutions,University of Massachusetts-Boston,Boston · MA,umb.edu,https://umb.edu,True,logos/usa_2423_university_of_massachusetts_boston.png,USA_Universities_Directory.pdf,304
usa-universities_and_degree_granting_institutions-2424,2424,USA,universities_and_degree_granting_institutions,University of Massachusetts-Central Office,Boston · MA,massachusetts.edu,https://massachusetts.edu,False,,USA_Universities_Directory.pdf,304
usa-universities_and_degree_granting_institutions-2425,2425,USA,universities_and_degree_granting_institutions,University of Massachusetts-Dartmouth,North Dartmouth · MA,umassd.edu,https://umassd.edu,True,logos/usa_2425_university_of_massachusetts_dartmouth.png,USA_Universities_Directory.pdf,305
usa-universities_and_degree_granting_institutions-2426,2426,USA,universities_and_degree_granting_institutions,University of Massachusetts-Lowell,Lowell · MA,uml.edu,https://uml.edu,True,logos/usa_2426_university_of_massachusetts_lowell.png,USA_Universities_Directory.pdf,305
usa-universities_and_degree_granting_institutions-2427,2427,USA,universities_and_degree_granting_institutions,University of Memphis,Memphis · TN,memphis.edu,https://memphis.edu,True,logos/usa_2427_university_of_memphis.png,USA_Universities_Directory.pdf,305
usa-universities_and_degree_granting_institutions-2428,2428,USA,universities_and_degree_granting_institutions,University of Miami,Coral Gables · FL,miami.edu,https://miami.edu,True,logos/usa_2428_university_of_miami.png,USA_Universities_Directory.pdf,305
usa-universities_and_degree_granting_institutions-2429,2429,USA,universities_and_degree_granting_institutions,University of Michigan-Ann Arbor,Ann Arbor · MI,umich.edu,https://umich.edu,True,logos/usa_2429_university_of_michigan_ann_arbor.png,USA_Universities_Directory.pdf,305
usa-universities_and_degree_granting_institutions-2430,2430,USA,universities_and_degree_granting_institutions,University of Michigan-Dearborn,Dearborn · MI,umdearborn.edu,https://umdearborn.edu,True,logos/usa_2430_university_of_michigan_dearborn.png,USA_Universities_Directory.pdf,305
usa-universities_and_degree_granting_institutions-2431,2431,USA,universities_and_degree_granting_institutions,University of Michigan-Flint,Flint · MI,umflint.edu,https://umflint.edu,True,logos/usa_2431_university_of_michigan_flint.png,USA_Universities_Directory.pdf,305
usa-universities_and_degree_granting_institutions-2432,2432,USA,universities_and_degree_granting_institutions,University of Minnesota-Crookston,Crookston · MN,crk.umn.edu,https://crk.umn.edu,True,logos/usa_2432_university_of_minnesota_crookston.png,USA_Universities_Directory.pdf,305
usa-universities_and_degree_granting_institutions-2433,2433,USA,universities_and_degree_granting_institutions,University of Minnesota-Duluth,Duluth · MN,d.umn.edu,https://d.umn.edu,True,logos/usa_2433_university_of_minnesota_duluth.png,USA_Universities_Directory.pdf,306
usa-universities_and_degree_granting_institutions-2434,2434,USA,universities_and_degree_granting_institutions,University of Minnesota-Morris,Morris · MN,morris.umn.edu,https://morris.umn.edu,True,logos/usa_2434_university_of_minnesota_morris.png,USA_Universities_Directory.pdf,306
usa-universities_and_degree_granting_institutions-2435,2435,USA,universities_and_degree_granting_institutions,University of Minnesota-Rochester,Rochester · MN,r.umn.edu,https://r.umn.edu,True,logos/usa_2435_university_of_minnesota_rochester.png,USA_Universities_Directory.pdf,306
usa-universities_and_degree_granting_institutions-2436,2436,USA,universities_and_degree_granting_institutions,University of Minnesota-Twin Cities,Minneapolis · MN,twin-cities.umn.edu,https://twin-cities.umn.edu,True,logos/usa_2436_university_of_minnesota_twin_cities.png,USA_Universities_Directory.pdf,306
usa-universities_and_degree_granting_institutions-2437,2437,USA,universities_and_degree_granting_institutions,University of Mississippi,University · MS,olemiss.edu,https://olemiss.edu,True,logos/usa_2437_university_of_mississippi.png,USA_Universities_Directory.pdf,306
usa-universities_and_degree_granting_institutions-2438,2438,USA,universities_and_degree_granting_institutions,University of Missouri-Columbia,Columbia · MO,missouri.edu,https://missouri.edu,True,logos/usa_2438_university_of_missouri_columbia.png,USA_Universities_Directory.pdf,306
usa-universities_and_degree_granting_institutions-2439,2439,USA,universities_and_degree_granting_institutions,University of Missouri-Kansas City,Kansas City · MO,umkc.edu,https://umkc.edu,True,logos/usa_2439_university_of_missouri_kansas_city.png,USA_Universities_Directory.pdf,306
usa-universities_and_degree_granting_institutions-2440,2440,USA,universities_and_degree_granting_institutions,University of Missouri-St Louis,Saint Louis · MO,umsl.edu,https://umsl.edu,True,logos/usa_2440_university_of_missouri_st_louis.png,USA_Universities_Directory.pdf,306
usa-universities_and_degree_granting_institutions-2441,2441,USA,universities_and_degree_granting_institutions,University of Missouri-System Office,Columbia · MO,umsystem.edu,https://umsystem.edu,True,logos/usa_2441_university_of_missouri_system_office.png,USA_Universities_Directory.pdf,307
usa-universities_and_degree_granting_institutions-2442,2442,USA,universities_and_degree_granting_institutions,University of Mobile,Mobile · AL,umobile.edu,https://umobile.edu,True,logos/usa_2442_university_of_mobile.png,USA_Universities_Directory.pdf,307
usa-universities_and_degree_granting_institutions-2443,2443,USA,universities_and_degree_granting_institutions,University of Montevallo,Montevallo,montevallo.edu,https://montevallo.edu,True,logos/usa_2443_university_of_montevallo.png,USA_Universities_Directory.pdf,307
usa-universities_and_degree_granting_institutions-2444,2444,USA,universities_and_degree_granting_institutions,University of Mount Olive,Mount Olive · NC,umo.edu,https://umo.edu,True,logos/usa_2444_university_of_mount_olive.png,USA_Universities_Directory.pdf,307
usa-universities_and_degree_granting_institutions-2445,2445,USA,universities_and_degree_granting_institutions,University of Mount Saint Vincent,Bronx · NY,mountsaintvincent.edu,https://mountsaintvincent.edu,True,logos/usa_2445_university_of_mount_saint_vincent.png,USA_Universities_Directory.pdf,307
usa-universities_and_degree_granting_institutions-2446,2446,USA,universities_and_degree_granting_institutions,University of Mount Union,Alliance · OH,mountunion.edu,https://mountunion.edu,True,logos/usa_2446_university_of_mount_union.png,USA_Universities_Directory.pdf,307
usa-universities_and_degree_granting_institutions-2447,2447,USA,universities_and_degree_granting_institutions,University of Nebraska at Kearney,Kearney,unk.edu,https://unk.edu,True,logos/usa_2447_university_of_nebraska_at_kearney.png,USA_Universities_Directory.pdf,307
usa-universities_and_degree_granting_institutions-2448,2448,USA,universities_and_degree_granting_institutions,University of Nebraska at Omaha,Omaha · NE,unomaha.edu,https://unomaha.edu,True,logos/usa_2448_university_of_nebraska_at_omaha.png,USA_Universities_Directory.pdf,307
usa-universities_and_degree_granting_institutions-2449,2449,USA,universities_and_degree_granting_institutions,University of Nebraska Medical Center,Omaha · NE,unmc.edu,https://unmc.edu,True,logos/usa_2449_university_of_nebraska_medical_center.png,USA_Universities_Directory.pdf,308
usa-universities_and_degree_granting_institutions-2450,2450,USA,universities_and_degree_granting_institutions,University of Nebraska-Central Administration System Office,Lincoln · NE,nebraska.edu,https://nebraska.edu,True,logos/usa_2450_university_of_nebraska_central_administration_system_office.png,USA_Universities_Directory.pdf,308
usa-universities_and_degree_granting_institutions-2451,2451,USA,universities_and_degree_granting_institutions,University of Nebraska-Lincoln,Lincoln · NE,unl.edu,https://unl.edu,True,logos/usa_2451_university_of_nebraska_lincoln.png,USA_Universities_Directory.pdf,308
usa-universities_and_degree_granting_institutions-2452,2452,USA,universities_and_degree_granting_institutions,University of Nevada-Las Vegas,Las Vegas · NV,unlv.edu,https://unlv.edu,True,logos/usa_2452_university_of_nevada_las_vegas.png,USA_Universities_Directory.pdf,308
usa-universities_and_degree_granting_institutions-2453,2453,USA,universities_and_degree_granting_institutions,University of Nevada-Reno,Reno · NV,unr.edu,https://unr.edu,True,logos/usa_2453_university_of_nevada_reno.png,USA_Universities_Directory.pdf,308
usa-universities_and_degree_granting_institutions-2454,2454,USA,universities_and_degree_granting_institutions,University of New England,Biddeford · ME,une.edu,https://une.edu,True,logos/usa_2454_university_of_new_england.png,USA_Universities_Directory.pdf,308
usa-universities_and_degree_granting_institutions-2455,2455,USA,universities_and_degree_granting_institutions,University of New Hampshire at Manchester,Manchester · NH,manchester.unh.edu,https://manchester.unh.edu,True,logos/usa_2455_university_of_new_hampshire_at_manchester.png,USA_Universities_Directory.pdf,308
usa-universities_and_degree_granting_institutions-2456,2456,USA,universities_and_degree_granting_institutions,University of New Hampshire College of Professional Studies Online,Manchester · NH,cps.unh.edu,https://cps.unh.edu,True,logos/usa_2456_university_of_new_hampshire_college_of_professional_studies_online.png,USA_Universities_Directory.pdf,308
usa-universities_and_degree_granting_institutions-2457,2457,USA,universities_and_degree_granting_institutions,University of New Hampshire-Franklin Pierce School of Law,Concord · NH,law.unh.edu,https://law.unh.edu,True,logos/usa_2457_university_of_new_hampshire_franklin_pierce_school_of_law.png,USA_Universities_Directory.pdf,309
usa-universities_and_degree_granting_institutions-2458,2458,USA,universities_and_degree_granting_institutions,University of New Hampshire-Main Campus,Durham · NH,unh.edu,https://unh.edu,True,logos/usa_2458_university_of_new_hampshire_main_campus.png,USA_Universities_Directory.pdf,309
usa-universities_and_degree_granting_institutions-2459,2459,USA,universities_and_degree_granting_institutions,University of New Haven,West Haven · CT,newhaven.edu,https://newhaven.edu,True,logos/usa_2459_university_of_new_haven.png,USA_Universities_Directory.pdf,309
usa-universities_and_degree_granting_institutions-2460,2460,USA,universities_and_degree_granting_institutions,University of New Mexico-Main Campus,Albuquerque · NM,unm.edu,https://unm.edu,True,logos/usa_2460_university_of_new_mexico_main_campus.png,USA_Universities_Directory.pdf,309
usa-universities_and_degree_granting_institutions-2461,2461,USA,universities_and_degree_granting_institutions,University of New Orleans,New Orleans · LA,new.uno.edu,https://new.uno.edu,False,,USA_Universities_Directory.pdf,309
usa-universities_and_degree_granting_institutions-2462,2462,USA,universities_and_degree_granting_institutions,University of North Alabama,Florence · AL,una.edu,https://una.edu,True,logos/usa_2462_university_of_north_alabama.png,USA_Universities_Directory.pdf,309
usa-universities_and_degree_granting_institutions-2463,2463,USA,universities_and_degree_granting_institutions,University of North Carolina Asheville,Asheville · NC,new.unca.edu,https://new.unca.edu,True,logos/usa_2463_university_of_north_carolina_asheville.png,USA_Universities_Directory.pdf,309
usa-universities_and_degree_granting_institutions-2464,2464,USA,universities_and_degree_granting_institutions,University of North Carolina at Chapel Hill,Chapel Hill · NC,unc.edu,https://unc.edu,True,logos/usa_2464_university_of_north_carolina_at_chapel_hill.png,USA_Universities_Directory.pdf,309
usa-universities_and_degree_granting_institutions-2465,2465,USA,universities_and_degree_granting_institutions,University of North Carolina at Charlotte,Charlotte · NC,charlotte.edu,https://charlotte.edu,True,logos/usa_2465_university_of_north_carolina_at_charlotte.png,USA_Universities_Directory.pdf,310
usa-universities_and_degree_granting_institutions-2466,2466,USA,universities_and_degree_granting_institutions,University of North Carolina at Greensboro,Greensboro · NC,uncg.edu,https://uncg.edu,True,logos/usa_2466_university_of_north_carolina_at_greensboro.png,USA_Universities_Directory.pdf,310
usa-universities_and_degree_granting_institutions-2467,2467,USA,universities_and_degree_granting_institutions,University of North Carolina at Pembroke,Pembroke · NC,uncp.edu,https://uncp.edu,False,,USA_Universities_Directory.pdf,310
usa-universities_and_degree_granting_institutions-2468,2468,USA,universities_and_degree_granting_institutions,University of North Carolina School of the Arts,Winston Salem · NC,uncsa.edu,https://uncsa.edu,True,logos/usa_2468_university_of_north_carolina_school_of_the_arts.png,USA_Universities_Directory.pdf,310
usa-universities_and_degree_granting_institutions-2469,2469,USA,universities_and_degree_granting_institutions,University of North Carolina System,Raleigh · NC,northcarolina.edu,https://northcarolina.edu,True,logos/usa_2469_university_of_north_carolina_system.png,USA_Universities_Directory.pdf,310
usa-universities_and_degree_granting_institutions-2470,2470,USA,universities_and_degree_granting_institutions,University of North Carolina Wilmington,Wilmington · NC,uncw.edu,https://uncw.edu,True,logos/usa_2470_university_of_north_carolina_wilmington.png,USA_Universities_Directory.pdf,310
usa-universities_and_degree_granting_institutions-2471,2471,USA,universities_and_degree_granting_institutions,University of North Dakota,Grand Forks,und.edu,https://und.edu,True,logos/usa_2471_university_of_north_dakota.png,USA_Universities_Directory.pdf,310
usa-universities_and_degree_granting_institutions-2472,2472,USA,universities_and_degree_granting_institutions,University of North Florida,Jacksonville · FL,unf.edu,https://unf.edu,True,logos/usa_2472_university_of_north_florida.png,USA_Universities_Directory.pdf,310
usa-universities_and_degree_granting_institutions-2473,2473,USA,universities_and_degree_granting_institutions,University of North Georgia,Dahlonega,ung.edu,https://ung.edu,True,logos/usa_2473_university_of_north_georgia.png,USA_Universities_Directory.pdf,311
usa-universities_and_degree_granting_institutions-2474,2474,USA,universities_and_degree_granting_institutions,University of North Texas,Denton · TX,unt.edu,https://unt.edu,True,logos/usa_2474_university_of_north_texas.png,USA_Universities_Directory.pdf,311
usa-universities_and_degree_granting_institutions-2475,2475,USA,universities_and_degree_granting_institutions,University of North Texas at Dallas,Dallas · TX,untdallas.edu,https://untdallas.edu,False,,USA_Universities_Directory.pdf,311
usa-universities_and_degree_granting_institutions-2476,2476,USA,universities_and_degree_granting_institutions,University of North Texas Health Science Center,Fort Worth · TX,unthsc.edu,https://unthsc.edu,True,logos/usa_2476_university_of_north_texas_health_science_center.png,USA_Universities_Directory.pdf,311
usa-universities_and_degree_granting_institutions-2477,2477,USA,universities_and_degree_granting_institutions,University of North Texas System,Dallas · TX,untsystem.unt.edu,https://untsystem.unt.edu,True,logos/usa_2477_university_of_north_texas_system.png,USA_Universities_Directory.pdf,311
usa-universities_and_degree_granting_institutions-2478,2478,USA,universities_and_degree_granting_institutions,University of Northern Colorado,Greeley · CO,unco.edu,https://unco.edu,True,logos/usa_2478_university_of_northern_colorado.png,USA_Universities_Directory.pdf,311
usa-universities_and_degree_granting_institutions-2479,2479,USA,universities_and_degree_granting_institutions,University of Northern Iowa,Cedar Falls · IA,uni.edu,https://uni.edu,True,logos/usa_2479_university_of_northern_iowa.png,USA_Universities_Directory.pdf,311
usa-universities_and_degree_granting_institutions-2480,2480,USA,universities_and_degree_granting_institutions,University of Northwestern Ohio,Lima · OH,unoh.edu,https://unoh.edu,True,logos/usa_2480_university_of_northwestern_ohio.png,USA_Universities_Directory.pdf,311
usa-universities_and_degree_granting_institutions-2481,2481,USA,universities_and_degree_granting_institutions,University of Northwestern-St Paul,Saint Paul · MN,unwsp.edu,https://unwsp.edu,True,logos/usa_2481_university_of_northwestern_st_paul.png,USA_Universities_Directory.pdf,312
usa-universities_and_degree_granting_institutions-2482,2482,USA,universities_and_degree_granting_institutions,University of Notre Dame,Notre Dame · IN,nd.edu,https://nd.edu,True,logos/usa_2482_university_of_notre_dame.png,USA_Universities_Directory.pdf,312
usa-universities_and_degree_granting_institutions-2483,2483,USA,universities_and_degree_granting_institutions,University of Oklahoma-Health Sciences Center,Oklahoma City,ouhsc.edu,https://ouhsc.edu,True,logos/usa_2483_university_of_oklahoma_health_sciences_center.png,USA_Universities_Directory.pdf,312
usa-universities_and_degree_granting_institutions-2484,2484,USA,universities_and_degree_granting_institutions,University of Oklahoma-Norman Campus,Norman · OK,ou.edu,https://ou.edu,False,,USA_Universities_Directory.pdf,312
usa-universities_and_degree_granting_institutions-2485,2485,USA,universities_and_degree_granting_institutions,University of Oregon,Eugene · OR,uoregon.edu,https://uoregon.edu,True,logos/usa_2485_university_of_oregon.png,USA_Universities_Directory.pdf,312
usa-universities_and_degree_granting_institutions-2486,2486,USA,universities_and_degree_granting_institutions,University of Pennsylvania,Philadelphia · PA,upenn.edu,https://upenn.edu,True,logos/usa_2486_university_of_pennsylvania.png,USA_Universities_Directory.pdf,312
usa-universities_and_degree_granting_institutions-2487,2487,USA,universities_and_degree_granting_institutions,University of Phoenix-Arizona,Phoenix · AZ,phoenix.edu,https://phoenix.edu,True,logos/usa_2487_university_of_phoenix_arizona.png,USA_Universities_Directory.pdf,312
usa-universities_and_degree_granting_institutions-2488,2488,USA,universities_and_degree_granting_institutions,University of Phoenix-California,Ontario · CA,phoenix.edu,https://phoenix.edu,True,logos/usa_2488_university_of_phoenix_california.png,USA_Universities_Directory.pdf,312
usa-universities_and_degree_granting_institutions-2489,2489,USA,universities_and_degree_granting_institutions,University of Phoenix-Hawaii,Kapolei · HI,phoenix.edu,https://phoenix.edu,True,logos/usa_2489_university_of_phoenix_hawaii.png,USA_Universities_Directory.pdf,313
usa-universities_and_degree_granting_institutions-2490,2490,USA,universities_and_degree_granting_institutions,University of Phoenix-Texas,Dallas · TX,phoenix.edu,https://phoenix.edu,True,logos/usa_2490_university_of_phoenix_texas.png,USA_Universities_Directory.pdf,313
usa-universities_and_degree_granting_institutions-2491,2491,USA,universities_and_degree_granting_institutions,University of Pikeville,Pikeville · KY,upike.edu,https://upike.edu,True,logos/usa_2491_university_of_pikeville.png,USA_Universities_Directory.pdf,313
usa-universities_and_degree_granting_institutions-2492,2492,USA,universities_and_degree_granting_institutions,University of Pittsburgh-Bradford,Bradford · PA,upb.pitt.edu,https://upb.pitt.edu,True,logos/usa_2492_university_of_pittsburgh_bradford.png,USA_Universities_Directory.pdf,313
usa-universities_and_degree_granting_institutions-2493,2493,USA,universities_and_degree_granting_institutions,University of Pittsburgh-Greensburg,Greensburg · PA,greensburg.pitt.edu,https://greensburg.pitt.edu,True,logos/usa_2493_university_of_pittsburgh_greensburg.png,USA_Universities_Directory.pdf,313
usa-universities_and_degree_granting_institutions-2494,2494,USA,universities_and_degree_granting_institutions,University of Pittsburgh-Johnstown,Johnstown · PA,upj.pitt.edu,https://upj.pitt.edu,False,,USA_Universities_Directory.pdf,313
usa-universities_and_degree_granting_institutions-2495,2495,USA,universities_and_degree_granting_institutions,University of Pittsburgh-Pittsburgh Campus,Pittsburgh · PA,pitt.edu,https://pitt.edu,True,logos/usa_2495_university_of_pittsburgh_pittsburgh_campus.png,USA_Universities_Directory.pdf,313
usa-universities_and_degree_granting_institutions-2496,2496,USA,universities_and_degree_granting_institutions,University of Portland,Portland,up.edu,https://up.edu,True,logos/usa_2496_university_of_portland.png,USA_Universities_Directory.pdf,313
usa-universities_and_degree_granting_institutions-2497,2497,USA,universities_and_degree_granting_institutions,University of Providence,Great Falls · MT,uprovidence.edu,https://uprovidence.edu,True,logos/usa_2497_university_of_providence.png,USA_Universities_Directory.pdf,314
usa-universities_and_degree_granting_institutions-2498,2498,USA,universities_and_degree_granting_institutions,University of Puerto Rico at Cayey,Cayey · PR,cayey.upr.edu,https://cayey.upr.edu,True,logos/usa_2498_university_of_puerto_rico_at_cayey.png,USA_Universities_Directory.pdf,314
usa-universities_and_degree_granting_institutions-2499,2499,USA,universities_and_degree_granting_institutions,University of Puerto Rico at Ponce,Ponce · PR,uprp.edu,https://uprp.edu,True,logos/usa_2499_university_of_puerto_rico_at_ponce.png,USA_Universities_Directory.pdf,314
usa-universities_and_degree_granting_institutions-2500,2500,USA,universities_and_degree_granting_institutions,University of Puerto Rico-Aguadilla,Aguadilla · PR,uprag.edu,https://uprag.edu,True,logos/usa_2500_university_of_puerto_rico_aguadilla.png,USA_Universities_Directory.pdf,314
usa-universities_and_degree_granting_institutions-2501,2501,USA,universities_and_degree_granting_institutions,University of Puerto Rico-Arecibo,Arecibo · PR,upra.edu,https://upra.edu,True,logos/usa_2501_university_of_puerto_rico_arecibo.png,USA_Universities_Directory.pdf,314
usa-universities_and_degree_granting_institutions-2502,2502,USA,universities_and_degree_granting_institutions,University of Puerto Rico-Bayamon,Bayamon · PR,uprb.edu,https://uprb.edu,True,logos/usa_2502_university_of_puerto_rico_bayamon.png,USA_Universities_Directory.pdf,314
usa-universities_and_degree_granting_institutions-2503,2503,USA,universities_and_degree_granting_institutions,University of Puerto Rico-Carolina,Carolina · PR,uprc.edu,https://uprc.edu,True,logos/usa_2503_university_of_puerto_rico_carolina.png,USA_Universities_Directory.pdf,314
usa-universities_and_degree_granting_institutions-2504,2504,USA,universities_and_degree_granting_institutions,University of Puerto Rico-Central Administration,San Juan · PR,upr.edu,https://upr.edu,True,logos/usa_2504_university_of_puerto_rico_central_administration.png,USA_Universities_Directory.pdf,314
usa-universities_and_degree_granting_institutions-2505,2505,USA,universities_and_degree_granting_institutions,University of Puerto Rico-Humacao,Humacao · PR,upr.edu,https://upr.edu,True,logos/usa_2505_university_of_puerto_rico_humacao.png,USA_Universities_Directory.pdf,315
usa-universities_and_degree_granting_institutions-2506,2506,USA,universities_and_degree_granting_institutions,University of Puerto Rico-Mayaguez,Mayaguez · PR,uprm.edu,https://uprm.edu,True,logos/usa_2506_university_of_puerto_rico_mayaguez.png,USA_Universities_Directory.pdf,315
usa-universities_and_degree_granting_institutions-2507,2507,USA,universities_and_degree_granting_institutions,University of Puerto Rico-Medical Sciences,San Juan · PR,rcm.upr.edu,https://rcm.upr.edu,False,,USA_Universities_Directory.pdf,315
usa-universities_and_degree_granting_institutions-2508,2508,USA,universities_and_degree_granting_institutions,University of Puerto Rico-Rio Piedras,San Juan · PR,uprrp.edu,https://uprrp.edu,True,logos/usa_2508_university_of_puerto_rico_rio_piedras.png,USA_Universities_Directory.pdf,315
usa-universities_and_degree_granting_institutions-2509,2509,USA,universities_and_degree_granting_institutions,University of Puerto Rico-Utuado,Utuado · PR,uprutuado.edu,https://uprutuado.edu,True,logos/usa_2509_university_of_puerto_rico_utuado.png,USA_Universities_Directory.pdf,315
usa-universities_and_degree_granting_institutions-2510,2510,USA,universities_and_degree_granting_institutions,University of Puget Sound,Tacoma · WA,pugetsound.edu,https://pugetsound.edu,True,logos/usa_2510_university_of_puget_sound.png,USA_Universities_Directory.pdf,315
usa-universities_and_degree_granting_institutions-2511,2511,USA,universities_and_degree_granting_institutions,University of Redlands,Redlands · CA,redlands.edu,https://redlands.edu,True,logos/usa_2511_university_of_redlands.png,USA_Universities_Directory.pdf,315
usa-universities_and_degree_granting_institutions-2512,2512,USA,universities_and_degree_granting_institutions,University of Rhode Island,Kingston · RI,uri.edu,https://uri.edu,True,logos/usa_2512_university_of_rhode_island.png,USA_Universities_Directory.pdf,315
usa-universities_and_degree_granting_institutions-2513,2513,USA,universities_and_degree_granting_institutions,University of Richmond,University of Richmond · VA,richmond.edu,https://richmond.edu,True,logos/usa_2513_university_of_richmond.png,USA_Universities_Directory.pdf,316
usa-universities_and_degree_granting_institutions-2514,2514,USA,universities_and_degree_granting_institutions,University of Rio Grande,Rio Grande · OH,rio.edu,https://rio.edu,True,logos/usa_2514_university_of_rio_grande.png,USA_Universities_Directory.pdf,316
usa-universities_and_degree_granting_institutions-2515,2515,USA,universities_and_degree_granting_institutions,University of Rochester,Rochester · NY,rochester.edu,https://rochester.edu,True,logos/usa_2515_university_of_rochester.png,USA_Universities_Directory.pdf,316
usa-universities_and_degree_granting_institutions-2516,2516,USA,universities_and_degree_granting_institutions,University of Saint Francis-Fort Wayne,Fort Wayne · IN,sf.edu,https://sf.edu,True,logos/usa_2516_university_of_saint_francis_fort_wayne.png,USA_Universities_Directory.pdf,316
usa-universities_and_degree_granting_institutions-2517,2517,USA,universities_and_degree_granting_institutions,University of Saint Joseph,West Hartford · CT,usj.edu,https://usj.edu,True,logos/usa_2517_university_of_saint_joseph.png,USA_Universities_Directory.pdf,316
usa-universities_and_degree_granting_institutions-2518,2518,USA,universities_and_degree_granting_institutions,University of Saint Mary,Leavenworth · KS,stmary.edu,https://stmary.edu,True,logos/usa_2518_university_of_saint_mary.png,USA_Universities_Directory.pdf,316
usa-universities_and_degree_granting_institutions-2519,2519,USA,universities_and_degree_granting_institutions,University of Saint Mary of the Lake,Mundelein · IL,usml.edu,https://usml.edu,True,logos/usa_2519_university_of_saint_mary_of_the_lake.png,USA_Universities_Directory.pdf,316
usa-universities_and_degree_granting_institutions-2520,2520,USA,universities_and_degree_granting_institutions,University of San Diego,San Diego · CA,sandiego.edu,https://sandiego.edu,True,logos/usa_2520_university_of_san_diego.png,USA_Universities_Directory.pdf,316
usa-universities_and_degree_granting_institutions-2521,2521,USA,universities_and_degree_granting_institutions,University of San Francisco,San Francisco · CA,usfca.edu,https://usfca.edu,True,logos/usa_2521_university_of_san_francisco.png,USA_Universities_Directory.pdf,317
usa-universities_and_degree_granting_institutions-2522,2522,USA,universities_and_degree_granting_institutions,University of Science and Arts of Oklahoma,Chickasha · OK,usao.edu,https://usao.edu,False,,USA_Universities_Directory.pdf,317
usa-universities_and_degree_granting_institutions-2523,2523,USA,universities_and_degree_granting_institutions,University of Scranton,Scranton · PA,scranton.edu,https://scranton.edu,True,logos/usa_2523_university_of_scranton.png,USA_Universities_Directory.pdf,317
usa-universities_and_degree_granting_institutions-2524,2524,USA,universities_and_degree_granting_institutions,University of Silicon Andhra,Milpitas · CA,uofsa.edu,https://uofsa.edu,False,,USA_Universities_Directory.pdf,317
usa-universities_and_degree_granting_institutions-2525,2525,USA,universities_and_degree_granting_institutions,University of Silicon Valley,San Jose · CA,usv.edu,https://usv.edu,True,logos/usa_2525_university_of_silicon_valley.png,USA_Universities_Directory.pdf,317
usa-universities_and_degree_granting_institutions-2526,2526,USA,universities_and_degree_granting_institutions,University of Sioux Falls,Sioux Falls · SD,usiouxfalls.edu,https://usiouxfalls.edu,True,logos/usa_2526_university_of_sioux_falls.png,USA_Universities_Directory.pdf,317
usa-universities_and_degree_granting_institutions-2527,2527,USA,universities_and_degree_granting_institutions,University of South Alabama,Mobile · AL,southalabama.edu,https://southalabama.edu,True,logos/usa_2527_university_of_south_alabama.png,USA_Universities_Directory.pdf,317
usa-universities_and_degree_granting_institutions-2528,2528,USA,universities_and_degree_granting_institutions,University of South Carolina Aiken,Aiken · SC,usca.edu,https://usca.edu,True,logos/usa_2528_university_of_south_carolina_aiken.png,USA_Universities_Directory.pdf,317
usa-universities_and_degree_granting_institutions-2529,2529,USA,universities_and_degree_granting_institutions,University of South Carolina Beaufort,Bluffton · SC,uscb.edu,https://uscb.edu,True,logos/usa_2529_university_of_south_carolina_beaufort.png,USA_Universities_Directory.pdf,318
usa-universities_and_degree_granting_institutions-2530,2530,USA,universities_and_degree_granting_institutions,University of South Carolina-Columbia,Columbia · SC,sc.edu,https://sc.edu,True,logos/usa_2530_university_of_south_carolina_columbia.png,USA_Universities_Directory.pdf,318
usa-universities_and_degree_granting_institutions-2531,2531,USA,universities_and_degree_granting_institutions,University of South Carolina-Upstate,Spartanburg · SC,uscupstate.edu,https://uscupstate.edu,True,logos/usa_2531_university_of_south_carolina_upstate.png,USA_Universities_Directory.pdf,318
usa-universities_and_degree_granting_institutions-2532,2532,USA,universities_and_degree_granting_institutions,University of South Dakota,Vermillion · SD,usd.edu,https://usd.edu,True,logos/usa_2532_university_of_south_dakota.png,USA_Universities_Directory.pdf,318
usa-universities_and_degree_granting_institutions-2533,2533,USA,universities_and_degree_granting_institutions,University of South Florida,Tampa · FL,usf.edu,https://usf.edu,True,logos/usa_2533_university_of_south_florida.png,USA_Universities_Directory.pdf,318
usa-universities_and_degree_granting_institutions-2534,2534,USA,universities_and_degree_granting_institutions,University of Southern California,Los Angeles · CA,usc.edu,https://usc.edu,True,logos/usa_2534_university_of_southern_california.png,USA_Universities_Directory.pdf,318
usa-universities_and_degree_granting_institutions-2535,2535,USA,universities_and_degree_granting_institutions,University of Southern Indiana,Evansville · IN,usi.edu,https://usi.edu,True,logos/usa_2535_university_of_southern_indiana.png,USA_Universities_Directory.pdf,318
usa-universities_and_degree_granting_institutions-2536,2536,USA,universities_and_degree_granting_institutions,University of Southern Maine,Portland · ME,usm.maine.edu,https://usm.maine.edu,True,logos/usa_2536_university_of_southern_maine.png,USA_Universities_Directory.pdf,318
usa-universities_and_degree_granting_institutions-2537,2537,USA,universities_and_degree_granting_institutions,University of Southern Mississippi,Hattiesburg · MS,usm.edu,https://usm.edu,True,logos/usa_2537_university_of_southern_mississippi.png,USA_Universities_Directory.pdf,319
usa-universities_and_degree_granting_institutions-2538,2538,USA,universities_and_degree_granting_institutions,University of St Francis,Joliet · IL,stfrancis.edu,https://stfrancis.edu,True,logos/usa_2538_university_of_st_francis.png,USA_Universities_Directory.pdf,319
usa-universities_and_degree_granting_institutions-2539,2539,USA,universities_and_degree_granting_institutions,University of St Thomas,Saint Paul · MN,stthom.edu,https://stthom.edu,True,logos/usa_2539_university_of_st_thomas.png,USA_Universities_Directory.pdf,319
usa-universities_and_degree_granting_institutions-2540,2540,USA,universities_and_degree_granting_institutions,University of St Thomas,Houston · TX,stthom.edu,https://stthom.edu,True,logos/usa_2540_university_of_st_thomas.png,USA_Universities_Directory.pdf,319
usa-universities_and_degree_granting_institutions-2541,2541,USA,universities_and_degree_granting_institutions,University of St. Augustine for Health Sciences,San Marcos · CA,usa.edu,https://usa.edu,True,logos/usa_2541_university_of_st_augustine_for_health_sciences.png,USA_Universities_Directory.pdf,319
usa-universities_and_degree_granting_institutions-2542,2542,USA,universities_and_degree_granting_institutions,University of Texas Southwestern Medical Center,Dallas · TX,utsouthwestern.edu,https://utsouthwestern.edu,False,,USA_Universities_Directory.pdf,319
usa-universities_and_degree_granting_institutions-2543,2543,USA,universities_and_degree_granting_institutions,University of the Cumberlands,Williamsburg · KY,ucumberlands.edu,https://ucumberlands.edu,True,logos/usa_2543_university_of_the_cumberlands.png,USA_Universities_Directory.pdf,319
usa-universities_and_degree_granting_institutions-2544,2544,USA,universities_and_degree_granting_institutions,University of the District of Columbia,Washington · DC,udc.edu,https://udc.edu,True,logos/usa_2544_university_of_the_district_of_columbia.png,USA_Universities_Directory.pdf,319
usa-universities_and_degree_granting_institutions-2545,2545,USA,universities_and_degree_granting_institutions,University of the Incarnate Word,San Antonio · TX,uiw.edu,https://uiw.edu,True,logos/usa_2545_university_of_the_incarnate_word.png,USA_Universities_Directory.pdf,320
usa-universities_and_degree_granting_institutions-2546,2546,USA,universities_and_degree_granting_institutions,University of the Ozarks,Clarksville,ozarks.edu,https://ozarks.edu,True,logos/usa_2546_university_of_the_ozarks.png,USA_Universities_Directory.pdf,320
usa-universities_and_degree_granting_institutions-2547,2547,USA,universities_and_degree_granting_institutions,University of the Pacific,Stockton · CA,pacific.edu,https://pacific.edu,True,logos/usa_2547_university_of_the_pacific.png,USA_Universities_Directory.pdf,320
usa-universities_and_degree_granting_institutions-2548,2548,USA,universities_and_degree_granting_institutions,University of the People,Pasadena · CA,uopeople.edu,https://uopeople.edu,True,logos/usa_2548_university_of_the_people.png,USA_Universities_Directory.pdf,320
usa-universities_and_degree_granting_institutions-2549,2549,USA,universities_and_degree_granting_institutions,University of the Potomac-VA Campus,FALLS CHURCH · VA,potomac.edu,https://potomac.edu,True,logos/usa_2549_university_of_the_potomac_va_campus.png,USA_Universities_Directory.pdf,320
usa-universities_and_degree_granting_institutions-2550,2550,USA,universities_and_degree_granting_institutions,University of the Potomac-Washington DC Campus,Washington · DC,potomac.edu,https://potomac.edu,True,logos/usa_2550_university_of_the_potomac_washington_dc_campus.png,USA_Universities_Directory.pdf,320
usa-universities_and_degree_granting_institutions-2551,2551,USA,universities_and_degree_granting_institutions,University of the Southwest,Hobbs · NM,usw.edu,https://usw.edu,True,logos/usa_2551_university_of_the_southwest.png,USA_Universities_Directory.pdf,320
usa-universities_and_degree_granting_institutions-2552,2552,USA,universities_and_degree_granting_institutions,University of the Virgin Islands,Charlotte Amalie · VI,uvi.edu,https://uvi.edu,False,,USA_Universities_Directory.pdf,320
usa-universities_and_degree_granting_institutions-2553,2553,USA,universities_and_degree_granting_institutions,University of the West,Rosemead · CA,uwest.edu,https://uwest.edu,True,logos/usa_2553_university_of_the_west.png,USA_Universities_Directory.pdf,321
usa-universities_and_degree_granting_institutions-2554,2554,USA,universities_and_degree_granting_institutions,University of Toledo,Toledo · OH,utoledo.edu,https://utoledo.edu,True,logos/usa_2554_university_of_toledo.png,USA_Universities_Directory.pdf,321
usa-universities_and_degree_granting_institutions-2555,2555,USA,universities_and_degree_granting_institutions,University of Tulsa,Tulsa · OK,utulsa.edu,https://utulsa.edu,True,logos/usa_2555_university_of_tulsa.png,USA_Universities_Directory.pdf,321
usa-universities_and_degree_granting_institutions-2556,2556,USA,universities_and_degree_granting_institutions,University of Utah,Salt Lake City · UT,utah.edu,https://utah.edu,False,,USA_Universities_Directory.pdf,321
usa-universities_and_degree_granting_institutions-2557,2557,USA,universities_and_degree_granting_institutions,University of Valley Forge,Phoenixville · PA,valleyforge.edu,https://valleyforge.edu,True,logos/usa_2557_university_of_valley_forge.png,USA_Universities_Directory.pdf,321
usa-universities_and_degree_granting_institutions-2558,2558,USA,universities_and_degree_granting_institutions,University of Vermont,Burlington · VT,uvm.edu,https://uvm.edu,True,logos/usa_2558_university_of_vermont.png,USA_Universities_Directory.pdf,321
usa-universities_and_degree_granting_institutions-2559,2559,USA,universities_and_degree_granting_institutions,University of Virginia's College at Wise,Wise · VA,uvawise.edu,https://uvawise.edu,True,logos/usa_2559_university_of_virginia_s_college_at_wise.png,USA_Universities_Directory.pdf,321
usa-universities_and_degree_granting_institutions-2560,2560,USA,universities_and_degree_granting_institutions,University of Virginia-Main Campus,Charlottesville · VA,virginia.edu,https://virginia.edu,True,logos/usa_2560_university_of_virginia_main_campus.png,USA_Universities_Directory.pdf,321
usa-universities_and_degree_granting_institutions-2561,2561,USA,universities_and_degree_granting_institutions,University of Washington-Bothell Campus,Bothell · WA,uwb.edu,https://uwb.edu,True,logos/usa_2561_university_of_washington_bothell_campus.png,USA_Universities_Directory.pdf,322
usa-universities_and_degree_granting_institutions-2562,2562,USA,universities_and_degree_granting_institutions,University of Washington-Seattle Campus,Seattle · WA,washington.edu,https://washington.edu,True,logos/usa_2562_university_of_washington_seattle_campus.png,USA_Universities_Directory.pdf,322
usa-universities_and_degree_granting_institutions-2563,2563,USA,universities_and_degree_granting_institutions,University of Washington-Tacoma Campus,Tacoma · WA,tacoma.uw.edu,https://tacoma.uw.edu,True,logos/usa_2563_university_of_washington_tacoma_campus.png,USA_Universities_Directory.pdf,322
usa-universities_and_degree_granting_institutions-2564,2564,USA,universities_and_degree_granting_institutions,University of West Alabama,Livingston · AL,uwa.edu,https://uwa.edu,True,logos/usa_2564_university_of_west_alabama.png,USA_Universities_Directory.pdf,322
usa-universities_and_degree_granting_institutions-2565,2565,USA,universities_and_degree_granting_institutions,University of West Florida,Pensacola · FL,uwf.edu,https://uwf.edu,True,logos/usa_2565_university_of_west_florida.png,USA_Universities_Directory.pdf,322
usa-universities_and_degree_granting_institutions-2566,2566,USA,universities_and_degree_granting_institutions,University of West Georgia,Carrollton · GA,westga.edu,https://westga.edu,True,logos/usa_2566_university_of_west_georgia.png,USA_Universities_Directory.pdf,322
usa-universities_and_degree_granting_institutions-2567,2567,USA,universities_and_degree_granting_institutions,University of West Los Angeles,Inglewood · CA,uwla.edu,https://uwla.edu,True,logos/usa_2567_university_of_west_los_angeles.png,USA_Universities_Directory.pdf,322
usa-universities_and_degree_granting_institutions-2568,2568,USA,universities_and_degree_granting_institutions,University of Western States,Portland,uws.edu,https://uws.edu,False,,USA_Universities_Directory.pdf,322
usa-universities_and_degree_granting_institutions-2569,2569,USA,universities_and_degree_granting_institutions,University of Wisconsin-Eau Claire,Eau Claire · WI,uwec.edu,https://uwec.edu,True,logos/usa_2569_university_of_wisconsin_eau_claire.png,USA_Universities_Directory.pdf,323
usa-universities_and_degree_granting_institutions-2570,2570,USA,universities_and_degree_granting_institutions,University of Wisconsin-Green Bay,Green Bay · WI,uwgb.edu,https://uwgb.edu,True,logos/usa_2570_university_of_wisconsin_green_bay.png,USA_Universities_Directory.pdf,323
usa-universities_and_degree_granting_institutions-2571,2571,USA,universities_and_degree_granting_institutions,University of Wisconsin-La Crosse,La Crosse · WI,uwlax.edu,https://uwlax.edu,True,logos/usa_2571_university_of_wisconsin_la_crosse.png,USA_Universities_Directory.pdf,323
usa-universities_and_degree_granting_institutions-2572,2572,USA,universities_and_degree_granting_institutions,University of Wisconsin-Madison,Madison · WI,wisc.edu,https://wisc.edu,True,logos/usa_2572_university_of_wisconsin_madison.png,USA_Universities_Directory.pdf,323
usa-universities_and_degree_granting_institutions-2573,2573,USA,universities_and_degree_granting_institutions,University of Wisconsin-Milwaukee,Milwaukee · WI,uwm.edu,https://uwm.edu,True,logos/usa_2573_university_of_wisconsin_milwaukee.png,USA_Universities_Directory.pdf,323
usa-universities_and_degree_granting_institutions-2574,2574,USA,universities_and_degree_granting_institutions,University of Wisconsin-Milwaukee Flex,Milwaukee · WI,flex.wisconsin.edu,https://flex.wisconsin.edu,True,logos/usa_2574_university_of_wisconsin_milwaukee_flex.png,USA_Universities_Directory.pdf,323
usa-universities_and_degree_granting_institutions-2575,2575,USA,universities_and_degree_granting_institutions,University of Wisconsin-Oshkosh,Oshkosh · WI,uwosh.edu,https://uwosh.edu,True,logos/usa_2575_university_of_wisconsin_oshkosh.png,USA_Universities_Directory.pdf,323
usa-universities_and_degree_granting_institutions-2576,2576,USA,universities_and_degree_granting_institutions,University of Wisconsin-Parkside,Kenosha · WI,uwp.edu,https://uwp.edu,True,logos/usa_2576_university_of_wisconsin_parkside.png,USA_Universities_Directory.pdf,323
usa-universities_and_degree_granting_institutions-2577,2577,USA,universities_and_degree_granting_institutions,University of Wisconsin-Parkside Flex,Kenosha · WI,flex.wisconsin.edu,https://flex.wisconsin.edu,True,logos/usa_2577_university_of_wisconsin_parkside_flex.png,USA_Universities_Directory.pdf,324
usa-universities_and_degree_granting_institutions-2578,2578,USA,universities_and_degree_granting_institutions,University of Wisconsin-Platteville,Platteville · WI,uwplatt.edu,https://uwplatt.edu,True,logos/usa_2578_university_of_wisconsin_platteville.png,USA_Universities_Directory.pdf,324
usa-universities_and_degree_granting_institutions-2579,2579,USA,universities_and_degree_granting_institutions,University of Wisconsin-River Falls,River Falls · WI,uwrf.edu,https://uwrf.edu,True,logos/usa_2579_university_of_wisconsin_river_falls.png,USA_Universities_Directory.pdf,324
usa-universities_and_degree_granting_institutions-2580,2580,USA,universities_and_degree_granting_institutions,University of Wisconsin-Stevens Point,Stevens Point · WI,uwsp.edu,https://uwsp.edu,True,logos/usa_2580_university_of_wisconsin_stevens_point.png,USA_Universities_Directory.pdf,324
usa-universities_and_degree_granting_institutions-2581,2581,USA,universities_and_degree_granting_institutions,University of Wisconsin-Stout,Menomonie · WI,uwstout.edu,https://uwstout.edu,True,logos/usa_2581_university_of_wisconsin_stout.png,USA_Universities_Directory.pdf,324
usa-universities_and_degree_granting_institutions-2582,2582,USA,universities_and_degree_granting_institutions,University of Wisconsin-Superior,Superior · WI,uwsuper.edu,https://uwsuper.edu,True,logos/usa_2582_university_of_wisconsin_superior.png,USA_Universities_Directory.pdf,324
usa-universities_and_degree_granting_institutions-2583,2583,USA,universities_and_degree_granting_institutions,University of Wisconsin-System Administration,Madison · WI,wisconsin.edu,https://wisconsin.edu,True,logos/usa_2583_university_of_wisconsin_system_administration.png,USA_Universities_Directory.pdf,324
usa-universities_and_degree_granting_institutions-2584,2584,USA,universities_and_degree_granting_institutions,University of Wisconsin-Whitewater,Whitewater · WI,uww.edu,https://uww.edu,True,logos/usa_2584_university_of_wisconsin_whitewater.png,USA_Universities_Directory.pdf,324
usa-universities_and_degree_granting_institutions-2585,2585,USA,universities_and_degree_granting_institutions,University of Wyoming,Laramie · WY,uwyo.edu,https://uwyo.edu,True,logos/usa_2585_university_of_wyoming.png,USA_Universities_Directory.pdf,325
usa-universities_and_degree_granting_institutions-2586,2586,USA,universities_and_degree_granting_institutions,University System of Maryland,Baltimore · MD,usmd.edu,https://usmd.edu,True,logos/usa_2586_university_system_of_maryland.png,USA_Universities_Directory.pdf,325
usa-universities_and_degree_granting_institutions-2587,2587,USA,universities_and_degree_granting_institutions,University System of Maryland-Research Centers,Baltimore · MD,usmd.edu,https://usmd.edu,True,logos/usa_2587_university_system_of_maryland_research_centers.png,USA_Universities_Directory.pdf,325
usa-universities_and_degree_granting_institutions-2588,2588,USA,universities_and_degree_granting_institutions,University System of New Hampshire System Office,Concord · NH,usnh.edu,https://usnh.edu,True,logos/usa_2588_university_system_of_new_hampshire_system_office.png,USA_Universities_Directory.pdf,325
usa-universities_and_degree_granting_institutions-2589,2589,USA,universities_and_degree_granting_institutions,Upper Iowa University,Fayette · IA,uiu.edu,https://uiu.edu,True,logos/usa_2589_upper_iowa_university.png,USA_Universities_Directory.pdf,325
usa-universities_and_degree_granting_institutions-2590,2590,USA,universities_and_degree_granting_institutions,Upstate Medical University,Syracuse · NY,upstate.edu,https://upstate.edu,True,logos/usa_2590_upstate_medical_university.png,USA_Universities_Directory.pdf,325
usa-universities_and_degree_granting_institutions-2591,2591,USA,universities_and_degree_granting_institutions,URBE University,Sweetwater · FL,urbeuniversity.edu,https://urbeuniversity.edu,True,logos/usa_2591_urbe_university.png,USA_Universities_Directory.pdf,325
usa-universities_and_degree_granting_institutions-2592,2592,USA,universities_and_degree_granting_institutions,Urshan Graduate School of Theology,Wentzville · MO,urshan.edu,https://urshan.edu,True,logos/usa_2592_urshan_graduate_school_of_theology.png,USA_Universities_Directory.pdf,325
usa-universities_and_degree_granting_institutions-2593,2593,USA,universities_and_degree_granting_institutions,Urshan University,Wentzville · MO,urshan.edu,https://urshan.edu,True,logos/usa_2593_urshan_university.png,USA_Universities_Directory.pdf,326
usa-universities_and_degree_granting_institutions-2594,2594,USA,universities_and_degree_granting_institutions,Ursinus College,Collegeville · PA,ursinus.edu,https://ursinus.edu,True,logos/usa_2594_ursinus_college.png,USA_Universities_Directory.pdf,326
usa-universities_and_degree_granting_institutions-2595,2595,USA,universities_and_degree_granting_institutions,Ursuline College,Pepper Pike · OH,ursuline.edu,https://ursuline.edu,True,logos/usa_2595_ursuline_college.png,USA_Universities_Directory.pdf,326
usa-universities_and_degree_granting_institutions-2596,2596,USA,universities_and_degree_granting_institutions,Uta Mesivta of Kiryas Joel,Monroe · NY,utam.edu,https://utam.edu,False,,USA_Universities_Directory.pdf,326
usa-universities_and_degree_granting_institutions-2597,2597,USA,universities_and_degree_granting_institutions,Utah State University,Logan · UT,usu.edu,https://usu.edu,True,logos/usa_2597_utah_state_university.png,USA_Universities_Directory.pdf,326
usa-universities_and_degree_granting_institutions-2598,2598,USA,universities_and_degree_granting_institutions,Utah Tech University,Saint George · UT,utahtech.edu,https://utahtech.edu,True,logos/usa_2598_utah_tech_university.png,USA_Universities_Directory.pdf,326
usa-universities_and_degree_granting_institutions-2599,2599,USA,universities_and_degree_granting_institutions,Utah Valley University,Orem · UT,uvu.edu,https://uvu.edu,True,logos/usa_2599_utah_valley_university.png,USA_Universities_Directory.pdf,326
usa-universities_and_degree_granting_institutions-2600,2600,USA,universities_and_degree_granting_institutions,Utica University,Utica · NY,utica.edu,https://utica.edu,True,logos/usa_2600_utica_university.png,USA_Universities_Directory.pdf,326
usa-universities_and_degree_granting_institutions-2601,2601,USA,universities_and_degree_granting_institutions,Valdosta State University,Valdosta · GA,valdosta.edu,https://valdosta.edu,True,logos/usa_2601_valdosta_state_university.png,USA_Universities_Directory.pdf,327
usa-universities_and_degree_granting_institutions-2602,2602,USA,universities_and_degree_granting_institutions,Valencia College,Orlando · FL,valenciacollege.edu,https://valenciacollege.edu,True,logos/usa_2602_valencia_college.png,USA_Universities_Directory.pdf,327
usa-universities_and_degree_granting_institutions-2603,2603,USA,universities_and_degree_granting_institutions,Valley City State University,Valley City · ND,vcsu.edu,https://vcsu.edu,True,logos/usa_2603_valley_city_state_university.png,USA_Universities_Directory.pdf,327
usa-universities_and_degree_granting_institutions-2604,2604,USA,universities_and_degree_granting_institutions,Valley College-Martinsburg,Martinsburg · WV,valley.edu,https://valley.edu,True,logos/usa_2604_valley_college_martinsburg.png,USA_Universities_Directory.pdf,327
usa-universities_and_degree_granting_institutions-2605,2605,USA,universities_and_degree_granting_institutions,Valor Christian College,Canal Winchester · OH,valorcollege.edu,https://valorcollege.edu,True,logos/usa_2605_valor_christian_college.png,USA_Universities_Directory.pdf,327
usa-universities_and_degree_granting_institutions-2606,2606,USA,universities_and_degree_granting_institutions,Valparaiso University,Valparaiso · IN,valpo.edu,https://valpo.edu,True,logos/usa_2606_valparaiso_university.png,USA_Universities_Directory.pdf,327
usa-universities_and_degree_granting_institutions-2607,2607,USA,universities_and_degree_granting_institutions,Vanderbilt University,Nashville · TN,vanderbilt.edu,https://vanderbilt.edu,True,logos/usa_2607_vanderbilt_university.png,USA_Universities_Directory.pdf,327
usa-universities_and_degree_granting_institutions-2608,2608,USA,universities_and_degree_granting_institutions,VanderCook College of Music,Chicago · IL,vandercook.edu,https://vandercook.edu,True,logos/usa_2608_vandercook_college_of_music.png,USA_Universities_Directory.pdf,327
usa-universities_and_degree_granting_institutions-2609,2609,USA,universities_and_degree_granting_institutions,Vanguard University of Southern California,Costa Mesa · CA,vanguard.edu,https://vanguard.edu,True,logos/usa_2609_vanguard_university_of_southern_california.png,USA_Universities_Directory.pdf,328
usa-universities_and_degree_granting_institutions-2610,2610,USA,universities_and_degree_granting_institutions,Vassar College,Poughkeepsie · NY,vassar.edu,https://vassar.edu,True,logos/usa_2610_vassar_college.png,USA_Universities_Directory.pdf,328
usa-universities_and_degree_granting_institutions-2611,2611,USA,universities_and_degree_granting_institutions,Vaughn College of Aeronautics and Technology,Flushing · NY,vaughn.edu,https://vaughn.edu,True,logos/usa_2611_vaughn_college_of_aeronautics_and_technology.png,USA_Universities_Directory.pdf,328
usa-universities_and_degree_granting_institutions-2612,2612,USA,universities_and_degree_granting_institutions,Veritas Baptist College,Lawrenceburg · IN,vbc.edu,https://vbc.edu,True,logos/usa_2612_veritas_baptist_college.png,USA_Universities_Directory.pdf,328
usa-universities_and_degree_granting_institutions-2613,2613,USA,universities_and_degree_granting_institutions,Vermont College of Fine Arts,Montpelier · VT,vcfa.edu,https://vcfa.edu,True,logos/usa_2613_vermont_college_of_fine_arts.png,USA_Universities_Directory.pdf,328
usa-universities_and_degree_granting_institutions-2614,2614,USA,universities_and_degree_granting_institutions,Vermont Law and Graduate School,South Royalton · VT,vermontlaw.edu,https://vermontlaw.edu,True,logos/usa_2614_vermont_law_and_graduate_school.png,USA_Universities_Directory.pdf,328
usa-universities_and_degree_granting_institutions-2615,2615,USA,universities_and_degree_granting_institutions,Vermont State Colleges-Office of the Chancellor,Montpelier · VT,vsc.edu,https://vsc.edu,True,logos/usa_2615_vermont_state_colleges_office_of_the_chancellor.png,USA_Universities_Directory.pdf,328
usa-universities_and_degree_granting_institutions-2616,2616,USA,universities_and_degree_granting_institutions,Vermont State University,Randolph · VT,vermontstate.edu,https://vermontstate.edu,True,logos/usa_2616_vermont_state_university.png,USA_Universities_Directory.pdf,328
usa-universities_and_degree_granting_institutions-2617,2617,USA,universities_and_degree_granting_institutions,Villa Maria College,Buffalo · NY,villa.edu,https://villa.edu,True,logos/usa_2617_villa_maria_college.png,USA_Universities_Directory.pdf,329
usa-universities_and_degree_granting_institutions-2618,2618,USA,universities_and_degree_granting_institutions,Villanova University,Villanova · PA,villanova.edu,https://villanova.edu,True,logos/usa_2618_villanova_university.png,USA_Universities_Directory.pdf,329
usa-universities_and_degree_granting_institutions-2619,2619,USA,universities_and_degree_granting_institutions,Vincennes University,Vincennes,vinu.edu,https://vinu.edu,True,logos/usa_2619_vincennes_university.png,USA_Universities_Directory.pdf,329
usa-universities_and_degree_granting_institutions-2620,2620,USA,universities_and_degree_granting_institutions,Virginia Beach Theological Seminary,Virginia Beach · VA,vbts.edu,https://vbts.edu,True,logos/usa_2620_virginia_beach_theological_seminary.png,USA_Universities_Directory.pdf,329
usa-universities_and_degree_granting_institutions-2621,2621,USA,universities_and_degree_granting_institutions,Virginia Commonwealth University,Richmond · VA,vcu.edu,https://vcu.edu,True,logos/usa_2621_virginia_commonwealth_university.png,USA_Universities_Directory.pdf,329
usa-universities_and_degree_granting_institutions-2622,2622,USA,universities_and_degree_granting_institutions,Virginia Military Institute,Lexington · VA,vmi.edu,https://vmi.edu,True,logos/usa_2622_virginia_military_institute.png,USA_Universities_Directory.pdf,329
usa-universities_and_degree_granting_institutions-2623,2623,USA,universities_and_degree_granting_institutions,Virginia Polytechnic Institute and State University,Blacksburg · VA,vt.edu,https://vt.edu,True,logos/usa_2623_virginia_polytechnic_institute_and_state_university.png,USA_Universities_Directory.pdf,329
usa-universities_and_degree_granting_institutions-2624,2624,USA,universities_and_degree_granting_institutions,Virginia State University,Petersburg · VA,vsu.edu,https://vsu.edu,True,logos/usa_2624_virginia_state_university.png,USA_Universities_Directory.pdf,329
usa-universities_and_degree_granting_institutions-2625,2625,USA,universities_and_degree_granting_institutions,Virginia Union University,Richmond · VA,vuu.edu,https://vuu.edu,True,logos/usa_2625_virginia_union_university.png,USA_Universities_Directory.pdf,330
usa-universities_and_degree_granting_institutions-2626,2626,USA,universities_and_degree_granting_institutions,Virginia University of Integrative Medicine,Vienna · VA,vuim.edu,https://vuim.edu,True,logos/usa_2626_virginia_university_of_integrative_medicine.png,USA_Universities_Directory.pdf,330
usa-universities_and_degree_granting_institutions-2627,2627,USA,universities_and_degree_granting_institutions,Virginia University of Lynchburg,Lynchburg · VA,vul.edu,https://vul.edu,True,logos/usa_2627_virginia_university_of_lynchburg.png,USA_Universities_Directory.pdf,330
usa-universities_and_degree_granting_institutions-2628,2628,USA,universities_and_degree_granting_institutions,Virginia Wesleyan University,Virginia Beach · VA,vwu.edu,https://vwu.edu,True,logos/usa_2628_virginia_wesleyan_university.png,USA_Universities_Directory.pdf,330
usa-universities_and_degree_granting_institutions-2629,2629,USA,universities_and_degree_granting_institutions,Visible Music College,Memphis · TN,visible.edu,https://visible.edu,False,,USA_Universities_Directory.pdf,330
usa-universities_and_degree_granting_institutions-2630,2630,USA,universities_and_degree_granting_institutions,Viterbo University,La Crosse · WI,viterbo.edu,https://viterbo.edu,True,logos/usa_2630_viterbo_university.png,USA_Universities_Directory.pdf,330
usa-universities_and_degree_granting_institutions-2631,2631,USA,universities_and_degree_granting_institutions,Voorhees University,Denmark · SC,voorhees.edu,https://voorhees.edu,True,logos/usa_2631_voorhees_university.png,USA_Universities_Directory.pdf,330
usa-universities_and_degree_granting_institutions-2632,2632,USA,universities_and_degree_granting_institutions,Wabash College,Crawfordsville · IN,wabash.edu,https://wabash.edu,True,logos/usa_2632_wabash_college.png,USA_Universities_Directory.pdf,330
usa-universities_and_degree_granting_institutions-2633,2633,USA,universities_and_degree_granting_institutions,Wade College,Dallas · TX,wadecollege.edu,https://wadecollege.edu,True,logos/usa_2633_wade_college.png,USA_Universities_Directory.pdf,331
usa-universities_and_degree_granting_institutions-2634,2634,USA,universities_and_degree_granting_institutions,Wagner College,Staten Island · NY,wagner.edu,https://wagner.edu,True,logos/usa_2634_wagner_college.png,USA_Universities_Directory.pdf,331
usa-universities_and_degree_granting_institutions-2635,2635,USA,universities_and_degree_granting_institutions,Wake Forest University,Winston-Salem · NC,wfu.edu,https://wfu.edu,True,logos/usa_2635_wake_forest_university.png,USA_Universities_Directory.pdf,331
usa-universities_and_degree_granting_institutions-2636,2636,USA,universities_and_degree_granting_institutions,Walden University,Minneapolis · MN,waldenu.edu,https://waldenu.edu,True,logos/usa_2636_walden_university.png,USA_Universities_Directory.pdf,331
usa-universities_and_degree_granting_institutions-2637,2637,USA,universities_and_degree_granting_institutions,Waldorf University,Forest City · IA,waldorf.edu,https://waldorf.edu,True,logos/usa_2637_waldorf_university.png,USA_Universities_Directory.pdf,331
usa-universities_and_degree_granting_institutions-2638,2638,USA,universities_and_degree_granting_institutions,Walla Walla Community College,Walla Walla,wwcc.edu,https://wwcc.edu,True,logos/usa_2638_walla_walla_community_college.png,USA_Universities_Directory.pdf,331
usa-universities_and_degree_granting_institutions-2639,2639,USA,universities_and_degree_granting_institutions,Walla Walla University,College Place · WA,wallawalla.edu,https://wallawalla.edu,True,logos/usa_2639_walla_walla_university.png,USA_Universities_Directory.pdf,331
usa-universities_and_degree_granting_institutions-2640,2640,USA,universities_and_degree_granting_institutions,Walnut Hill College,Philadelphia · PA,walnuthillcollege.edu,https://walnuthillcollege.edu,True,logos/usa_2640_walnut_hill_college.png,USA_Universities_Directory.pdf,331
usa-universities_and_degree_granting_institutions-2641,2641,USA,universities_and_degree_granting_institutions,Walsh College,Troy · MI,walshcollege.edu,https://walshcollege.edu,True,logos/usa_2641_walsh_college.png,USA_Universities_Directory.pdf,332
usa-universities_and_degree_granting_institutions-2642,2642,USA,universities_and_degree_granting_institutions,Walsh University,North Canton · OH,walsh.edu,https://walsh.edu,True,logos/usa_2642_walsh_university.png,USA_Universities_Directory.pdf,332
usa-universities_and_degree_granting_institutions-2643,2643,USA,universities_and_degree_granting_institutions,Warner Pacific University,Portland,warnerpacific.edu,https://warnerpacific.edu,True,logos/usa_2643_warner_pacific_university.png,USA_Universities_Directory.pdf,332
usa-universities_and_degree_granting_institutions-2644,2644,USA,universities_and_degree_granting_institutions,Warner Pacific University Professional and Graduate Studies,Portland,warnerpacific.edu,https://warnerpacific.edu,True,logos/usa_2644_warner_pacific_university_professional_and_graduate_studies.png,USA_Universities_Directory.pdf,332
usa-universities_and_degree_granting_institutions-2645,2645,USA,universities_and_degree_granting_institutions,Warner University,Lake Wales · FL,warner.edu,https://warner.edu,True,logos/usa_2645_warner_university.png,USA_Universities_Directory.pdf,332
usa-universities_and_degree_granting_institutions-2646,2646,USA,universities_and_degree_granting_institutions,Warren Wilson College,Swannanoa · NC,warren-wilson.edu,https://warren-wilson.edu,True,logos/usa_2646_warren_wilson_college.png,USA_Universities_Directory.pdf,332
usa-universities_and_degree_granting_institutions-2647,2647,USA,universities_and_degree_granting_institutions,Wartburg College,Waverly · IA,wartburg.edu,https://wartburg.edu,True,logos/usa_2647_wartburg_college.png,USA_Universities_Directory.pdf,332
usa-universities_and_degree_granting_institutions-2648,2648,USA,universities_and_degree_granting_institutions,Wartburg Theological Seminary,Dubuque · IA,wartburgseminary.edu,https://wartburgseminary.edu,True,logos/usa_2648_wartburg_theological_seminary.png,USA_Universities_Directory.pdf,332
usa-universities_and_degree_granting_institutions-2649,2649,USA,universities_and_degree_granting_institutions,Washburn University,Topeka · KS,washburn.edu,https://washburn.edu,True,logos/usa_2649_washburn_university.png,USA_Universities_Directory.pdf,333
usa-universities_and_degree_granting_institutions-2650,2650,USA,universities_and_degree_granting_institutions,Washington & Jefferson College,Washington · PA,washjeff.edu,https://washjeff.edu,True,logos/usa_2650_washington_jefferson_college.png,USA_Universities_Directory.pdf,333
usa-universities_and_degree_granting_institutions-2651,2651,USA,universities_and_degree_granting_institutions,Washington Adventist University,Takoma Park · MD,wau.edu,https://wau.edu,True,logos/usa_2651_washington_adventist_university.png,USA_Universities_Directory.pdf,333
usa-universities_and_degree_granting_institutions-2652,2652,USA,universities_and_degree_granting_institutions,Washington and Lee University,Lexington · VA,wlu.edu,https://wlu.edu,True,logos/usa_2652_washington_and_lee_university.png,USA_Universities_Directory.pdf,333
usa-universities_and_degree_granting_institutions-2653,2653,USA,universities_and_degree_granting_institutions,Washington College,Chestertown · MD,washcoll.edu,https://washcoll.edu,False,,USA_Universities_Directory.pdf,333
usa-universities_and_degree_granting_institutions-2654,2654,USA,universities_and_degree_granting_institutions,Washington State College of Ohio,Marietta · OH,wsco.edu,https://wsco.edu,True,logos/usa_2654_washington_state_college_of_ohio.png,USA_Universities_Directory.pdf,333
usa-universities_and_degree_granting_institutions-2655,2655,USA,universities_and_degree_granting_institutions,Washington State University,Pullman · WA,wsu.edu,https://wsu.edu,True,logos/usa_2655_washington_state_university.png,USA_Universities_Directory.pdf,333
usa-universities_and_degree_granting_institutions-2656,2656,USA,universities_and_degree_granting_institutions,Washington University in St Louis,St. Louis · MO,washu.edu,https://washu.edu,True,logos/usa_2656_washington_university_in_st_louis.png,USA_Universities_Directory.pdf,333
usa-universities_and_degree_granting_institutions-2657,2657,USA,universities_and_degree_granting_institutions,Washington University of Science and Technology,Alexandria · VA,wust.edu,https://wust.edu,True,logos/usa_2657_washington_university_of_science_and_technology.png,USA_Universities_Directory.pdf,334
usa-universities_and_degree_granting_institutions-2658,2658,USA,universities_and_degree_granting_institutions,Watts College of Nursing,Durham · NC,wattscollegeofnursing.edu,https://wattscollegeofnursing.edu,True,logos/usa_2658_watts_college_of_nursing.png,USA_Universities_Directory.pdf,334
usa-universities_and_degree_granting_institutions-2659,2659,USA,universities_and_degree_granting_institutions,Wayland Baptist University,Plainview · TX,wbu.edu,https://wbu.edu,True,logos/usa_2659_wayland_baptist_university.png,USA_Universities_Directory.pdf,334
usa-universities_and_degree_granting_institutions-2660,2660,USA,universities_and_degree_granting_institutions,Wayne State College,Wayne,wsc.edu,https://wsc.edu,True,logos/usa_2660_wayne_state_college.png,USA_Universities_Directory.pdf,334
usa-universities_and_degree_granting_institutions-2661,2661,USA,universities_and_degree_granting_institutions,Wayne State University,Detroit · MI,wayne.edu,https://wayne.edu,True,logos/usa_2661_wayne_state_university.png,USA_Universities_Directory.pdf,334
usa-universities_and_degree_granting_institutions-2662,2662,USA,universities_and_degree_granting_institutions,Waynesburg University,Waynesburg · PA,waynesburg.edu,https://waynesburg.edu,True,logos/usa_2662_waynesburg_university.png,USA_Universities_Directory.pdf,334
usa-universities_and_degree_granting_institutions-2663,2663,USA,universities_and_degree_granting_institutions,Weatherford College,Weatherford · TX,wc.edu,https://wc.edu,False,,USA_Universities_Directory.pdf,334
usa-universities_and_degree_granting_institutions-2664,2664,USA,universities_and_degree_granting_institutions,Webb Institute,Glen Cove · NY,webb.edu,https://webb.edu,True,logos/usa_2664_webb_institute.png,USA_Universities_Directory.pdf,334
usa-universities_and_degree_granting_institutions-2665,2665,USA,universities_and_degree_granting_institutions,Webber International University,Babson Park · FL,webber.edu,https://webber.edu,False,,USA_Universities_Directory.pdf,335
usa-universities_and_degree_granting_institutions-2666,2666,USA,universities_and_degree_granting_institutions,Weber State University,Ogden · UT,weber.edu,https://weber.edu,True,logos/usa_2666_weber_state_university.png,USA_Universities_Directory.pdf,335
usa-universities_and_degree_granting_institutions-2667,2667,USA,universities_and_degree_granting_institutions,Webster University,Saint Louis · MO,webster.edu,https://webster.edu,True,logos/usa_2667_webster_university.png,USA_Universities_Directory.pdf,335
usa-universities_and_degree_granting_institutions-2668,2668,USA,universities_and_degree_granting_institutions,Weill Medical College of Cornell University,New York · NY,weill.cornell.edu,https://weill.cornell.edu,True,logos/usa_2668_weill_medical_college_of_cornell_university.png,USA_Universities_Directory.pdf,335
usa-universities_and_degree_granting_institutions-2669,2669,USA,universities_and_degree_granting_institutions,Welch College,Gallatin · TN,welch.edu,https://welch.edu,True,logos/usa_2669_welch_college.png,USA_Universities_Directory.pdf,335
usa-universities_and_degree_granting_institutions-2670,2670,USA,universities_and_degree_granting_institutions,Wellesley College,Wellesley · MA,wellesley.edu,https://wellesley.edu,True,logos/usa_2670_wellesley_college.png,USA_Universities_Directory.pdf,335
usa-universities_and_degree_granting_institutions-2671,2671,USA,universities_and_degree_granting_institutions,Wenatchee Valley College,Wenatchee · WA,wvc.edu,https://wvc.edu,True,logos/usa_2671_wenatchee_valley_college.png,USA_Universities_Directory.pdf,335
usa-universities_and_degree_granting_institutions-2672,2672,USA,universities_and_degree_granting_institutions,Wentworth Institute of Technology,Boston · MA,wit.edu,https://wit.edu,True,logos/usa_2672_wentworth_institute_of_technology.png,USA_Universities_Directory.pdf,335
usa-universities_and_degree_granting_institutions-2673,2673,USA,universities_and_degree_granting_institutions,Wesley Biblical Seminary,Ridgeland · MS,wbs.edu,https://wbs.edu,False,,USA_Universities_Directory.pdf,336
usa-universities_and_degree_granting_institutions-2674,2674,USA,universities_and_degree_granting_institutions,Wesley Theological Seminary,Washington · DC,wesleyseminary.edu,https://wesleyseminary.edu,True,logos/usa_2674_wesley_theological_seminary.png,USA_Universities_Directory.pdf,336
usa-universities_and_degree_granting_institutions-2675,2675,USA,universities_and_degree_granting_institutions,Wesleyan College,Macon · GA,wesleyancollege.edu,https://wesleyancollege.edu,True,logos/usa_2675_wesleyan_college.png,USA_Universities_Directory.pdf,336
usa-universities_and_degree_granting_institutions-2676,2676,USA,universities_and_degree_granting_institutions,Wesleyan University,Middletown · CT,wesleyan.edu,https://wesleyan.edu,True,logos/usa_2676_wesleyan_university.png,USA_Universities_Directory.pdf,336
usa-universities_and_degree_granting_institutions-2677,2677,USA,universities_and_degree_granting_institutions,West Chester University of Pennsylvania,West Chester · PA,wcupa.edu,https://wcupa.edu,True,logos/usa_2677_west_chester_university_of_pennsylvania.png,USA_Universities_Directory.pdf,336
usa-universities_and_degree_granting_institutions-2678,2678,USA,universities_and_degree_granting_institutions,West Coast University-Center for Graduate Studies,Los Angeles · CA,westcoastuniversity.edu,https://westcoastuniversity.edu,True,logos/usa_2678_west_coast_university_center_for_graduate_studies.png,USA_Universities_Directory.pdf,336
usa-universities_and_degree_granting_institutions-2679,2679,USA,universities_and_degree_granting_institutions,West Coast University-Los Angeles,North Hollywood · CA,westcoastuniversity.edu,https://westcoastuniversity.edu,True,logos/usa_2679_west_coast_university_los_angeles.png,USA_Universities_Directory.pdf,336
usa-universities_and_degree_granting_institutions-2680,2680,USA,universities_and_degree_granting_institutions,West Coast University-Miami,Doral · FL,westcoastuniversity.edu,https://westcoastuniversity.edu,True,logos/usa_2680_west_coast_university_miami.png,USA_Universities_Directory.pdf,336
usa-universities_and_degree_granting_institutions-2681,2681,USA,universities_and_degree_granting_institutions,West Coast University-Ontario,Ontario · CA,westcoastuniversity.edu,https://westcoastuniversity.edu,True,logos/usa_2681_west_coast_university_ontario.png,USA_Universities_Directory.pdf,337
usa-universities_and_degree_granting_institutions-2682,2682,USA,universities_and_degree_granting_institutions,West Coast University-Orange County,Anaheim · CA,westcoastuniversity.edu,https://westcoastuniversity.edu,True,logos/usa_2682_west_coast_university_orange_county.png,USA_Universities_Directory.pdf,337
usa-universities_and_degree_granting_institutions-2683,2683,USA,universities_and_degree_granting_institutions,West Coast University-Texas,Richardson · TX,westcoastuniversity.edu,https://westcoastuniversity.edu,True,logos/usa_2683_west_coast_university_texas.png,USA_Universities_Directory.pdf,337
usa-universities_and_degree_granting_institutions-2684,2684,USA,universities_and_degree_granting_institutions,West Liberty University,West Liberty · WV,westliberty.edu,https://westliberty.edu,True,logos/usa_2684_west_liberty_university.png,USA_Universities_Directory.pdf,337
usa-universities_and_degree_granting_institutions-2685,2685,USA,universities_and_degree_granting_institutions,West Los Angeles College,Culver City · CA,wlac.edu,https://wlac.edu,True,logos/usa_2685_west_los_angeles_college.png,USA_Universities_Directory.pdf,337
usa-universities_and_degree_granting_institutions-2686,2686,USA,universities_and_degree_granting_institutions,West Texas A & M University,Canyon · TX,wtamu.edu,https://wtamu.edu,True,logos/usa_2686_west_texas_a_m_university.png,USA_Universities_Directory.pdf,337
usa-universities_and_degree_granting_institutions-2687,2687,USA,universities_and_degree_granting_institutions,West Virginia Junior College-Morgantown,Morgantown · WV,wvjc.edu,https://wvjc.edu,True,logos/usa_2687_west_virginia_junior_college_morgantown.png,USA_Universities_Directory.pdf,337
usa-universities_and_degree_granting_institutions-2688,2688,USA,universities_and_degree_granting_institutions,West Virginia School of Osteopathic Medicine,Lewisburg · WV,wvsom.edu,https://wvsom.edu,True,logos/usa_2688_west_virginia_school_of_osteopathic_medicine.png,USA_Universities_Directory.pdf,337
usa-universities_and_degree_granting_institutions-2689,2689,USA,universities_and_degree_granting_institutions,West Virginia State University,Institute · WV,wvstateu.edu,https://wvstateu.edu,True,logos/usa_2689_west_virginia_state_university.png,USA_Universities_Directory.pdf,338
usa-universities_and_degree_granting_institutions-2690,2690,USA,universities_and_degree_granting_institutions,West Virginia University,Morgantown · WV,wvu.edu,https://wvu.edu,True,logos/usa_2690_west_virginia_university.png,USA_Universities_Directory.pdf,338
usa-universities_and_degree_granting_institutions-2691,2691,USA,universities_and_degree_granting_institutions,West Virginia University at Parkersburg,Parkersburg · WV,wvup.edu,https://wvup.edu,True,logos/usa_2691_west_virginia_university_at_parkersburg.png,USA_Universities_Directory.pdf,338
usa-universities_and_degree_granting_institutions-2692,2692,USA,universities_and_degree_granting_institutions,West Virginia University Institute of Technology,Beckley · WV,wvutech.edu,https://wvutech.edu,True,logos/usa_2692_west_virginia_university_institute_of_technology.png,USA_Universities_Directory.pdf,338
usa-universities_and_degree_granting_institutions-2693,2693,USA,universities_and_degree_granting_institutions,West Virginia Wesleyan College,Buckhannon · WV,wvwc.edu,https://wvwc.edu,True,logos/usa_2693_west_virginia_wesleyan_college.png,USA_Universities_Directory.pdf,338
usa-universities_and_degree_granting_institutions-2694,2694,USA,universities_and_degree_granting_institutions,Westcliff University,Irvine · CA,westcliff.edu,https://westcliff.edu,True,logos/usa_2694_westcliff_university.png,USA_Universities_Directory.pdf,338
usa-universities_and_degree_granting_institutions-2695,2695,USA,universities_and_degree_granting_institutions,Western Carolina University,Cullowhee · NC,wcu.edu,https://wcu.edu,True,logos/usa_2695_western_carolina_university.png,USA_Universities_Directory.pdf,338
usa-universities_and_degree_granting_institutions-2696,2696,USA,universities_and_degree_granting_institutions,Western Colorado University,Gunnison · CO,western.edu,https://western.edu,True,logos/usa_2696_western_colorado_university.png,USA_Universities_Directory.pdf,338
usa-universities_and_degree_granting_institutions-2697,2697,USA,universities_and_degree_granting_institutions,Western Connecticut State University,Danbury · CT,wcsu.edu,https://wcsu.edu,True,logos/usa_2697_western_connecticut_state_university.png,USA_Universities_Directory.pdf,339
usa-universities_and_degree_granting_institutions-2698,2698,USA,universities_and_degree_granting_institutions,Western Governors University,Salt Lake City · UT,wgu.edu,https://wgu.edu,True,logos/usa_2698_western_governors_university.png,USA_Universities_Directory.pdf,339
usa-universities_and_degree_granting_institutions-2699,2699,USA,universities_and_degree_granting_institutions,Western Illinois University,Macomb · IL,wiu.edu,https://wiu.edu,True,logos/usa_2699_western_illinois_university.png,USA_Universities_Directory.pdf,339
usa-universities_and_degree_granting_institutions-2700,2700,USA,universities_and_degree_granting_institutions,Western Kentucky University,Bowling Green · KY,wku.edu,https://wku.edu,True,logos/usa_2700_western_kentucky_university.png,USA_Universities_Directory.pdf,339
usa-universities_and_degree_granting_institutions-2701,2701,USA,universities_and_degree_granting_institutions,Western Michigan University,Kalamazoo · MI,wmich.edu,https://wmich.edu,True,logos/usa_2701_western_michigan_university.png,USA_Universities_Directory.pdf,339
usa-universities_and_degree_granting_institutions-2702,2702,USA,universities_and_degree_granting_institutions,Western Michigan University Homer Stryker M.D. School of Medicine,Kalamazoo · MI,wmed.edu,https://wmed.edu,True,logos/usa_2702_western_michigan_university_homer_stryker_m_d_school_of_medicine.png,USA_Universities_Directory.pdf,339
usa-universities_and_degree_granting_institutions-2703,2703,USA,universities_and_degree_granting_institutions,Western Nevada College,Carson City · NV,wnc.edu,https://wnc.edu,True,logos/usa_2703_western_nevada_college.png,USA_Universities_Directory.pdf,339
usa-universities_and_degree_granting_institutions-2704,2704,USA,universities_and_degree_granting_institutions,Western New England University,Springfield · MA,wne.edu,https://wne.edu,True,logos/usa_2704_western_new_england_university.png,USA_Universities_Directory.pdf,339
usa-universities_and_degree_granting_institutions-2705,2705,USA,universities_and_degree_granting_institutions,Western New Mexico University,Silver City · NM,wnmu.edu,https://wnmu.edu,True,logos/usa_2705_western_new_mexico_university.png,USA_Universities_Directory.pdf,340
usa-universities_and_degree_granting_institutions-2706,2706,USA,universities_and_degree_granting_institutions,Western Oregon University,Monmouth · OR,wou.edu,https://wou.edu,True,logos/usa_2706_western_oregon_university.png,USA_Universities_Directory.pdf,340
usa-universities_and_degree_granting_institutions-2707,2707,USA,universities_and_degree_granting_institutions,Western Seminary,Portland,westernseminary.edu,https://westernseminary.edu,True,logos/usa_2707_western_seminary.png,USA_Universities_Directory.pdf,340
usa-universities_and_degree_granting_institutions-2708,2708,USA,universities_and_degree_granting_institutions,Western Technical College,El Paso · TX,westerntech.edu,https://westerntech.edu,True,logos/usa_2708_western_technical_college.png,USA_Universities_Directory.pdf,340
usa-universities_and_degree_granting_institutions-2709,2709,USA,universities_and_degree_granting_institutions,Western Technical College,El Paso · TX,westerntech.edu,https://westerntech.edu,True,logos/usa_2709_western_technical_college.png,USA_Universities_Directory.pdf,340
usa-universities_and_degree_granting_institutions-2710,2710,USA,universities_and_degree_granting_institutions,Western Theological Seminary,Holland · MI,westernsem.edu,https://westernsem.edu,True,logos/usa_2710_western_theological_seminary.png,USA_Universities_Directory.pdf,340
usa-universities_and_degree_granting_institutions-2711,2711,USA,universities_and_degree_granting_institutions,Western University of Health Sciences,Pomona · CA,westernu.edu,https://westernu.edu,True,logos/usa_2711_western_university_of_health_sciences.png,USA_Universities_Directory.pdf,340
usa-universities_and_degree_granting_institutions-2712,2712,USA,universities_and_degree_granting_institutions,Western Washington University,Bellingham · WA,wwu.edu,https://wwu.edu,True,logos/usa_2712_western_washington_university.png,USA_Universities_Directory.pdf,340
usa-universities_and_degree_granting_institutions-2713,2713,USA,universities_and_degree_granting_institutions,Western Wyoming Community College,Rock Springs · WY,westernwyoming.edu,https://westernwyoming.edu,True,logos/usa_2713_western_wyoming_community_college.png,USA_Universities_Directory.pdf,341
usa-universities_and_degree_granting_institutions-2714,2714,USA,universities_and_degree_granting_institutions,Westfield State University,Westfield · MA,westfield.ma.edu,https://westfield.ma.edu,True,logos/usa_2714_westfield_state_university.png,USA_Universities_Directory.pdf,341
usa-universities_and_degree_granting_institutions-2715,2715,USA,universities_and_degree_granting_institutions,Westminster College,Fulton · MO,westminsteru.edu,https://westminsteru.edu,False,,USA_Universities_Directory.pdf,341
usa-universities_and_degree_granting_institutions-2716,2716,USA,universities_and_degree_granting_institutions,Westminster College,New Wilmington · PA,westminsteru.edu,https://westminsteru.edu,False,,USA_Universities_Directory.pdf,341
usa-universities_and_degree_granting_institutions-2717,2717,USA,universities_and_degree_granting_institutions,Westminster Theological Seminary,Glenside · PA,wts.edu,https://wts.edu,True,logos/usa_2717_westminster_theological_seminary.png,USA_Universities_Directory.pdf,341
usa-universities_and_degree_granting_institutions-2718,2718,USA,universities_and_degree_granting_institutions,Westminster Theological Seminary in California,Escondido · CA,wscal.edu,https://wscal.edu,True,logos/usa_2718_westminster_theological_seminary_in_california.png,USA_Universities_Directory.pdf,341
usa-universities_and_degree_granting_institutions-2719,2719,USA,universities_and_degree_granting_institutions,Westminster University,Salt Lake City · UT,westminstercollege.edu,https://westminstercollege.edu,False,,USA_Universities_Directory.pdf,341
usa-universities_and_degree_granting_institutions-2720,2720,USA,universities_and_degree_granting_institutions,Westmont College,Santa Barbara · CA,westmont.edu,https://westmont.edu,True,logos/usa_2720_westmont_college.png,USA_Universities_Directory.pdf,341
usa-universities_and_degree_granting_institutions-2721,2721,USA,universities_and_degree_granting_institutions,Whatcom Community College,Bellingham · WA,whatcom.edu,https://whatcom.edu,True,logos/usa_2721_whatcom_community_college.png,USA_Universities_Directory.pdf,342
usa-universities_and_degree_granting_institutions-2722,2722,USA,universities_and_degree_granting_institutions,Wheaton College,Wheaton · IL,wheaton.edu,https://wheaton.edu,True,logos/usa_2722_wheaton_college.png,USA_Universities_Directory.pdf,342
usa-universities_and_degree_granting_institutions-2723,2723,USA,universities_and_degree_granting_institutions,Wheaton College (Massachusetts),Norton · MA,wheatoncollege.edu,https://wheatoncollege.edu,True,logos/usa_2723_wheaton_college_massachusetts.png,USA_Universities_Directory.pdf,342
usa-universities_and_degree_granting_institutions-2724,2724,USA,universities_and_degree_granting_institutions,Wheeling University,Wheeling · WV,wheeling.edu,https://wheeling.edu,True,logos/usa_2724_wheeling_university.png,USA_Universities_Directory.pdf,342
usa-universities_and_degree_granting_institutions-2725,2725,USA,universities_and_degree_granting_institutions,Whitman College,Walla Walla,whitman.edu,https://whitman.edu,True,logos/usa_2725_whitman_college.png,USA_Universities_Directory.pdf,342
usa-universities_and_degree_granting_institutions-2726,2726,USA,universities_and_degree_granting_institutions,Whittier College,Whittier · CA,whittier.edu,https://whittier.edu,True,logos/usa_2726_whittier_college.png,USA_Universities_Directory.pdf,342
usa-universities_and_degree_granting_institutions-2727,2727,USA,universities_and_degree_granting_institutions,Whitworth University,Spokane · WA,whitworth.edu,https://whitworth.edu,True,logos/usa_2727_whitworth_university.png,USA_Universities_Directory.pdf,342
usa-universities_and_degree_granting_institutions-2728,2728,USA,universities_and_degree_granting_institutions,Whitworth University-Adult Degree Programs,Spokane · WA,whitworth.edu,https://whitworth.edu,True,logos/usa_2728_whitworth_university_adult_degree_programs.png,USA_Universities_Directory.pdf,342
usa-universities_and_degree_granting_institutions-2729,2729,USA,universities_and_degree_granting_institutions,Wichita State University,Wichita · KS,wichita.edu,https://wichita.edu,True,logos/usa_2729_wichita_state_university.png,USA_Universities_Directory.pdf,343
usa-universities_and_degree_granting_institutions-2730,2730,USA,universities_and_degree_granting_institutions,Widener University,Chester · PA,widener.edu,https://widener.edu,True,logos/usa_2730_widener_university.png,USA_Universities_Directory.pdf,343
usa-universities_and_degree_granting_institutions-2731,2731,USA,universities_and_degree_granting_institutions,Wilberforce University,Wilberforce · OH,wilberforce.edu,https://wilberforce.edu,True,logos/usa_2731_wilberforce_university.png,USA_Universities_Directory.pdf,343
usa-universities_and_degree_granting_institutions-2732,2732,USA,universities_and_degree_granting_institutions,Wiley University,Marshall · TX,wileyc.edu,https://wileyc.edu,True,logos/usa_2732_wiley_university.png,USA_Universities_Directory.pdf,343
usa-universities_and_degree_granting_institutions-2733,2733,USA,universities_and_degree_granting_institutions,Wilkes University,Wilkes-Barre · PA,wilkes.edu,https://wilkes.edu,True,logos/usa_2733_wilkes_university.png,USA_Universities_Directory.pdf,343
usa-universities_and_degree_granting_institutions-2734,2734,USA,universities_and_degree_granting_institutions,Willamette University,Salem · OR,willamette.edu,https://willamette.edu,True,logos/usa_2734_willamette_university.png,USA_Universities_Directory.pdf,343
usa-universities_and_degree_granting_institutions-2735,2735,USA,universities_and_degree_granting_institutions,William & Mary,Williamsburg · VA,wm.edu,https://wm.edu,True,logos/usa_2735_william_mary.png,USA_Universities_Directory.pdf,343
usa-universities_and_degree_granting_institutions-2736,2736,USA,universities_and_degree_granting_institutions,William Carey University,Hattiesburg · MS,wmcarey.edu,https://wmcarey.edu,True,logos/usa_2736_william_carey_university.png,USA_Universities_Directory.pdf,343
usa-universities_and_degree_granting_institutions-2737,2737,USA,universities_and_degree_granting_institutions,William James College,Newton · MA,williamjames.edu,https://williamjames.edu,True,logos/usa_2737_william_james_college.png,USA_Universities_Directory.pdf,344
usa-universities_and_degree_granting_institutions-2738,2738,USA,universities_and_degree_granting_institutions,William Jessup University,Rocklin · CA,jessup.edu,https://jessup.edu,True,logos/usa_2738_william_jessup_university.png,USA_Universities_Directory.pdf,344
usa-universities_and_degree_granting_institutions-2739,2739,USA,universities_and_degree_granting_institutions,William Jewell College,Liberty · MO,jewell.edu,https://jewell.edu,True,logos/usa_2739_william_jewell_college.png,USA_Universities_Directory.pdf,344
usa-universities_and_degree_granting_institutions-2740,2740,USA,universities_and_degree_granting_institutions,William Paterson University of New Jersey,Wayne · NJ,wpunj.edu,https://wpunj.edu,True,logos/usa_2740_william_paterson_university_of_new_jersey.png,USA_Universities_Directory.pdf,344
usa-universities_and_degree_granting_institutions-2741,2741,USA,universities_and_degree_granting_institutions,William Peace University,Raleigh · NC,peace.edu,https://peace.edu,True,logos/usa_2741_william_peace_university.png,USA_Universities_Directory.pdf,344
usa-universities_and_degree_granting_institutions-2742,2742,USA,universities_and_degree_granting_institutions,William Penn University,Oskaloosa · IA,wmpenn.edu,https://wmpenn.edu,False,,USA_Universities_Directory.pdf,344
usa-universities_and_degree_granting_institutions-2743,2743,USA,universities_and_degree_granting_institutions,William Woods University,Fulton · MO,williamwoods.edu,https://williamwoods.edu,True,logos/usa_2743_william_woods_university.png,USA_Universities_Directory.pdf,344
usa-universities_and_degree_granting_institutions-2744,2744,USA,universities_and_degree_granting_institutions,Williams Baptist University,Walnut Ridge · AR,williamsbu.edu,https://williamsbu.edu,False,,USA_Universities_Directory.pdf,344
usa-universities_and_degree_granting_institutions-2745,2745,USA,universities_and_degree_granting_institutions,Williams College,Williamstown · MA,williams.edu,https://williams.edu,True,logos/usa_2745_williams_college.png,USA_Universities_Directory.pdf,345
usa-universities_and_degree_granting_institutions-2746,2746,USA,universities_and_degree_granting_institutions,Williamson Christian College,Franklin · TN,williamsoncc.edu,https://williamsoncc.edu,True,logos/usa_2746_williamson_christian_college.png,USA_Universities_Directory.pdf,345
usa-universities_and_degree_granting_institutions-2747,2747,USA,universities_and_degree_granting_institutions,Wilmington College,Wilmington · OH,wilmington.edu,https://wilmington.edu,True,logos/usa_2747_wilmington_college.png,USA_Universities_Directory.pdf,345
usa-universities_and_degree_granting_institutions-2748,2748,USA,universities_and_degree_granting_institutions,Wilmington University,New Castle · DE,wilmu.edu,https://wilmu.edu,True,logos/usa_2748_wilmington_university.png,USA_Universities_Directory.pdf,345
usa-universities_and_degree_granting_institutions-2749,2749,USA,universities_and_degree_granting_institutions,Wilson College,Chambersburg · PA,wilson.edu,https://wilson.edu,True,logos/usa_2749_wilson_college.png,USA_Universities_Directory.pdf,345
usa-universities_and_degree_granting_institutions-2750,2750,USA,universities_and_degree_granting_institutions,Windsor University,Washington · DC,windsoruniversity.us,https://windsoruniversity.us,True,logos/usa_2750_windsor_university.png,USA_Universities_Directory.pdf,345
usa-universities_and_degree_granting_institutions-2751,2751,USA,universities_and_degree_granting_institutions,Winebrenner Theological Seminary,Findlay · OH,winebrenner.edu,https://winebrenner.edu,True,logos/usa_2751_winebrenner_theological_seminary.png,USA_Universities_Directory.pdf,345
usa-universities_and_degree_granting_institutions-2752,2752,USA,universities_and_degree_granting_institutions,Wingate University,Wingate · NC,wingate.edu,https://wingate.edu,True,logos/usa_2752_wingate_university.png,USA_Universities_Directory.pdf,345
usa-universities_and_degree_granting_institutions-2753,2753,USA,universities_and_degree_granting_institutions,Winona State University,Winona · MN,winona.edu,https://winona.edu,True,logos/usa_2753_winona_state_university.png,USA_Universities_Directory.pdf,346
usa-universities_and_degree_granting_institutions-2754,2754,USA,universities_and_degree_granting_institutions,Winston-Salem State University,Winston-Salem · NC,wssu.edu,https://wssu.edu,True,logos/usa_2754_winston_salem_state_university.png,USA_Universities_Directory.pdf,346
usa-universities_and_degree_granting_institutions-2755,2755,USA,universities_and_degree_granting_institutions,Winthrop University,Rock Hill · SC,winthrop.edu,https://winthrop.edu,True,logos/usa_2755_winthrop_university.png,USA_Universities_Directory.pdf,346
usa-universities_and_degree_granting_institutions-2756,2756,USA,universities_and_degree_granting_institutions,Wisconsin Lutheran College,Milwaukee · WI,wlc.edu,https://wlc.edu,True,logos/usa_2756_wisconsin_lutheran_college.png,USA_Universities_Directory.pdf,346
usa-universities_and_degree_granting_institutions-2757,2757,USA,universities_and_degree_granting_institutions,Wisconsin School of Professional Psychology,Milwaukee · WI,wspp.edu,https://wspp.edu,True,logos/usa_2757_wisconsin_school_of_professional_psychology.png,USA_Universities_Directory.pdf,346
usa-universities_and_degree_granting_institutions-2758,2758,USA,universities_and_degree_granting_institutions,Wittenberg University,Springfield · OH,wittenberg.edu,https://wittenberg.edu,True,logos/usa_2758_wittenberg_university.png,USA_Universities_Directory.pdf,346
usa-universities_and_degree_granting_institutions-2759,2759,USA,universities_and_degree_granting_institutions,Wofford College,Spartanburg · SC,wofford.edu,https://wofford.edu,True,logos/usa_2759_wofford_college.png,USA_Universities_Directory.pdf,346
usa-universities_and_degree_granting_institutions-2760,2760,USA,universities_and_degree_granting_institutions,Women's Institute of Torah Seminary and College,Baltimore · MD,wits.edu,https://wits.edu,True,logos/usa_2760_women_s_institute_of_torah_seminary_and_college.png,USA_Universities_Directory.pdf,346
usa-universities_and_degree_granting_institutions-2761,2761,USA,universities_and_degree_granting_institutions,Won Institute of Graduate Studies,Warminster · PA,woninstitute.edu,https://woninstitute.edu,True,logos/usa_2761_won_institute_of_graduate_studies.png,USA_Universities_Directory.pdf,347
usa-universities_and_degree_granting_institutions-2762,2762,USA,universities_and_degree_granting_institutions,Wongu University of Oriental Medicine,Las Vegas · NV,wongu.edu,https://wongu.edu,True,logos/usa_2762_wongu_university_of_oriental_medicine.png,USA_Universities_Directory.pdf,347
usa-universities_and_degree_granting_institutions-2763,2763,USA,universities_and_degree_granting_institutions,Woodbury University,Burbank · CA,woodbury.edu,https://woodbury.edu,True,logos/usa_2763_woodbury_university.png,USA_Universities_Directory.pdf,347
usa-universities_and_degree_granting_institutions-2764,2764,USA,universities_and_degree_granting_institutions,Worcester Polytechnic Institute,Worcester · MA,wpi.edu,https://wpi.edu,True,logos/usa_2764_worcester_polytechnic_institute.png,USA_Universities_Directory.pdf,347
usa-universities_and_degree_granting_institutions-2765,2765,USA,universities_and_degree_granting_institutions,Worcester State University,Worcester · MA,worcester.edu,https://worcester.edu,True,logos/usa_2765_worcester_state_university.png,USA_Universities_Directory.pdf,347
usa-universities_and_degree_granting_institutions-2766,2766,USA,universities_and_degree_granting_institutions,World Mission University,Los Angeles · CA,wmu.edu,https://wmu.edu,True,logos/usa_2766_world_mission_university.png,USA_Universities_Directory.pdf,347
usa-universities_and_degree_granting_institutions-2767,2767,USA,universities_and_degree_granting_institutions,Wright State University-Lake Campus,Celina · OH,lake.wright.edu,https://lake.wright.edu,True,logos/usa_2767_wright_state_university_lake_campus.png,USA_Universities_Directory.pdf,347
usa-universities_and_degree_granting_institutions-2768,2768,USA,universities_and_degree_granting_institutions,Wright State University-Main Campus,Dayton · OH,wright.edu,https://wright.edu,True,logos/usa_2768_wright_state_university_main_campus.png,USA_Universities_Directory.pdf,347
usa-universities_and_degree_granting_institutions-2769,2769,USA,universities_and_degree_granting_institutions,Xavier University,Cincinnati · OH,xavier.edu,https://xavier.edu,True,logos/usa_2769_xavier_university.png,USA_Universities_Directory.pdf,348
usa-universities_and_degree_granting_institutions-2770,2770,USA,universities_and_degree_granting_institutions,Xavier University of Louisiana,New Orleans · LA,xula.edu,https://xula.edu,True,logos/usa_2770_xavier_university_of_louisiana.png,USA_Universities_Directory.pdf,348
usa-universities_and_degree_granting_institutions-2771,2771,USA,universities_and_degree_granting_institutions,Yakima Valley College,Yakima · WA,yvcc.edu,https://yvcc.edu,True,logos/usa_2771_yakima_valley_college.png,USA_Universities_Directory.pdf,348
usa-universities_and_degree_granting_institutions-2772,2772,USA,universities_and_degree_granting_institutions,Yale University,New Haven · CT,yale.edu,https://yale.edu,True,logos/usa_2772_yale_university.png,USA_Universities_Directory.pdf,348
usa-universities_and_degree_granting_institutions-2773,2773,USA,universities_and_degree_granting_institutions,Yavapai College,Prescott · AZ,yc.edu,https://yc.edu,True,logos/usa_2773_yavapai_college.png,USA_Universities_Directory.pdf,348
usa-universities_and_degree_granting_institutions-2774,2774,USA,universities_and_degree_granting_institutions,Yeshiva Bais Aharon,Lakewood · NJ,yeshivabaisaharon.com,https://yeshivabaisaharon.com,False,,USA_Universities_Directory.pdf,348
usa-universities_and_degree_granting_institutions-2775,2775,USA,universities_and_degree_granting_institutions,Yeshiva Chemdas Hatorah,Lakewood · NJ,yeshivachemdashatorah.com,https://yeshivachemdashatorah.com,False,,USA_Universities_Directory.pdf,348
usa-universities_and_degree_granting_institutions-2776,2776,USA,universities_and_degree_granting_institutions,Yeshiva College of the Nations Capital,Silver Spring · MD,ycnc.org,https://ycnc.org,False,,USA_Universities_Directory.pdf,348
usa-universities_and_degree_granting_institutions-2777,2777,USA,universities_and_degree_granting_institutions,Yeshiva D'monsey Rabbinical College,Monsey · NY,yeshivadmonsey.com,https://yeshivadmonsey.com,False,,USA_Universities_Directory.pdf,349
usa-universities_and_degree_granting_institutions-2778,2778,USA,universities_and_degree_granting_institutions,Yeshiva Derech Chaim,Brooklyn · NY,ydc.edu,https://ydc.edu,True,logos/usa_2778_yeshiva_derech_chaim.png,USA_Universities_Directory.pdf,349
usa-universities_and_degree_granting_institutions-2779,2779,USA,universities_and_degree_granting_institutions,Yeshiva Gedola Tiferes Yaakov Yitzchok,Lakewood · NJ,yeshivatyy.com,https://yeshivatyy.com,True,logos/usa_2779_yeshiva_gedola_tiferes_yaakov_yitzchok.png,USA_Universities_Directory.pdf,349
usa-universities_and_degree_granting_institutions-2780,2780,USA,universities_and_degree_granting_institutions,Yeshiva Gedola Tiferes Yerachmiel,Lakewood · NJ,yeshivagedolatiferesyerachmiel.com,https://yeshivagedolatiferesyerachmiel.com,True,logos/usa_2780_yeshiva_gedola_tiferes_yerachmiel.png,USA_Universities_Directory.pdf,349
usa-universities_and_degree_granting_institutions-2781,2781,USA,universities_and_degree_granting_institutions,Yeshiva Gedolah Imrei Yosef D'spinka,Brooklyn · NY,spinka58st.com,https://spinka58st.com,False,,USA_Universities_Directory.pdf,349
usa-universities_and_degree_granting_institutions-2782,2782,USA,universities_and_degree_granting_institutions,Yeshiva Gedolah Keren Hatorah,Lakewood · NJ,yeshivagedolahkerenhatorah.com,https://yeshivagedolahkerenhatorah.com,False,,USA_Universities_Directory.pdf,349
usa-universities_and_degree_granting_institutions-2783,2783,USA,universities_and_degree_granting_institutions,Yeshiva Gedolah Kesser Torah,Monsey · NY,yeshivagedolahkessertorah.com,https://yeshivagedolahkessertorah.com,False,,USA_Universities_Directory.pdf,349
usa-universities_and_degree_granting_institutions-2784,2784,USA,universities_and_degree_granting_institutions,Yeshiva Gedolah of Cliffwood,Keyport · NJ,yeshivagedolahcliffwood.com,https://yeshivagedolahcliffwood.com,False,,USA_Universities_Directory.pdf,349
usa-universities_and_degree_granting_institutions-2785,2785,USA,universities_and_degree_granting_institutions,Yeshiva Gedolah of Greater Detroit,Oak Park · MI,yeshivagedolahgreaterdetroit.com,https://yeshivagedolahgreaterdetroit.com,False,,USA_Universities_Directory.pdf,350
usa-universities_and_degree_granting_institutions-2786,2786,USA,universities_and_degree_granting_institutions,Yeshiva Gedolah of Woodlake Village,Lakewood · NJ,yeshivaohrzechariah.com,https://yeshivaohrzechariah.com,True,logos/usa_2786_yeshiva_gedolah_of_woodlake_village.png,USA_Universities_Directory.pdf,350
usa-universities_and_degree_granting_institutions-2787,2787,USA,universities_and_degree_granting_institutions,Yeshiva Gedolah Shaarei Shmuel,Lakewood · NJ,yeshivagedolahshaareishmuel.com,https://yeshivagedolahshaareishmuel.com,False,,USA_Universities_Directory.pdf,350
usa-universities_and_degree_granting_institutions-2788,2788,USA,universities_and_degree_granting_institutions,Yeshiva Gedolah Tiferes Boruch,North Plainfield · NJ,yeshivagedolahtiferesboruch.com,https://yeshivagedolahtiferesboruch.com,False,,USA_Universities_Directory.pdf,350
usa-universities_and_degree_granting_institutions-2789,2789,USA,universities_and_degree_granting_institutions,Yeshiva Gedolah Zichron Leyma,Union · NJ,yzl.edu,https://yzl.edu,False,,USA_Universities_Directory.pdf,350
usa-universities_and_degree_granting_institutions-2790,2790,USA,universities_and_degree_granting_institutions,Yeshiva Karlin Stolin,Brooklyn · NY,yeshivakarlinstolin.org,https://yeshivakarlinstolin.org,True,logos/usa_2790_yeshiva_karlin_stolin.png,USA_Universities_Directory.pdf,350
usa-universities_and_degree_granting_institutions-2791,2791,USA,universities_and_degree_granting_institutions,Yeshiva Kollel Tifereth Elizer,Brooklyn · NY,yeshivakolleltiferethelizer.com,https://yeshivakolleltiferethelizer.com,False,,USA_Universities_Directory.pdf,350
usa-universities_and_degree_granting_institutions-2792,2792,USA,universities_and_degree_granting_institutions,Yeshiva of Far Rockaway Derech Ayson Rabbinical Seminary,Far Rockaway · NY,yofr.org,https://yofr.org,True,logos/usa_2792_yeshiva_of_far_rockaway_derech_ayson_rabbinical_seminary.png,USA_Universities_Directory.pdf,350
usa-universities_and_degree_granting_institutions-2793,2793,USA,universities_and_degree_granting_institutions,Yeshiva of Kasho,Brooklyn · NY,yokny.org,https://yokny.org,True,logos/usa_2793_yeshiva_of_kasho.png,USA_Universities_Directory.pdf,351
usa-universities_and_degree_granting_institutions-2794,2794,USA,universities_and_degree_granting_institutions,Yeshiva of Machzikai Hadas,Brooklyn · NY,yeshivaofmachzikaihadas.com,https://yeshivaofmachzikaihadas.com,False,,USA_Universities_Directory.pdf,351
usa-universities_and_degree_granting_institutions-2795,2795,USA,universities_and_degree_granting_institutions,Yeshiva of Nitra Rabbinical College,Chester · NY,yeshivaofnitra.org,https://yeshivaofnitra.org,False,,USA_Universities_Directory.pdf,351
usa-universities_and_degree_granting_institutions-2796,2796,USA,universities_and_degree_granting_institutions,Yeshiva of Ocean,Greenfield Park · NY,yeshivaofocean.com,https://yeshivaofocean.com,True,logos/usa_2796_yeshiva_of_ocean.png,USA_Universities_Directory.pdf,351
usa-universities_and_degree_granting_institutions-2797,2797,USA,universities_and_degree_granting_institutions,Yeshiva of the Telshe Alumni,Riverdale · NY,yeshivatelshealumni.com,https://yeshivatelshealumni.com,False,,USA_Universities_Directory.pdf,351
usa-universities_and_degree_granting_institutions-2798,2798,USA,universities_and_degree_granting_institutions,Yeshiva Ohr Elchonon Chabad West Coast Talmudical Seminary,Los Angeles · CA,yoec.edu,https://yoec.edu,True,logos/usa_2798_yeshiva_ohr_elchonon_chabad_west_coast_talmudical_seminary.png,USA_Universities_Directory.pdf,351
usa-universities_and_degree_granting_institutions-2799,2799,USA,universities_and_degree_granting_institutions,Yeshiva Ohr Naftoli,New Windsor · NY,yeshivaohrnaftoli.com,https://yeshivaohrnaftoli.com,False,,USA_Universities_Directory.pdf,351
usa-universities_and_degree_granting_institutions-2800,2800,USA,universities_and_degree_granting_institutions,Yeshiva Ohr Yisrael,Brooklyn · NY,yoy.edu,https://yoy.edu,True,logos/usa_2800_yeshiva_ohr_yisrael.png,USA_Universities_Directory.pdf,351
usa-universities_and_degree_granting_institutions-2801,2801,USA,universities_and_degree_granting_institutions,Yeshiva Shaar Ephraim,Monsey · NY,shaarephraim.org,https://shaarephraim.org,False,,USA_Universities_Directory.pdf,352
usa-universities_and_degree_granting_institutions-2802,2802,USA,universities_and_degree_granting_institutions,Yeshiva Shaarei Torah of Rockland,Suffern · NY,yst.edu,https://yst.edu,True,logos/usa_2802_yeshiva_shaarei_torah_of_rockland.png,USA_Universities_Directory.pdf,352
usa-universities_and_degree_granting_institutions-2803,2803,USA,universities_and_degree_granting_institutions,Yeshiva Sholom Shachna,Brooklyn · NY,yeshivasholomshachna.com,https://yeshivasholomshachna.com,False,,USA_Universities_Directory.pdf,352
usa-universities_and_degree_granting_institutions-2804,2804,USA,universities_and_degree_granting_institutions,Yeshiva Toras Chaim,Lakewood · NJ,ytclakewood.com,https://ytclakewood.com,True,logos/usa_2804_yeshiva_toras_chaim.png,USA_Universities_Directory.pdf,352
usa-universities_and_degree_granting_institutions-2805,2805,USA,universities_and_degree_granting_institutions,Yeshiva University,New York · NY,yu.edu,https://yu.edu,True,logos/usa_2805_yeshiva_university.png,USA_Universities_Directory.pdf,352
usa-universities_and_degree_granting_institutions-2806,2806,USA,universities_and_degree_granting_institutions,Yeshiva Yesoda Hatorah Vetz Chaim,Brooklyn · NY,yeshivayh.org,https://yeshivayh.org,False,,USA_Universities_Directory.pdf,352
usa-universities_and_degree_granting_institutions-2807,2807,USA,universities_and_degree_granting_institutions,Yeshiva Yesodei Hatorah,Lakewood · NJ,yeshivayesodeihatorahlakewood.com,https://yeshivayesodeihatorahlakewood.com,False,,USA_Universities_Directory.pdf,352
usa-universities_and_degree_granting_institutions-2808,2808,USA,universities_and_degree_granting_institutions,Yeshiva Zichron Aryeh,Far Rockaway · NY,yeshivazichronaryeh.com,https://yeshivazichronaryeh.com,False,,USA_Universities_Directory.pdf,352
usa-universities_and_degree_granting_institutions-2809,2809,USA,universities_and_degree_granting_institutions,Yeshivah Gedolah Rabbinical College,Miami Beach · FL,lecfl.com,https://lecfl.com,True,logos/usa_2809_yeshivah_gedolah_rabbinical_college.png,USA_Universities_Directory.pdf,353
usa-universities_and_degree_granting_institutions-2810,2810,USA,universities_and_degree_granting_institutions,Yeshivas Be'er Yitzchok,Elizabeth · NJ,yeshivasbeeryitzchok.org,https://yeshivasbeeryitzchok.org,True,logos/usa_2810_yeshivas_be_er_yitzchok.png,USA_Universities_Directory.pdf,353
usa-universities_and_degree_granting_institutions-2811,2811,USA,universities_and_degree_granting_institutions,Yeshivas Emek Hatorah,Howell · NJ,yeshivasemekhatorah.com,https://yeshivasemekhatorah.com,False,,USA_Universities_Directory.pdf,353
usa-universities_and_degree_granting_institutions-2812,2812,USA,universities_and_degree_granting_institutions,Yeshivas Novominsk,Brooklyn · NY,yeshivasnovominsk.com,https://yeshivasnovominsk.com,False,,USA_Universities_Directory.pdf,353
usa-universities_and_degree_granting_institutions-2813,2813,USA,universities_and_degree_granting_institutions,Yeshivas Sanz Klauzenburg,Brooklyn · NY,yeshivasanzk.org,https://yeshivasanzk.org,False,,USA_Universities_Directory.pdf,353
usa-universities_and_degree_granting_institutions-2814,2814,USA,universities_and_degree_granting_institutions,Yeshivat Hechal Shemuel,Brooklyn · NY,hechalshemuel.com,https://hechalshemuel.com,True,logos/usa_2814_yeshivat_hechal_shemuel.png,USA_Universities_Directory.pdf,353
usa-universities_and_degree_granting_institutions-2815,2815,USA,universities_and_degree_granting_institutions,Yeshivath Beth Moshe,Scranton · PA,yeshivabethmoshe.com,https://yeshivabethmoshe.com,False,,USA_Universities_Directory.pdf,353
usa-universities_and_degree_granting_institutions-2816,2816,USA,universities_and_degree_granting_institutions,Yeshivath Shaar Hatorah,Kew Gardens · NY,shaarhatorah.edu,https://shaarhatorah.edu,False,,USA_Universities_Directory.pdf,353
usa-universities_and_degree_granting_institutions-2817,2817,USA,universities_and_degree_granting_institutions,Yeshivath Viznitz,Monsey · NY,yeshivathviznitz.com,https://yeshivathviznitz.com,False,,USA_Universities_Directory.pdf,354
usa-universities_and_degree_granting_institutions-2818,2818,USA,universities_and_degree_granting_institutions,Yeshivath Zichron Moshe,South Fallsburg · NY,yeshivathzichronmoshe.com,https://yeshivathzichronmoshe.com,False,,USA_Universities_Directory.pdf,354
usa-universities_and_degree_granting_institutions-2819,2819,USA,universities_and_degree_granting_institutions,Yo San University of Traditional Chinese Medicine,Los Angeles · CA,yosan.edu,https://yosan.edu,True,logos/usa_2819_yo_san_university_of_traditional_chinese_medicine.png,USA_Universities_Directory.pdf,354
usa-universities_and_degree_granting_institutions-2820,2820,USA,universities_and_degree_granting_institutions,York College of Pennsylvania,York · PA,ycp.edu,https://ycp.edu,True,logos/usa_2820_york_college_of_pennsylvania.png,USA_Universities_Directory.pdf,354
usa-universities_and_degree_granting_institutions-2821,2821,USA,universities_and_degree_granting_institutions,York University,York · NE,york.edu,https://york.edu,True,logos/usa_2821_york_university.png,USA_Universities_Directory.pdf,354
usa-universities_and_degree_granting_institutions-2822,2822,USA,universities_and_degree_granting_institutions,Yosemite Community College District Office,Modesto · CA,yosemite.edu,https://yosemite.edu,False,,USA_Universities_Directory.pdf,354
usa-universities_and_degree_granting_institutions-2823,2823,USA,universities_and_degree_granting_institutions,Young Harris College,Young Harris · GA,yhc.edu,https://yhc.edu,True,logos/usa_2823_young_harris_college.png,USA_Universities_Directory.pdf,354
usa-universities_and_degree_granting_institutions-2824,2824,USA,universities_and_degree_granting_institutions,Youngstown State University,Youngstown · OH,ysu.edu,https://ysu.edu,True,logos/usa_2824_youngstown_state_university.png,USA_Universities_Directory.pdf,354
usa-universities_and_degree_granting_institutions-2825,2825,USA,universities_and_degree_granting_institutions,Zane State College,Zanesville · OH,zanestate.edu,https://zanestate.edu,True,logos/usa_2825_zane_state_college.png,USA_Universities_Directory.pdf,355
canada-international_providers_with_canadian_authorisation-0001,1,CANADA,international_providers_with_canadian_authorisation,Adler University,Vancouver · British Columbia,adler.edu,https://adler.edu,True,logos/canada_0001_adler_university.png,Canada_Universities_Directory.pdf,2
canada-international_providers_with_canadian_authorisation-0002,2,CANADA,international_providers_with_canadian_authorisation,Campbellsville University,"Campbellsville, KY 42718 · USA (headquarters)",campbellsville.edu,https://campbellsville.edu,True,logos/canada_0002_campbellsville_university.png,Canada_Universities_Directory.pdf,2
canada-international_providers_with_canadian_authorisation-0003,3,CANADA,international_providers_with_canadian_authorisation,Central Michigan University,Mt Pleasant · USA (headquarters),cmich.edu,https://cmich.edu,True,logos/canada_0003_central_michigan_university.png,Canada_Universities_Directory.pdf,2
canada-international_providers_with_canadian_authorisation-0004,4,CANADA,international_providers_with_canadian_authorisation,City University of Seattle,Calgary / Vancouver · Alberta / British Columbia,cityuniversity.ca,https://cityuniversity.ca,True,logos/canada_0004_city_university_of_seattle.png,Canada_Universities_Directory.pdf,2
canada-international_providers_with_canadian_authorisation-0005,5,CANADA,international_providers_with_canadian_authorisation,Cornell University,Ithaca · USA (headquarters),smith.queensu.ca,https://smith.queensu.ca,True,logos/canada_0005_cornell_university.png,Canada_Universities_Directory.pdf,2
canada-international_providers_with_canadian_authorisation-0006,6,CANADA,international_providers_with_canadian_authorisation,Fairleigh Dickinson University,Vancouver · British Columbia,fdu.edu,https://fdu.edu,True,logos/canada_0006_fairleigh_dickinson_university.png,Canada_Universities_Directory.pdf,2
canada-international_providers_with_canadian_authorisation-0007,7,CANADA,international_providers_with_canadian_authorisation,Gonzaga University,Spokane · USA (headquarters),gonzaga.edu,https://gonzaga.edu,True,logos/canada_0007_gonzaga_university.png,Canada_Universities_Directory.pdf,2
canada-international_providers_with_canadian_authorisation-0008,8,CANADA,international_providers_with_canadian_authorisation,Lawrence Technological University,Toronto · Ontario,ltu.edu,https://ltu.edu,True,logos/canada_0008_lawrence_technological_university.png,Canada_Universities_Directory.pdf,2
canada-international_providers_with_canadian_authorisation-0009,9,CANADA,international_providers_with_canadian_authorisation,Niagara University in Ontario,Vaughan · Ontario,niagarau.ca,https://niagarau.ca,True,logos/canada_0009_niagara_university_in_ontario.png,Canada_Universities_Directory.pdf,3
canada-international_providers_with_canadian_authorisation-0010,10,CANADA,international_providers_with_canadian_authorisation,"Northeastern University, Toronto",Toronto · Ontario,toronto.northeastern.edu,https://toronto.northeastern.edu,True,logos/canada_0010_northeastern_university_toronto.png,Canada_Universities_Directory.pdf,3
canada-international_providers_with_canadian_authorisation-0011,11,CANADA,international_providers_with_canadian_authorisation,"Northeastern University, Vancouver",Vancouver · British Columbia,vancouver.northeastern.edu,https://vancouver.northeastern.edu,True,logos/canada_0011_northeastern_university_vancouver.png,Canada_Universities_Directory.pdf,3
canada-international_providers_with_canadian_authorisation-0012,12,CANADA,international_providers_with_canadian_authorisation,University of Mannheim,Mannheim · Germany (headquarters),uni-mannheim.de,https://uni-mannheim.de,True,logos/canada_0012_university_of_mannheim.png,Canada_Universities_Directory.pdf,3
canada-international_providers_with_canadian_authorisation-0013,13,CANADA,international_providers_with_canadian_authorisation,University of Portland,Edmonton · Alberta,up.edu,https://up.edu,True,logos/canada_0013_university_of_portland.png,Canada_Universities_Directory.pdf,3
canada-universities-0014,14,CANADA,universities,Acadia University,Wolfville · Nova Scotia,acadiau.ca,https://acadiau.ca,True,logos/canada_0014_acadia_university.png,Canada_Universities_Directory.pdf,4
canada-universities-0015,15,CANADA,universities,Alberta University of the Arts,Calgary · Alberta,auarts.ca,https://auarts.ca,True,logos/canada_0015_alberta_university_of_the_arts.png,Canada_Universities_Directory.pdf,4
canada-universities-0016,16,CANADA,universities,Algoma University,Sault Ste. Marie · Ontario,algomau.ca,https://algomau.ca,True,logos/canada_0016_algoma_university.png,Canada_Universities_Directory.pdf,4
canada-universities-0017,17,CANADA,universities,Ambrose University,Calgary · Alberta,ambrose.edu,https://ambrose.edu,True,logos/canada_0017_ambrose_university.png,Canada_Universities_Directory.pdf,4
canada-universities-0018,18,CANADA,universities,Assumption University,Windsor · Ontario,assumptionu.ca,https://assumptionu.ca,True,logos/canada_0018_assumption_university.png,Canada_Universities_Directory.pdf,4
canada-universities-0019,19,CANADA,universities,Athabasca University,Athabasca · Alberta,athabascau.ca,https://athabascau.ca,True,logos/canada_0019_athabasca_university.png,Canada_Universities_Directory.pdf,4
canada-universities-0020,20,CANADA,universities,Beal University Canada,Sackville · New Brunswick,bealuniversity.ca,https://bealuniversity.ca,True,logos/canada_0020_beal_university_canada.png,Canada_Universities_Directory.pdf,4
canada-universities-0021,21,CANADA,universities,Bishop's University,Sherbrooke · Quebec,ubishops.ca,https://ubishops.ca,True,logos/canada_0021_bishop_s_university.png,Canada_Universities_Directory.pdf,4
canada-universities-0022,22,CANADA,universities,Brandon University,Brandon · Manitoba,brandonu.ca,https://brandonu.ca,True,logos/canada_0022_brandon_university.png,Canada_Universities_Directory.pdf,5
canada-universities-0023,23,CANADA,universities,Brock University,St. Catharines · Ontario,brocku.ca,https://brocku.ca,True,logos/canada_0023_brock_university.png,Canada_Universities_Directory.pdf,5
canada-universities-0024,24,CANADA,universities,Burman University,Lacombe · Alberta,burmanu.ca,https://burmanu.ca,True,logos/canada_0024_burman_university.png,Canada_Universities_Directory.pdf,5
canada-universities-0025,25,CANADA,universities,Canadian Mennonite University,Winnipeg · Manitoba,cmu.ca,https://cmu.ca,True,logos/canada_0025_canadian_mennonite_university.png,Canada_Universities_Directory.pdf,5
canada-universities-0026,26,CANADA,universities,Cape Breton University,Sydney · Nova Scotia / Ontario,cbu.ca,https://cbu.ca,True,logos/canada_0026_cape_breton_university.png,Canada_Universities_Directory.pdf,5
canada-universities-0027,27,CANADA,universities,Capilano University,North Vancouver · British Columbia,capilanou.ca,https://capilanou.ca,True,logos/canada_0027_capilano_university.png,Canada_Universities_Directory.pdf,5
canada-universities-0028,28,CANADA,universities,Carleton University,Ottawa · Ontario,carleton.ca,https://carleton.ca,True,logos/canada_0028_carleton_university.png,Canada_Universities_Directory.pdf,5
canada-universities-0029,29,CANADA,universities,Concordia University,Montréal · Quebec,concordia.ca,https://concordia.ca,True,logos/canada_0029_concordia_university.png,Canada_Universities_Directory.pdf,5
canada-universities-0030,30,CANADA,universities,Concordia University of Edmonton,Edmonton · Alberta,concordia.ab.ca,https://concordia.ab.ca,True,logos/canada_0030_concordia_university_of_edmonton.png,Canada_Universities_Directory.pdf,6
canada-universities-0031,31,CANADA,universities,Crandall University,Moncton · New Brunswick,crandallu.ca,https://crandallu.ca,True,logos/canada_0031_crandall_university.png,Canada_Universities_Directory.pdf,6
canada-universities-0032,32,CANADA,universities,Dalhousie University,Halifax · Nova Scotia,dal.ca,https://dal.ca,True,logos/canada_0032_dalhousie_university.png,Canada_Universities_Directory.pdf,6
canada-universities-0033,33,CANADA,universities,Emily Carr University of Art and Design,Vancouver · British Columbia,ecuad.ca,https://ecuad.ca,True,logos/canada_0033_emily_carr_university_of_art_and_design.png,Canada_Universities_Directory.pdf,6
canada-universities-0034,34,CANADA,universities,First Nations University of Canada,Regina · Saskatchewan,fnuniv.ca,https://fnuniv.ca,True,logos/canada_0034_first_nations_university_of_canada.png,Canada_Universities_Directory.pdf,6
canada-universities-0035,35,CANADA,universities,Huntington University,Sudbury · Ontario,huntingtonu.ca,https://huntingtonu.ca,True,logos/canada_0035_huntington_university.png,Canada_Universities_Directory.pdf,6
canada-universities-0036,36,CANADA,universities,International Business University,Toronto · Ontario,ibu.ca,https://ibu.ca,True,logos/canada_0036_international_business_university.png,Canada_Universities_Directory.pdf,6
canada-universities-0037,37,CANADA,universities,Kingswood University,Sussex · New Brunswick,kingswood.edu,https://kingswood.edu,True,logos/canada_0037_kingswood_university.png,Canada_Universities_Directory.pdf,6
canada-universities-0038,38,CANADA,universities,Kwantlen Polytechnic University,Surrey · British Columbia,kpu.ca,https://kpu.ca,True,logos/canada_0038_kwantlen_polytechnic_university.png,Canada_Universities_Directory.pdf,7
canada-universities-0039,39,CANADA,universities,Lakehead University,Thunder Bay · Ontario,lakeheadu.ca,https://lakeheadu.ca,True,logos/canada_0039_lakehead_university.png,Canada_Universities_Directory.pdf,7
canada-universities-0040,40,CANADA,universities,Laurentian University,Sudbury · Ontario,laurentian.ca,https://laurentian.ca,True,logos/canada_0040_laurentian_university.png,Canada_Universities_Directory.pdf,7
canada-universities-0041,41,CANADA,universities,MacEwan University,Edmonton · Alberta,macewan.ca,https://macewan.ca,True,logos/canada_0041_macewan_university.png,Canada_Universities_Directory.pdf,7
canada-universities-0042,42,CANADA,universities,McGill University,Montréal · Quebec,mcgill.ca,https://mcgill.ca,True,logos/canada_0042_mcgill_university.png,Canada_Universities_Directory.pdf,7
canada-universities-0043,43,CANADA,universities,McMaster University,Hamilton · Ontario,mcmaster.ca,https://mcmaster.ca,True,logos/canada_0043_mcmaster_university.png,Canada_Universities_Directory.pdf,7
canada-universities-0044,44,CANADA,universities,Memorial University of Newfoundland,St John’s · Newfoundland and Labrador,mun.ca,https://mun.ca,True,logos/canada_0044_memorial_university_of_newfoundland.png,Canada_Universities_Directory.pdf,7
canada-universities-0045,45,CANADA,universities,Mount Allison University,Sackville · New Brunswick,mta.ca,https://mta.ca,True,logos/canada_0045_mount_allison_university.png,Canada_Universities_Directory.pdf,7
canada-universities-0046,46,CANADA,universities,Mount Royal University,Calgary · Alberta,mtroyal.ca,https://mtroyal.ca,True,logos/canada_0046_mount_royal_university.png,Canada_Universities_Directory.pdf,8
canada-universities-0047,47,CANADA,universities,Mount Saint Vincent University,Halifax · Nova Scotia,msvu.ca,https://msvu.ca,True,logos/canada_0047_mount_saint_vincent_university.png,Canada_Universities_Directory.pdf,8
canada-universities-0048,48,CANADA,universities,Nipissing University,North Bay · Ontario,nipissingu.ca,https://nipissingu.ca,True,logos/canada_0048_nipissing_university.png,Canada_Universities_Directory.pdf,8
canada-universities-0049,49,CANADA,universities,Northern Ontario School of Medicine University,Thunder Bay · Ontario,nosm.ca,https://nosm.ca,True,logos/canada_0049_northern_ontario_school_of_medicine_university.png,Canada_Universities_Directory.pdf,8
canada-universities-0050,50,CANADA,universities,NSCAD University,Halifax · Nova Scotia,nscad.ca,https://nscad.ca,True,logos/canada_0050_nscad_university.png,Canada_Universities_Directory.pdf,8
canada-universities-0051,51,CANADA,universities,OCAD University,Toronto · Ontario,ocadu.ca,https://ocadu.ca,True,logos/canada_0051_ocad_university.png,Canada_Universities_Directory.pdf,8
canada-universities-0052,52,CANADA,universities,Ontario Tech University,Oshawa · Ontario,ontariotechu.ca,https://ontariotechu.ca,True,logos/canada_0052_ontario_tech_university.png,Canada_Universities_Directory.pdf,8
canada-universities-0053,53,CANADA,universities,Pacific Coast University for Workplace Health Sciences,Port Alberni · British Columbia,pcu-whs.ca,https://pcu-whs.ca,False,,Canada_Universities_Directory.pdf,8
canada-universities-0054,54,CANADA,universities,Queen's University,Kingston · Ontario,queensu.ca,https://queensu.ca,True,logos/canada_0054_queen_s_university.png,Canada_Universities_Directory.pdf,9
canada-universities-0055,55,CANADA,universities,Redeemer University,Ancaster · Ontario,redeemer.ca,https://redeemer.ca,True,logos/canada_0055_redeemer_university.png,Canada_Universities_Directory.pdf,9
canada-universities-0056,56,CANADA,universities,Royal Roads University,Victoria · British Columbia,royalroads.ca,https://royalroads.ca,True,logos/canada_0056_royal_roads_university.png,Canada_Universities_Directory.pdf,9
canada-universities-0057,57,CANADA,universities,Saint Mary's University,Halifax · Nova Scotia,smu.ca,https://smu.ca,True,logos/canada_0057_saint_mary_s_university.png,Canada_Universities_Directory.pdf,9
canada-universities-0058,58,CANADA,universities,Saint Paul University,Ottawa · Ontario,ustpaul.ca,https://ustpaul.ca,True,logos/canada_0058_saint_paul_university.png,Canada_Universities_Directory.pdf,9
canada-universities-0059,59,CANADA,universities,Simon Fraser University,Burnaby · British Columbia,sfu.ca,https://sfu.ca,True,logos/canada_0059_simon_fraser_university.png,Canada_Universities_Directory.pdf,9
canada-universities-0060,60,CANADA,universities,St. Francis Xavier University,Antigonish · Nova Scotia,stfx.ca,https://stfx.ca,True,logos/canada_0060_st_francis_xavier_university.png,Canada_Universities_Directory.pdf,9
canada-universities-0061,61,CANADA,universities,St. Jerome's University,Waterloo · Ontario,sju.ca,https://sju.ca,True,logos/canada_0061_st_jerome_s_university.png,Canada_Universities_Directory.pdf,9
canada-universities-0062,62,CANADA,universities,St. Mary's University,Calgary · Alberta,stmu.ca,https://stmu.ca,True,logos/canada_0062_st_mary_s_university.png,Canada_Universities_Directory.pdf,10
canada-universities-0063,63,CANADA,universities,St. Stephen's University,St. Stephen · New Brunswick,ssu.ca,https://ssu.ca,True,logos/canada_0063_st_stephen_s_university.png,Canada_Universities_Directory.pdf,10
canada-universities-0064,64,CANADA,universities,St. Thomas University,Fredericton · New Brunswick,stu.ca,https://stu.ca,True,logos/canada_0064_st_thomas_university.png,Canada_Universities_Directory.pdf,10
canada-universities-0065,65,CANADA,universities,The King's University,Edmonton · Alberta,kingsu.ca,https://kingsu.ca,True,logos/canada_0065_the_king_s_university.png,Canada_Universities_Directory.pdf,10
canada-universities-0066,66,CANADA,universities,The University of Winnipeg,Winnipeg · Manitoba,uwinnipeg.ca,https://uwinnipeg.ca,True,logos/canada_0066_the_university_of_winnipeg.png,Canada_Universities_Directory.pdf,10
canada-universities-0067,67,CANADA,universities,Thompson Rivers University,Kamloops · British Columbia,tru.ca,https://tru.ca,True,logos/canada_0067_thompson_rivers_university.png,Canada_Universities_Directory.pdf,10
canada-universities-0068,68,CANADA,universities,Thorneloe University,Sudbury · Ontario,thorneloe.ca,https://thorneloe.ca,True,logos/canada_0068_thorneloe_university.png,Canada_Universities_Directory.pdf,10
canada-universities-0069,69,CANADA,universities,Toronto Metropolitan University,Toronto · Ontario,torontomu.ca,https://torontomu.ca,True,logos/canada_0069_toronto_metropolitan_university.png,Canada_Universities_Directory.pdf,10
canada-universities-0070,70,CANADA,universities,Trent University,Peterborough · Ontario,trentu.ca,https://trentu.ca,True,logos/canada_0070_trent_university.png,Canada_Universities_Directory.pdf,11
canada-universities-0071,71,CANADA,universities,Trinity Western University,Langley · British Columbia,twu.ca,https://twu.ca,True,logos/canada_0071_trinity_western_university.png,Canada_Universities_Directory.pdf,11
canada-universities-0072,72,CANADA,universities,Tyndale University,Toronto · Ontario,tyndale.ca,https://tyndale.ca,True,logos/canada_0072_tyndale_university.png,Canada_Universities_Directory.pdf,11
canada-universities-0073,73,CANADA,universities,TÉLUQ University (Télé-université),Québec · Quebec,teluq.ca,https://teluq.ca,True,logos/canada_0073_t_luq_university_t_l_universit.png,Canada_Universities_Directory.pdf,11
canada-universities-0074,74,CANADA,universities,University Canada West,Vancouver · British Columbia,ucanwest.ca,https://ucanwest.ca,True,logos/canada_0074_university_canada_west.png,Canada_Universities_Directory.pdf,11
canada-universities-0075,75,CANADA,universities,University of Alberta,Edmonton · Alberta,ualberta.ca,https://ualberta.ca,True,logos/canada_0075_university_of_alberta.png,Canada_Universities_Directory.pdf,11
canada-universities-0076,76,CANADA,universities,University of British Columbia,Vancouver · British Columbia,ubc.ca,https://ubc.ca,True,logos/canada_0076_university_of_british_columbia.png,Canada_Universities_Directory.pdf,11
canada-universities-0077,77,CANADA,universities,University of Calgary,Calgary · Alberta,ucalgary.ca,https://ucalgary.ca,True,logos/canada_0077_university_of_calgary.png,Canada_Universities_Directory.pdf,11
canada-universities-0078,78,CANADA,universities,University of Fredericton,Fredericton · New Brunswick,ufred.ca,https://ufred.ca,True,logos/canada_0078_university_of_fredericton.png,Canada_Universities_Directory.pdf,12
canada-universities-0079,79,CANADA,universities,University of Guelph,Guelph · Ontario,uoguelph.ca,https://uoguelph.ca,True,logos/canada_0079_university_of_guelph.png,Canada_Universities_Directory.pdf,12
canada-universities-0080,80,CANADA,universities,University of Lethbridge,Lethbridge · Alberta,ulethbridge.ca,https://ulethbridge.ca,True,logos/canada_0080_university_of_lethbridge.png,Canada_Universities_Directory.pdf,12
canada-universities-0081,81,CANADA,universities,University of Manitoba,Winnipeg · Manitoba,umanitoba.ca,https://umanitoba.ca,True,logos/canada_0081_university_of_manitoba.png,Canada_Universities_Directory.pdf,12
canada-universities-0082,82,CANADA,universities,University of New Brunswick,Fredericton / Toronto · New Brunswick / Ontario,unb.ca,https://unb.ca,True,logos/canada_0082_university_of_new_brunswick.png,Canada_Universities_Directory.pdf,12
canada-universities-0083,83,CANADA,universities,University of Niagara Falls Canada,Niagara Falls · Ontario,unfc.ca,https://unfc.ca,True,logos/canada_0083_university_of_niagara_falls_canada.png,Canada_Universities_Directory.pdf,12
canada-universities-0084,84,CANADA,universities,University of Northern British Columbia,Prince George / Grande Prairie · British Columbia / Alberta,unbc.ca,https://unbc.ca,True,logos/canada_0084_university_of_northern_british_columbia.png,Canada_Universities_Directory.pdf,12
canada-universities-0085,85,CANADA,universities,University of Ottawa,Ottawa · Ontario,uottawa.ca,https://uottawa.ca,True,logos/canada_0085_university_of_ottawa.png,Canada_Universities_Directory.pdf,12
canada-universities-0086,86,CANADA,universities,University of Prince Edward Island,Charlottetown · Prince Edward Island,upei.ca,https://upei.ca,True,logos/canada_0086_university_of_prince_edward_island.png,Canada_Universities_Directory.pdf,13
canada-universities-0087,87,CANADA,universities,University of Regina,Regina · Saskatchewan,uregina.ca,https://uregina.ca,True,logos/canada_0087_university_of_regina.png,Canada_Universities_Directory.pdf,13
canada-universities-0088,88,CANADA,universities,University of Saskatchewan,Saskatoon · Saskatchewan,usask.ca,https://usask.ca,True,logos/canada_0088_university_of_saskatchewan.png,Canada_Universities_Directory.pdf,13
canada-universities-0089,89,CANADA,universities,University of Sudbury,Sudbury · Ontario,usudbury.ca,https://usudbury.ca,True,logos/canada_0089_university_of_sudbury.png,Canada_Universities_Directory.pdf,13
canada-universities-0090,90,CANADA,universities,University of the Fraser Valley,Abbotsford · British Columbia,ufv.ca,https://ufv.ca,True,logos/canada_0090_university_of_the_fraser_valley.png,Canada_Universities_Directory.pdf,13
canada-universities-0091,91,CANADA,universities,University of Toronto,Toronto · Ontario,utoronto.ca,https://utoronto.ca,True,logos/canada_0091_university_of_toronto.png,Canada_Universities_Directory.pdf,13
canada-universities-0092,92,CANADA,universities,University of Victoria,Victoria · British Columbia,uvic.ca,https://uvic.ca,True,logos/canada_0092_university_of_victoria.png,Canada_Universities_Directory.pdf,13
canada-universities-0093,93,CANADA,universities,University of Waterloo,Waterloo · Ontario,uwaterloo.ca,https://uwaterloo.ca,True,logos/canada_0093_university_of_waterloo.png,Canada_Universities_Directory.pdf,13
canada-universities-0094,94,CANADA,universities,University of Windsor,Windsor · Ontario,uwindsor.ca,https://uwindsor.ca,True,logos/canada_0094_university_of_windsor.png,Canada_Universities_Directory.pdf,14
canada-universities-0095,95,CANADA,universities,Université de Hearst,Hearst · Ontario,uhearst.ca,https://uhearst.ca,True,logos/canada_0095_universit_de_hearst.png,Canada_Universities_Directory.pdf,14
canada-universities-0096,96,CANADA,universities,Université de l'Ontario Français,Toronto · Ontario,uontario.ca,https://uontario.ca,True,logos/canada_0096_universit_de_l_ontario_fran_ais.png,Canada_Universities_Directory.pdf,14
canada-universities-0097,97,CANADA,universities,Université de Moncton,Moncton · New Brunswick,umoncton.ca,https://umoncton.ca,True,logos/canada_0097_universit_de_moncton.png,Canada_Universities_Directory.pdf,14
canada-universities-0098,98,CANADA,universities,Université de Montréal,Montréal · Quebec,umontreal.ca,https://umontreal.ca,True,logos/canada_0098_universit_de_montr_al.png,Canada_Universities_Directory.pdf,14
canada-universities-0099,99,CANADA,universities,Université de Saint-Boniface,Winnipeg · Manitoba,ustboniface.ca,https://ustboniface.ca,True,logos/canada_0099_universit_de_saint_boniface.png,Canada_Universities_Directory.pdf,14
canada-universities-0100,100,CANADA,universities,Université de Sherbrooke,Sherbrooke · Quebec,usherbrooke.ca,https://usherbrooke.ca,True,logos/canada_0100_universit_de_sherbrooke.png,Canada_Universities_Directory.pdf,14
canada-universities-0101,101,CANADA,universities,Université du Québec,Quebec City,uquebec.ca,https://uquebec.ca,True,logos/canada_0101_universit_du_qu_bec.png,Canada_Universities_Directory.pdf,14
canada-universities-0102,102,CANADA,universities,Université du Québec en Abitibi-Témiscamingue,Rouyn-Noranda · Quebec,uqat.ca,https://uqat.ca,True,logos/canada_0102_universit_du_qu_bec_en_abitibi_t_miscamingue.png,Canada_Universities_Directory.pdf,15
canada-universities-0103,103,CANADA,universities,Université du Québec en Outaouais,Gatineau · Quebec,uqo.ca,https://uqo.ca,True,logos/canada_0103_universit_du_qu_bec_en_outaouais.png,Canada_Universities_Directory.pdf,15
canada-universities-0104,104,CANADA,universities,Université du Québec à Chicoutimi,Chicoutimi · Quebec,uqac.ca,https://uqac.ca,True,logos/canada_0104_universit_du_qu_bec_chicoutimi.png,Canada_Universities_Directory.pdf,15
canada-universities-0105,105,CANADA,universities,Université du Québec à Montréal,Montréal · Quebec,uqam.ca,https://uqam.ca,True,logos/canada_0105_universit_du_qu_bec_montr_al.png,Canada_Universities_Directory.pdf,15
canada-universities-0106,106,CANADA,universities,Université du Québec à Rimouski,Rimouski · Quebec,uqar.ca,https://uqar.ca,True,logos/canada_0106_universit_du_qu_bec_rimouski.png,Canada_Universities_Directory.pdf,15
canada-universities-0107,107,CANADA,universities,Université du Québec à Trois-Rivières,Trois-Rivières · Quebec,uqtr.ca,https://uqtr.ca,True,logos/canada_0107_universit_du_qu_bec_trois_rivi_res.png,Canada_Universities_Directory.pdf,15
canada-universities-0108,108,CANADA,universities,Université Laval,Quebec City,ulaval.ca,https://ulaval.ca,True,logos/canada_0108_universit_laval.png,Canada_Universities_Directory.pdf,15
canada-universities-0109,109,CANADA,universities,Université Sainte-Anne,Pointe de l'Église · Nova Scotia,usainteanne.ca,https://usainteanne.ca,True,logos/canada_0109_universit_sainte_anne.png,Canada_Universities_Directory.pdf,15
canada-universities-0110,110,CANADA,universities,Vancouver Island University,Nanaimo · British Columbia,viu.ca,https://viu.ca,True,logos/canada_0110_vancouver_island_university.png,Canada_Universities_Directory.pdf,16
canada-universities-0111,111,CANADA,universities,Victoria University,Toronto · Ontario,vicu.utoronto.ca,https://vicu.utoronto.ca,True,logos/canada_0111_victoria_university.png,Canada_Universities_Directory.pdf,16
canada-universities-0112,112,CANADA,universities,Western University,London · Ontario,uwo.ca,https://uwo.ca,True,logos/canada_0112_western_university.png,Canada_Universities_Directory.pdf,16
canada-universities-0113,113,CANADA,universities,Wilfrid Laurier University,Waterloo · Ontario,wlu.ca,https://wlu.ca,True,logos/canada_0113_wilfrid_laurier_university.png,Canada_Universities_Directory.pdf,16
canada-universities-0114,114,CANADA,universities,York University,Toronto · Ontario,yorku.ca,https://yorku.ca,True,logos/canada_0114_york_university.png,Canada_Universities_Directory.pdf,16
canada-universities-0115,115,CANADA,universities,Yorkville University,New Westminster / Fredericton / Concord · British Columbia / New Brunswick,yorkvilleu.ca,https://yorkvilleu.ca,True,logos/canada_0115_yorkville_university.png,Canada_Universities_Directory.pdf,16
canada-universities-0116,116,CANADA,universities,Yukon University,Whitehorse · Yukon,yukonu.ca,https://yukonu.ca,True,logos/canada_0116_yukon_university.png,Canada_Universities_Directory.pdf,16
canada-affiliated_colleges_other_university_level-0117,117,CANADA,affiliated_colleges_other_university_level,Adler Graduate Professional School Inc.,Toronto · Ontario,adler.ca,https://adler.ca,True,logos/canada_0117_adler_graduate_professional_school_inc.png,Canada_Universities_Directory.pdf,17
canada-affiliated_colleges_other_university_level-0118,118,CANADA,affiliated_colleges_other_university_level,Atlantic School of Theology,Halifax · Nova Scotia,astheology.ns.ca,https://astheology.ns.ca,True,logos/canada_0118_atlantic_school_of_theology.png,Canada_Universities_Directory.pdf,17
canada-affiliated_colleges_other_university_level-0119,119,CANADA,affiliated_colleges_other_university_level,Booth University College,Winnipeg · Manitoba,boothuc.ca,https://boothuc.ca,True,logos/canada_0119_booth_university_college.png,Canada_Universities_Directory.pdf,17
canada-affiliated_colleges_other_university_level-0120,120,CANADA,affiliated_colleges_other_university_level,Campion College,Regina · Saskatchewan,campioncollege.ca,https://campioncollege.ca,True,logos/canada_0120_campion_college.png,Canada_Universities_Directory.pdf,17
canada-affiliated_colleges_other_university_level-0121,121,CANADA,affiliated_colleges_other_university_level,Conrad Grebel University College,Waterloo · Ontario,uwaterloo.ca,https://uwaterloo.ca,True,logos/canada_0121_conrad_grebel_university_college.png,Canada_Universities_Directory.pdf,17
canada-affiliated_colleges_other_university_level-0122,122,CANADA,affiliated_colleges_other_university_level,Emmanuel College of Victoria University,Toronto · Ontario,utoronto.ca,https://utoronto.ca,True,logos/canada_0122_emmanuel_college_of_victoria_university.png,Canada_Universities_Directory.pdf,17
canada-affiliated_colleges_other_university_level-0123,123,CANADA,affiliated_colleges_other_university_level,Gabriel Dumont Institute of Native Studies and Applied Research,Saskatoon · Saskatchewan,uregina.ca,https://uregina.ca,True,logos/canada_0123_gabriel_dumont_institute_of_native_studies_and_applied_research.png,Canada_Universities_Directory.pdf,17
canada-affiliated_colleges_other_university_level-0124,124,CANADA,affiliated_colleges_other_university_level,"Grenfell Campus, Memorial University of Newfoundland",Corner Brook · Newfoundland and Labrador,mun.ca,https://mun.ca,True,logos/canada_0124_grenfell_campus_memorial_university_of_newfoundland.png,Canada_Universities_Directory.pdf,17
canada-affiliated_colleges_other_university_level-0125,125,CANADA,affiliated_colleges_other_university_level,Huron University College,London · Ontario,huronuc.on.ca,https://huronuc.on.ca,False,,Canada_Universities_Directory.pdf,18
canada-affiliated_colleges_other_university_level-0126,126,CANADA,affiliated_colleges_other_university_level,Institut national de la recherche scientifique,Québec · Quebec,inrs.ca,https://inrs.ca,True,logos/canada_0126_institut_national_de_la_recherche_scientifique.png,Canada_Universities_Directory.pdf,18
canada-affiliated_colleges_other_university_level-0127,127,CANADA,affiliated_colleges_other_university_level,King's University College,London · Ontario,kings.uwo.ca,https://kings.uwo.ca,False,,Canada_Universities_Directory.pdf,18
canada-affiliated_colleges_other_university_level-0128,128,CANADA,affiliated_colleges_other_university_level,La Cité universitaire francophone,Regina · Saskatchewan,lacite.uregina.ca,https://lacite.uregina.ca,True,logos/canada_0128_la_cit_universitaire_francophone.png,Canada_Universities_Directory.pdf,18
canada-affiliated_colleges_other_university_level-0129,129,CANADA,affiliated_colleges_other_university_level,"Labrador Campus, Memorial University of Newfoundland",Happy Valley-Goose Bay · Newfoundland and Labrador,mun.ca,https://mun.ca,True,logos/canada_0129_labrador_campus_memorial_university_of_newfoundland.png,Canada_Universities_Directory.pdf,18
canada-affiliated_colleges_other_university_level-0130,130,CANADA,affiliated_colleges_other_university_level,Luther College,Regina · Saskatchewan,luthercollege.edu,https://luthercollege.edu,True,logos/canada_0130_luther_college.png,Canada_Universities_Directory.pdf,18
canada-affiliated_colleges_other_university_level-0131,131,CANADA,affiliated_colleges_other_university_level,"Marine Institute, Memorial University of Newfoundland",St. John’s · Newfoundland and Labrador,mi.mun.ca,https://mi.mun.ca,True,logos/canada_0131_marine_institute_memorial_university_of_newfoundland.png,Canada_Universities_Directory.pdf,18
canada-affiliated_colleges_other_university_level-0132,132,CANADA,affiliated_colleges_other_university_level,Maritime Christian College,Charlottetown · Prince Edward Island,mccpei.com,https://mccpei.com,True,logos/canada_0132_maritime_christian_college.png,Canada_Universities_Directory.pdf,18
canada-affiliated_colleges_other_university_level-0133,133,CANADA,affiliated_colleges_other_university_level,Martin Luther University College,Waterloo · Ontario,luther.wlu.ca,https://luther.wlu.ca,True,logos/canada_0133_martin_luther_university_college.png,Canada_Universities_Directory.pdf,19
canada-affiliated_colleges_other_university_level-0134,134,CANADA,affiliated_colleges_other_university_level,Providence University College and Theological Seminary,Otterburne · Manitoba,prov.ca,https://prov.ca,True,logos/canada_0134_providence_university_college_and_theological_seminary.png,Canada_Universities_Directory.pdf,19
canada-affiliated_colleges_other_university_level-0135,135,CANADA,affiliated_colleges_other_university_level,Renison University College,Waterloo · Ontario,uwaterloo.ca,https://uwaterloo.ca,True,logos/canada_0135_renison_university_college.png,Canada_Universities_Directory.pdf,19
canada-affiliated_colleges_other_university_level-0136,136,CANADA,affiliated_colleges_other_university_level,Royal Military College of Canada,Kingston · Ontario,rmc-cmr.ca,https://rmc-cmr.ca,True,logos/canada_0136_royal_military_college_of_canada.png,Canada_Universities_Directory.pdf,19
canada-affiliated_colleges_other_university_level-0137,137,CANADA,affiliated_colleges_other_university_level,St. Andrew's College,Winnipeg · Manitoba,umanitoba.ca,https://umanitoba.ca,True,logos/canada_0137_st_andrew_s_college.png,Canada_Universities_Directory.pdf,19
canada-affiliated_colleges_other_university_level-0138,138,CANADA,affiliated_colleges_other_university_level,St. Peter's College,Muenster · Saskatchewan,usask.ca,https://usask.ca,True,logos/canada_0138_st_peter_s_college.png,Canada_Universities_Directory.pdf,19
canada-affiliated_colleges_other_university_level-0139,139,CANADA,affiliated_colleges_other_university_level,St. Thomas More College,Saskatoon · Saskatchewan,stmcollege.ca,https://stmcollege.ca,True,logos/canada_0139_st_thomas_more_college.png,Canada_Universities_Directory.pdf,19
canada-affiliated_colleges_other_university_level-0140,140,CANADA,affiliated_colleges_other_university_level,Thomas More Institute,Montréal · Quebec,thomasmore.qc.ca,https://thomasmore.qc.ca,True,logos/canada_0140_thomas_more_institute.png,Canada_Universities_Directory.pdf,19
canada-affiliated_colleges_other_university_level-0141,141,CANADA,affiliated_colleges_other_university_level,Toronto School of Theology,Toronto · Ontario,utoronto.ca,https://utoronto.ca,True,logos/canada_0141_toronto_school_of_theology.png,Canada_Universities_Directory.pdf,20
canada-affiliated_colleges_other_university_level-0142,142,CANADA,affiliated_colleges_other_university_level,United College,Waterloo · Ontario,uwaterloo.ca,https://uwaterloo.ca,True,logos/canada_0142_united_college.png,Canada_Universities_Directory.pdf,20
canada-affiliated_colleges_other_university_level-0143,143,CANADA,affiliated_colleges_other_university_level,University College of the North,Thompson · Manitoba,ucn.ca,https://ucn.ca,True,logos/canada_0143_university_college_of_the_north.png,Canada_Universities_Directory.pdf,20
canada-affiliated_colleges_other_university_level-0144,144,CANADA,affiliated_colleges_other_university_level,University of King's College,Halifax · Nova Scotia,ukings.ca,https://ukings.ca,True,logos/canada_0144_university_of_king_s_college.png,Canada_Universities_Directory.pdf,20
canada-affiliated_colleges_other_university_level-0145,145,CANADA,affiliated_colleges_other_university_level,University of St. Michael's College,Toronto · Ontario,utoronto.ca,https://utoronto.ca,True,logos/canada_0145_university_of_st_michael_s_college.png,Canada_Universities_Directory.pdf,20
canada-affiliated_colleges_other_university_level-0146,146,CANADA,affiliated_colleges_other_university_level,University of Trinity College,Toronto · Ontario,trinity.utoronto.ca,https://trinity.utoronto.ca,True,logos/canada_0146_university_of_trinity_college.png,Canada_Universities_Directory.pdf,20
canada-affiliated_colleges_other_university_level-0147,147,CANADA,affiliated_colleges_other_university_level,Yellowquill University College,Winnipeg · Manitoba,yellowquill.org,https://yellowquill.org,True,logos/canada_0147_yellowquill_university_college.png,Canada_Universities_Directory.pdf,20
canada-affiliated_colleges_other_university_level-0148,148,CANADA,affiliated_colleges_other_university_level,École de technologie supérieure,Montréal · Quebec,etsmtl.ca,https://etsmtl.ca,True,logos/canada_0148_cole_de_technologie_sup_rieure.png,Canada_Universities_Directory.pdf,20
canada-affiliated_colleges_other_university_level-0149,149,CANADA,affiliated_colleges_other_university_level,École des Hautes Études Commerciales de Montréal,Montréal · Quebec,hec.ca,https://hec.ca,True,logos/canada_0149_cole_des_hautes_tudes_commerciales_de_montr_al.png,Canada_Universities_Directory.pdf,21
canada-affiliated_colleges_other_university_level-0150,150,CANADA,affiliated_colleges_other_university_level,École nationale d'administration publique,Quebec City,enap.ca,https://enap.ca,True,logos/canada_0150_cole_nationale_d_administration_publique.png,Canada_Universities_Directory.pdf,21
canada-affiliated_colleges_other_university_level-0151,151,CANADA,affiliated_colleges_other_university_level,École Polytechnique de Montréal,Montréal · Quebec,polymtl.ca,https://polymtl.ca,False,,Canada_Universities_Directory.pdf,21
germany-universities_and_higher_education_institutions-0001,1,GERMANY,universities_and_higher_education_institutions,accadis Hochschule Bad Homburg,Bad Homburg · Hessen,accadis.com,https://accadis.com,True,logos/germany_0001_accadis_hochschule_bad_homburg.png,Germany_Universities_Directory.pdf,2
germany-universities_and_higher_education_institutions-0002,2,GERMANY,universities_and_higher_education_institutions,AKAD Hochschule Stuttgart - staatlich anerkannt,Stuttgart · Baden-Württemberg,akad.de,https://akad.de,True,logos/germany_0002_akad_hochschule_stuttgart_staatlich_anerkannt.png,Germany_Universities_Directory.pdf,2
germany-universities_and_higher_education_institutions-0003,3,GERMANY,universities_and_higher_education_institutions,Akademie der Bildenden Künste München,München · Bayern,adbk.de,https://adbk.de,True,logos/germany_0003_akademie_der_bildenden_k_nste_m_nchen.png,Germany_Universities_Directory.pdf,2
germany-universities_and_higher_education_institutions-0004,4,GERMANY,universities_and_higher_education_institutions,Akademie der Bildenden Künste Nürnberg,Nürnberg · Bayern,adbk-nuernberg.de,https://adbk-nuernberg.de,True,logos/germany_0004_akademie_der_bildenden_k_nste_n_rnberg.png,Germany_Universities_Directory.pdf,2
germany-universities_and_higher_education_institutions-0005,5,GERMANY,universities_and_higher_education_institutions,Akkon-Hochschule,Berlin,akkon-hochschule.de,https://akkon-hochschule.de,True,logos/germany_0005_akkon_hochschule.png,Germany_Universities_Directory.pdf,2
germany-universities_and_higher_education_institutions-0006,6,GERMANY,universities_and_higher_education_institutions,Alanus Hochschule für Kunst und Gesellschaft,Alfter · Nordrhein-Westfalen,alanus.edu,https://alanus.edu,True,logos/germany_0006_alanus_hochschule_f_r_kunst_und_gesellschaft.png,Germany_Universities_Directory.pdf,2
germany-universities_and_higher_education_institutions-0007,7,GERMANY,universities_and_higher_education_institutions,Albert-Ludwigs-Universität Freiburg im Breisgau,Freiburg · Baden-Württemberg,uni-freiburg.de,https://uni-freiburg.de,True,logos/germany_0007_albert_ludwigs_universit_t_freiburg_im_breisgau.png,Germany_Universities_Directory.pdf,2
germany-universities_and_higher_education_institutions-0008,8,GERMANY,universities_and_higher_education_institutions,Alice Salomon Hochschule Berlin,Berlin,ash-berlin.eu,https://ash-berlin.eu,True,logos/germany_0008_alice_salomon_hochschule_berlin.png,Germany_Universities_Directory.pdf,2
germany-universities_and_higher_education_institutions-0009,9,GERMANY,universities_and_higher_education_institutions,"Allensbach Hochschule Konstanz, staatlich anerkannte Hochschule der European Education Group GmbH",Konstanz · Baden-Württemberg,allensbach-hochschule.de,https://allensbach-hochschule.de,True,logos/germany_0009_allensbach_hochschule_konstanz_staatlich_anerkannte_hochschule_der_eur.png,Germany_Universities_Directory.pdf,3
germany-universities_and_higher_education_institutions-0010,10,GERMANY,universities_and_higher_education_institutions,APOLLON Hochschule der Gesundheitswirtschaft,Bremen,apollon-hochschule.de,https://apollon-hochschule.de,True,logos/germany_0010_apollon_hochschule_der_gesundheitswirtschaft.png,Germany_Universities_Directory.pdf,3
germany-universities_and_higher_education_institutions-0011,11,GERMANY,universities_and_higher_education_institutions,Augustana-Hochschule Neuendettelsau,Neuendettelsau · Bayern,augustana.de,https://augustana.de,True,logos/germany_0011_augustana_hochschule_neuendettelsau.png,Germany_Universities_Directory.pdf,3
germany-universities_and_higher_education_institutions-0012,12,GERMANY,universities_and_higher_education_institutions,"Bard College Berlin, A Liberal Arts University",Berlin,berlin.bard.edu,https://berlin.bard.edu,True,logos/germany_0012_bard_college_berlin_a_liberal_arts_university.png,Germany_Universities_Directory.pdf,3
germany-universities_and_higher_education_institutions-0013,13,GERMANY,universities_and_higher_education_institutions,Bauhaus-Universität Weimar,Weimar · Thüringen,uni-weimar.de,https://uni-weimar.de,True,logos/germany_0013_bauhaus_universit_t_weimar.png,Germany_Universities_Directory.pdf,3
germany-universities_and_higher_education_institutions-0014,14,GERMANY,universities_and_higher_education_institutions,bbw Hochschule,Berlin,bbw-hochschule.de,https://bbw-hochschule.de,True,logos/germany_0014_bbw_hochschule.png,Germany_Universities_Directory.pdf,3
germany-universities_and_higher_education_institutions-0015,15,GERMANY,universities_and_higher_education_institutions,Bergische Universität Wuppertal,Wuppertal · Nordrhein-Westfalen,uni-wuppertal.de,https://uni-wuppertal.de,True,logos/germany_0015_bergische_universit_t_wuppertal.png,Germany_Universities_Directory.pdf,3
germany-universities_and_higher_education_institutions-0016,16,GERMANY,universities_and_higher_education_institutions,Berliner Hochschule für Technik,Berlin,bht-berlin.de,https://bht-berlin.de,True,logos/germany_0016_berliner_hochschule_f_r_technik.png,Germany_Universities_Directory.pdf,3
germany-universities_and_higher_education_institutions-0017,17,GERMANY,universities_and_higher_education_institutions,Berufliche Hochschule Hamburg (BHH),Hamburg,bhh.de,https://bhh.de,True,logos/germany_0017_berufliche_hochschule_hamburg_bhh.png,Germany_Universities_Directory.pdf,4
germany-universities_and_higher_education_institutions-0018,18,GERMANY,universities_and_higher_education_institutions,Brand University of Applied Sciences,Hamburg,brand-university.de,https://brand-university.de,True,logos/germany_0018_brand_university_of_applied_sciences.png,Germany_Universities_Directory.pdf,4
germany-universities_and_higher_education_institutions-0019,19,GERMANY,universities_and_higher_education_institutions,Brandenburgische Technische Universität Cottbus-Senftenberg,Cottbus · Brandenburg,b-tu.de,https://b-tu.de,True,logos/germany_0019_brandenburgische_technische_universit_t_cottbus_senftenberg.png,Germany_Universities_Directory.pdf,4
germany-universities_and_higher_education_institutions-0020,20,GERMANY,universities_and_higher_education_institutions,BSP Business and Law School - Hochschule für Management und Recht,Berlin,businessschool-berlin.de,https://businessschool-berlin.de,True,logos/germany_0020_bsp_business_and_law_school_hochschule_f_r_management_und_recht.png,Germany_Universities_Directory.pdf,4
germany-universities_and_higher_education_institutions-0021,21,GERMANY,universities_and_higher_education_institutions,"Bucerius Law School, Hochschule für Rechtswissenschaft",Hamburg,law-school.de,https://law-school.de,True,logos/germany_0021_bucerius_law_school_hochschule_f_r_rechtswissenschaft.png,Germany_Universities_Directory.pdf,4
germany-universities_and_higher_education_institutions-0022,22,GERMANY,universities_and_higher_education_institutions,Burg Giebichenstein Kunsthochschule Halle,Halle · Sachsen-Anhalt,burg-halle.de,https://burg-halle.de,True,logos/germany_0022_burg_giebichenstein_kunsthochschule_halle.png,Germany_Universities_Directory.pdf,4
germany-universities_and_higher_education_institutions-0023,23,GERMANY,universities_and_higher_education_institutions,Carl von Ossietzky Universität Oldenburg,Oldenburg · Niedersachsen,uol.de,https://uol.de,True,logos/germany_0023_carl_von_ossietzky_universit_t_oldenburg.png,Germany_Universities_Directory.pdf,4
germany-universities_and_higher_education_institutions-0024,24,GERMANY,universities_and_higher_education_institutions,CBS University of Applied Sciences,Köln · Nordrhein-Westfalen,cbs.de,https://cbs.de,True,logos/germany_0024_cbs_university_of_applied_sciences.png,Germany_Universities_Directory.pdf,4
germany-universities_and_higher_education_institutions-0025,25,GERMANY,universities_and_higher_education_institutions,Charlotte Fresenius Hochschule,Wiesbaden · Hessen,charlotte-fresenius-uni.de,https://charlotte-fresenius-uni.de,True,logos/germany_0025_charlotte_fresenius_hochschule.png,Germany_Universities_Directory.pdf,5
germany-universities_and_higher_education_institutions-0026,26,GERMANY,universities_and_higher_education_institutions,Christian-Albrechts-Univers ität zu Kiel,Kiel · Schleswig-Holstein,uni-kiel.de,https://uni-kiel.de,True,logos/germany_0026_christian_albrechts_univers_it_t_zu_kiel.png,Germany_Universities_Directory.pdf,5
germany-universities_and_higher_education_institutions-0027,27,GERMANY,universities_and_higher_education_institutions,CODE University of Applied Sciences,Berlin,code.berlin,https://code.berlin,True,logos/germany_0027_code_university_of_applied_sciences.png,Germany_Universities_Directory.pdf,5
germany-universities_and_higher_education_institutions-0028,28,GERMANY,universities_and_higher_education_institutions,Constructor University,Bremen,constructor.university,https://constructor.university,True,logos/germany_0028_constructor_university.png,Germany_Universities_Directory.pdf,5
germany-universities_and_higher_education_institutions-0029,29,GERMANY,universities_and_higher_education_institutions,Deutsche Hochschule für Angewandte Wissenschaften - German University of Applied Sciences,Potsdam · Brandenburg,deutschehochschule.de,https://deutschehochschule.de,True,logos/germany_0029_deutsche_hochschule_f_r_angewandte_wissenschaften_german_university_of.png,Germany_Universities_Directory.pdf,5
germany-universities_and_higher_education_institutions-0030,30,GERMANY,universities_and_higher_education_institutions,Deutsche Hochschule für Prävention und Gesundheitsmanagement GmbH,Saarbrücken · Saarland,dhfpg.de,https://dhfpg.de,True,logos/germany_0030_deutsche_hochschule_f_r_pr_vention_und_gesundheitsmanagement_gmbh.png,Germany_Universities_Directory.pdf,5
germany-universities_and_higher_education_institutions-0031,31,GERMANY,universities_and_higher_education_institutions,Deutsche Sporthochschule Köln,Köln · Nordrhein-Westfalen,dshs-koeln.de,https://dshs-koeln.de,True,logos/germany_0031_deutsche_sporthochschule_k_ln.png,Germany_Universities_Directory.pdf,5
germany-universities_and_higher_education_institutions-0032,32,GERMANY,universities_and_higher_education_institutions,Deutsche Universität für Ve rwaltungswissenschaften Speyer,Speyer · Rheinland-Pfalz,uni-speyer.de,https://uni-speyer.de,True,logos/germany_0032_deutsche_universit_t_f_r_ve_rwaltungswissenschaften_speyer.png,Germany_Universities_Directory.pdf,5
germany-universities_and_higher_education_institutions-0033,33,GERMANY,universities_and_higher_education_institutions,DHGS Deutsche Hochschule für Gesundheit und Sport,Berlin,dhgs-hochschule.de,https://dhgs-hochschule.de,True,logos/germany_0033_dhgs_deutsche_hochschule_f_r_gesundheit_und_sport.png,Germany_Universities_Directory.pdf,6
germany-universities_and_higher_education_institutions-0034,34,GERMANY,universities_and_higher_education_institutions,Digital Business University of Applied Sciences,Berlin,dbuas.de,https://dbuas.de,True,logos/germany_0034_digital_business_university_of_applied_sciences.png,Germany_Universities_Directory.pdf,6
germany-universities_and_higher_education_institutions-0035,35,GERMANY,universities_and_higher_education_institutions,DIPLOMA Hochschule - Private Fachhochschule Nordhessen,Bad Sooden-Allendorf · Hessen,diploma.de,https://diploma.de,True,logos/germany_0035_diploma_hochschule_private_fachhochschule_nordhessen.png,Germany_Universities_Directory.pdf,6
germany-universities_and_higher_education_institutions-0036,36,GERMANY,universities_and_higher_education_institutions,DIU - Dresden International University GmbH,Dresden · Sachsen,di-uni.de,https://di-uni.de,True,logos/germany_0036_diu_dresden_international_university_gmbh.png,Germany_Universities_Directory.pdf,6
germany-universities_and_higher_education_institutions-0037,37,GERMANY,universities_and_higher_education_institutions,Duale Hochschule Baden-Württemberg,Stuttgart · Baden-Württemberg,dhbw.de,https://dhbw.de,True,logos/germany_0037_duale_hochschule_baden_w_rttemberg.png,Germany_Universities_Directory.pdf,6
germany-universities_and_higher_education_institutions-0038,38,GERMANY,universities_and_higher_education_institutions,Duale Hochschule Gera-Eisenach,Gera · Thüringen,dhge.de,https://dhge.de,True,logos/germany_0038_duale_hochschule_gera_eisenach.png,Germany_Universities_Directory.pdf,6
germany-universities_and_higher_education_institutions-0039,39,GERMANY,universities_and_higher_education_institutions,Duale Hochschule Sachsen,Glauchau · Sachsen,dhsn.de,https://dhsn.de,True,logos/germany_0039_duale_hochschule_sachsen.png,Germany_Universities_Directory.pdf,6
germany-universities_and_higher_education_institutions-0040,40,GERMANY,universities_and_higher_education_institutions,Duale Hochschule Schleswig-Holstein - staatlich anerkannte Hochschule für angewandte Wissenschaften in Trägerschaft der Wirtschaftsakademie Schleswig-Holstein,Kiel · Schleswig-Holstein,dhsh.de,https://dhsh.de,True,logos/germany_0040_duale_hochschule_schleswig_holstein_staatlich_anerkannte_hochschule_f_.png,Germany_Universities_Directory.pdf,6
germany-universities_and_higher_education_institutions-0041,41,GERMANY,universities_and_higher_education_institutions,Eberhard Karls Universität Tübingen,Tübingen · Baden-Württemberg,uni-tuebingen.de,https://uni-tuebingen.de,True,logos/germany_0041_eberhard_karls_universit_t_t_bingen.png,Germany_Universities_Directory.pdf,7
germany-universities_and_higher_education_institutions-0042,42,GERMANY,universities_and_higher_education_institutions,EBS Universität für Wirtschaft und Recht,Oestrich-Winkel · Hessen,ebs.edu,https://ebs.edu,True,logos/germany_0042_ebs_universit_t_f_r_wirtschaft_und_recht.png,Germany_Universities_Directory.pdf,7
germany-universities_and_higher_education_institutions-0043,43,GERMANY,universities_and_higher_education_institutions,EHIP - Europäische Hochschule für Innovation und Perspektive,Backnang · Baden-Württemberg,ehip.eu,https://ehip.eu,True,logos/germany_0043_ehip_europ_ische_hochschule_f_r_innovation_und_perspektive.png,Germany_Universities_Directory.pdf,7
germany-universities_and_higher_education_institutions-0044,44,GERMANY,universities_and_higher_education_institutions,Ernst-Abbe-Hochschule Jena,Jena · Thüringen,eah-jena.de,https://eah-jena.de,True,logos/germany_0044_ernst_abbe_hochschule_jena.png,Germany_Universities_Directory.pdf,7
germany-universities_and_higher_education_institutions-0045,45,GERMANY,universities_and_higher_education_institutions,ESCP Europe Wirtschaftshochschule Berlin e.V.,Berlin,escp.eu,https://escp.eu,True,logos/germany_0045_escp_europe_wirtschaftshochschule_berlin_e_v.png,Germany_Universities_Directory.pdf,7
germany-universities_and_higher_education_institutions-0046,46,GERMANY,universities_and_higher_education_institutions,ESMT European School of Management and Technology,Berlin,esmt.org,https://esmt.org,True,logos/germany_0046_esmt_european_school_of_management_and_technology.png,Germany_Universities_Directory.pdf,7
germany-universities_and_higher_education_institutions-0047,47,GERMANY,universities_and_higher_education_institutions,Europa-Universität Flensburg,Flensburg · Schleswig-Holstein,uni-flensburg.de,https://uni-flensburg.de,True,logos/germany_0047_europa_universit_t_flensburg.png,Germany_Universities_Directory.pdf,7
germany-universities_and_higher_education_institutions-0048,48,GERMANY,universities_and_higher_education_institutions,Europa-Universität Viadrina Frankfurt (Oder),Frankfurt (Oder) · Brandenburg,europa-uni.de,https://europa-uni.de,True,logos/germany_0048_europa_universit_t_viadrina_frankfurt_oder.png,Germany_Universities_Directory.pdf,7
germany-universities_and_higher_education_institutions-0049,49,GERMANY,universities_and_higher_education_institutions,Europäische Fernhochschule Hamburg,Hamburg,euro-fh.de,https://euro-fh.de,True,logos/germany_0049_europ_ische_fernhochschule_hamburg.png,Germany_Universities_Directory.pdf,8
germany-universities_and_higher_education_institutions-0050,50,GERMANY,universities_and_higher_education_institutions,Evangelische Hochschule Berlin,Berlin,eh-berlin.de,https://eh-berlin.de,True,logos/germany_0050_evangelische_hochschule_berlin.png,Germany_Universities_Directory.pdf,8
germany-universities_and_higher_education_institutions-0051,51,GERMANY,universities_and_higher_education_institutions,Evangelische Hochschule Dresden,Dresden · Sachsen,ehs-dresden.de,https://ehs-dresden.de,True,logos/germany_0051_evangelische_hochschule_dresden.png,Germany_Universities_Directory.pdf,8
germany-universities_and_higher_education_institutions-0052,52,GERMANY,universities_and_higher_education_institutions,"Evangelische Hochschule Freiburg, staatlich anerkannte Hochschule der Evangelischen Landeskirche in Baden",Freiburg · Baden-Württemberg,eh-freiburg.de,https://eh-freiburg.de,True,logos/germany_0052_evangelische_hochschule_freiburg_staatlich_anerkannte_hochschule_der_e.png,Germany_Universities_Directory.pdf,8
germany-universities_and_higher_education_institutions-0053,53,GERMANY,universities_and_higher_education_institutions,Evangelische Hochschule für angewandte Wissenschaften - Evangelische Fachhochschule Nürnberg,Nürnberg · Bayern,evhn.de,https://evhn.de,True,logos/germany_0053_evangelische_hochschule_f_r_angewandte_wissenschaften_evangelische_fac.png,Germany_Universities_Directory.pdf,8
germany-universities_and_higher_education_institutions-0054,54,GERMANY,universities_and_higher_education_institutions,Evangelische Hochschule für Kirchenmusik,Halle · Sachsen-Anhalt,ehk-halle.de,https://ehk-halle.de,True,logos/germany_0054_evangelische_hochschule_f_r_kirchenmusik.png,Germany_Universities_Directory.pdf,8
germany-universities_and_higher_education_institutions-0055,55,GERMANY,universities_and_higher_education_institutions,Evangelische Hochschule für Soziale Arbeit & Diakonie,Hamburg,ev-hochschule-hh.de,https://ev-hochschule-hh.de,True,logos/germany_0055_evangelische_hochschule_f_r_soziale_arbeit_diakonie.png,Germany_Universities_Directory.pdf,8
germany-universities_and_higher_education_institutions-0056,56,GERMANY,universities_and_higher_education_institutions,Evangelische Hochschule Hessen,Darmstadt · Hessen,eh-darmstadt.de,https://eh-darmstadt.de,True,logos/germany_0056_evangelische_hochschule_hessen.png,Germany_Universities_Directory.pdf,8
germany-universities_and_higher_education_institutions-0057,57,GERMANY,universities_and_higher_education_institutions,Evangelische Hochschule Ludwigsburg - staatlich anerkannte Hochschule für Angewandte Wissenschaften der Evangelischen Landeskirche Württemberg,Ludwigsburg · Baden-Württemberg,eh-ludwigsburg.de,https://eh-ludwigsburg.de,True,logos/germany_0057_evangelische_hochschule_ludwigsburg_staatlich_anerkannte_hochschule_f_.png,Germany_Universities_Directory.pdf,9
germany-universities_and_higher_education_institutions-0058,58,GERMANY,universities_and_higher_education_institutions,Evangelische Hochschule Rheinland-Westfalen-Lippe,Bochum · Nordrhein-Westfalen,EvH-Bochum.de,https://EvH-Bochum.de,True,logos/germany_0058_evangelische_hochschule_rheinland_westfalen_lippe.png,Germany_Universities_Directory.pdf,9
germany-universities_and_higher_education_institutions-0059,59,GERMANY,universities_and_higher_education_institutions,Evangelische Hochschule Tabor,Marburg · Hessen,eh-tabor.de,https://eh-tabor.de,True,logos/germany_0059_evangelische_hochschule_tabor.png,Germany_Universities_Directory.pdf,9
germany-universities_and_higher_education_institutions-0060,60,GERMANY,universities_and_higher_education_institutions,Fachhochschule Aachen,Aachen · Nordrhein-Westfalen,fh-aachen.de,https://fh-aachen.de,True,logos/germany_0060_fachhochschule_aachen.png,Germany_Universities_Directory.pdf,9
germany-universities_and_higher_education_institutions-0061,61,GERMANY,universities_and_higher_education_institutions,Fachhochschule der Diakonie - Diaconia - University of Applied Sciences,Bielefeld · Nordrhein-Westfalen,hochschule-diakonie.de,https://hochschule-diakonie.de,True,logos/germany_0061_fachhochschule_der_diakonie_diaconia_university_of_applied_sciences.png,Germany_Universities_Directory.pdf,9
germany-universities_and_higher_education_institutions-0062,62,GERMANY,universities_and_higher_education_institutions,Fachhochschule der Wirtschaft,Paderborn · Nordrhein-Westfalen,fhdw.de,https://fhdw.de,True,logos/germany_0062_fachhochschule_der_wirtschaft.png,Germany_Universities_Directory.pdf,9
germany-universities_and_higher_education_institutions-0063,63,GERMANY,universities_and_higher_education_institutions,Fachhochschule des Mittelstands (FHM),Bielefeld · Nordrhein-Westfalen,fh-mittelstand.de,https://fh-mittelstand.de,True,logos/germany_0063_fachhochschule_des_mittelstands_fhm.png,Germany_Universities_Directory.pdf,9
germany-universities_and_higher_education_institutions-0064,64,GERMANY,universities_and_higher_education_institutions,Fachhochschule Dortmund,Dortmund · Nordrhein-Westfalen,fh-dortmund.de,https://fh-dortmund.de,True,logos/germany_0064_fachhochschule_dortmund.png,Germany_Universities_Directory.pdf,9
germany-universities_and_higher_education_institutions-0065,65,GERMANY,universities_and_higher_education_institutions,Fachhochschule Dresden,Dresden · Sachsen,fh-dresden.eu,https://fh-dresden.eu,True,logos/germany_0065_fachhochschule_dresden.png,Germany_Universities_Directory.pdf,10
germany-universities_and_higher_education_institutions-0066,66,GERMANY,universities_and_higher_education_institutions,Fachhochschule Erfurt,Erfurt · Thüringen,fh-erfurt.de,https://fh-erfurt.de,True,logos/germany_0066_fachhochschule_erfurt.png,Germany_Universities_Directory.pdf,10
germany-universities_and_higher_education_institutions-0067,67,GERMANY,universities_and_higher_education_institutions,Fachhochschule für die Wirtschaft Hannover,Hannover · Niedersachsen,fhdw-hannover.de,https://fhdw-hannover.de,True,logos/germany_0067_fachhochschule_f_r_die_wirtschaft_hannover.png,Germany_Universities_Directory.pdf,10
germany-universities_and_higher_education_institutions-0068,68,GERMANY,universities_and_higher_education_institutions,Fachhochschule für Finanzen Brandenburg,Königs Wusterhausen · Brandenburg,fhf.brandenburg.de,https://fhf.brandenburg.de,True,logos/germany_0068_fachhochschule_f_r_finanzen_brandenburg.png,Germany_Universities_Directory.pdf,10
germany-universities_and_higher_education_institutions-0069,69,GERMANY,universities_and_higher_education_institutions,Fachhochschule für Sport und Management Potsdam,Potsdam · Brandenburg,fhsmp.de,https://fhsmp.de,True,logos/germany_0069_fachhochschule_f_r_sport_und_management_potsdam.png,Germany_Universities_Directory.pdf,10
germany-universities_and_higher_education_institutions-0070,70,GERMANY,universities_and_higher_education_institutions,"Fachhochschule für öffentliche Verwaltung, Polizei und Rechtspflege des Landes Mecklenburg-Vorpommern",Güstrow · Mecklenburg-Vorpommern,fh-guestrow.de,https://fh-guestrow.de,False,,Germany_Universities_Directory.pdf,10
germany-universities_and_higher_education_institutions-0071,71,GERMANY,universities_and_higher_education_institutions,Fachhochschule Potsdam,Potsdam · Brandenburg,fh-potsdam.de,https://fh-potsdam.de,True,logos/germany_0071_fachhochschule_potsdam.png,Germany_Universities_Directory.pdf,10
germany-universities_and_higher_education_institutions-0072,72,GERMANY,universities_and_higher_education_institutions,Fachhochschule Südwestfalen,Iserlohn · Nordrhein-Westfalen,fh-swf.de,https://fh-swf.de,True,logos/germany_0072_fachhochschule_s_dwestfalen.png,Germany_Universities_Directory.pdf,10
germany-universities_and_higher_education_institutions-0073,73,GERMANY,universities_and_higher_education_institutions,Fachhochschule Wedel,Wedel · Schleswig-Holstein,fh-wedel.de,https://fh-wedel.de,True,logos/germany_0073_fachhochschule_wedel.png,Germany_Universities_Directory.pdf,11
germany-universities_and_higher_education_institutions-0074,74,GERMANY,universities_and_higher_education_institutions,"Fachhochschule Westküste, Hochschule für Wirtschaft und Technik",Heide · Schleswig-Holstein,fh-westkueste.de,https://fh-westkueste.de,True,logos/germany_0074_fachhochschule_westk_ste_hochschule_f_r_wirtschaft_und_technik.png,Germany_Universities_Directory.pdf,11
germany-universities_and_higher_education_institutions-0075,75,GERMANY,universities_and_higher_education_institutions,FernUniversität in Hagen,Hagen · Nordrhein-Westfalen,fernuni-hagen.de,https://fernuni-hagen.de,True,logos/germany_0075_fernuniversit_t_in_hagen.png,Germany_Universities_Directory.pdf,11
germany-universities_and_higher_education_institutions-0076,76,GERMANY,universities_and_higher_education_institutions,FH Münster - University of Applied Sciences,Münster · Nordrhein-Westfalen,fhms.eu,https://fhms.eu,True,logos/germany_0076_fh_m_nster_university_of_applied_sciences.png,Germany_Universities_Directory.pdf,11
germany-universities_and_higher_education_institutions-0077,77,GERMANY,universities_and_higher_education_institutions,Filmuniversität Babelsberg Konrad Wolf,Potsdam · Brandenburg,filmuniversitaet.de,https://filmuniversitaet.de,True,logos/germany_0077_filmuniversit_t_babelsberg_konrad_wolf.png,Germany_Universities_Directory.pdf,11
germany-universities_and_higher_education_institutions-0078,78,GERMANY,universities_and_higher_education_institutions,Fliedner Fachhochschule Düsseldorf,Düsseldorf · Nordrhein-Westfalen,fliedner-fachhochschule.de,https://fliedner-fachhochschule.de,True,logos/germany_0078_fliedner_fachhochschule_d_sseldorf.png,Germany_Universities_Directory.pdf,11
germany-universities_and_higher_education_institutions-0079,79,GERMANY,universities_and_higher_education_institutions,Folkwang Universität der Künste,Essen · Nordrhein-Westfalen,folkwang-uni.de,https://folkwang-uni.de,True,logos/germany_0079_folkwang_universit_t_der_k_nste.png,Germany_Universities_Directory.pdf,11
germany-universities_and_higher_education_institutions-0080,80,GERMANY,universities_and_higher_education_institutions,FOM Hochschule für Oekonomie & Management - University of Applied Sciences,Essen · Nordrhein-Westfalen,fom.de,https://fom.de,True,logos/germany_0080_fom_hochschule_f_r_oekonomie_management_university_of_applied_sciences.png,Germany_Universities_Directory.pdf,11
germany-universities_and_higher_education_institutions-0081,81,GERMANY,universities_and_higher_education_institutions,Frankfurt School of Finance & Management,Frankfurt am Main · Hessen,frankfurt-school.de,https://frankfurt-school.de,True,logos/germany_0081_frankfurt_school_of_finance_management.png,Germany_Universities_Directory.pdf,12
germany-universities_and_higher_education_institutions-0082,82,GERMANY,universities_and_higher_education_institutions,Frankfurt University of Applied Sciences,Frankfurt am Main · Hessen,frankfurt-university.de,https://frankfurt-university.de,True,logos/germany_0082_frankfurt_university_of_applied_sciences.png,Germany_Universities_Directory.pdf,12
germany-universities_and_higher_education_institutions-0083,83,GERMANY,universities_and_higher_education_institutions,Freie Universität Berlin,Berlin,fu-berlin.de,https://fu-berlin.de,True,logos/germany_0083_freie_universit_t_berlin.png,Germany_Universities_Directory.pdf,12
germany-universities_and_higher_education_institutions-0084,84,GERMANY,universities_and_higher_education_institutions,Friedrich-Alexander-Univer sität Erlangen-Nürnberg,Erlangen · Bayern,fau.de,https://fau.de,True,logos/germany_0084_friedrich_alexander_univer_sit_t_erlangen_n_rnberg.png,Germany_Universities_Directory.pdf,12
germany-universities_and_higher_education_institutions-0085,85,GERMANY,universities_and_higher_education_institutions,Friedrich-Schiller-Universit ät Jena,Jena · Thüringen,uni-jena.de,https://uni-jena.de,True,logos/germany_0085_friedrich_schiller_universit_t_jena.png,Germany_Universities_Directory.pdf,12
germany-universities_and_higher_education_institutions-0086,86,GERMANY,universities_and_higher_education_institutions,Georg-August-Universität Göttingen,Göttingen · Niedersachsen,uni-goettingen.de,https://uni-goettingen.de,True,logos/germany_0086_georg_august_universit_t_g_ttingen.png,Germany_Universities_Directory.pdf,12
germany-universities_and_higher_education_institutions-0087,87,GERMANY,universities_and_higher_education_institutions,German International University,Berlin,giu-berlin.de,https://giu-berlin.de,True,logos/germany_0087_german_international_university.png,Germany_Universities_Directory.pdf,12
germany-universities_and_higher_education_institutions-0088,88,GERMANY,universities_and_higher_education_institutions,Gisma University of Applied Sciences,Potsdam · Brandenburg,gisma.com,https://gisma.com,True,logos/germany_0088_gisma_university_of_applied_sciences.png,Germany_Universities_Directory.pdf,12
germany-universities_and_higher_education_institutions-0089,89,GERMANY,universities_and_higher_education_institutions,Gottfried Wilhelm Leibniz Universität Hannover,Hannover · Niedersachsen,uni-hannover.de,https://uni-hannover.de,True,logos/germany_0089_gottfried_wilhelm_leibniz_universit_t_hannover.png,Germany_Universities_Directory.pdf,13
germany-universities_and_higher_education_institutions-0090,90,GERMANY,universities_and_higher_education_institutions,HafenCity Universität Hamburg,Hamburg,hcu-hamburg.de,https://hcu-hamburg.de,True,logos/germany_0090_hafencity_universit_t_hamburg.png,Germany_Universities_Directory.pdf,13
germany-universities_and_higher_education_institutions-0091,91,GERMANY,universities_and_higher_education_institutions,"Hamburger Fern-Hochschule, gemeinnützige GmbH",Hamburg,hfh-fernstudium.de,https://hfh-fernstudium.de,True,logos/germany_0091_hamburger_fern_hochschule_gemeinn_tzige_gmbh.png,Germany_Universities_Directory.pdf,13
germany-universities_and_higher_education_institutions-0092,92,GERMANY,universities_and_higher_education_institutions,HAWK Hochschule für angewandte Wissenschaft und Kunst Hildesheim/Holz minden/Göttingen,Hildesheim · Niedersachsen,hawk.de,https://hawk.de,True,logos/germany_0092_hawk_hochschule_f_r_angewandte_wissenschaft_und_kunst_hildesheim_holz_.png,Germany_Universities_Directory.pdf,13
germany-universities_and_higher_education_institutions-0093,93,GERMANY,universities_and_higher_education_institutions,Health Innovation University of Applied Sciences,Berlin,hi-university.de,https://hi-university.de,True,logos/germany_0093_health_innovation_university_of_applied_sciences.png,Germany_Universities_Directory.pdf,13
germany-universities_and_higher_education_institutions-0094,94,GERMANY,universities_and_higher_education_institutions,Heinrich-Heine-Universität Düsseldorf,Düsseldorf · Nordrhein-Westfalen,hhu.de,https://hhu.de,True,logos/germany_0094_heinrich_heine_universit_t_d_sseldorf.png,Germany_Universities_Directory.pdf,13
germany-universities_and_higher_education_institutions-0095,95,GERMANY,universities_and_higher_education_institutions,Helmut-Schmidt-Universitä t/Universität der Bundeswehr Hamburg,Hamburg,hsu-hh.de,https://hsu-hh.de,True,logos/germany_0095_helmut_schmidt_universit_t_universit_t_der_bundeswehr_hamburg.png,Germany_Universities_Directory.pdf,13
germany-universities_and_higher_education_institutions-0096,96,GERMANY,universities_and_higher_education_institutions,Hertie School,Berlin,hertie-school.org,https://hertie-school.org,True,logos/germany_0096_hertie_school.png,Germany_Universities_Directory.pdf,13
germany-universities_and_higher_education_institutions-0097,97,GERMANY,universities_and_higher_education_institutions,Hessische Hochschule für öffentliches Management und Sicherheit,Wiesbaden · Hessen,hoems.hessen.de,https://hoems.hessen.de,True,logos/germany_0097_hessische_hochschule_f_r_ffentliches_management_und_sicherheit.png,Germany_Universities_Directory.pdf,14
germany-universities_and_higher_education_institutions-0098,98,GERMANY,universities_and_higher_education_institutions,HHL Leipzig Graduate School of Management,Leipzig · Sachsen,hhl.de,https://hhl.de,True,logos/germany_0098_hhl_leipzig_graduate_school_of_management.png,Germany_Universities_Directory.pdf,14
germany-universities_and_higher_education_institutions-0099,99,GERMANY,universities_and_higher_education_institutions,HMU Health and Medical University,Erfurt · Thüringen,health-and-medical-university-erfurt.de,https://health-and-medical-university-erfurt.de,True,logos/germany_0099_hmu_health_and_medical_university.png,Germany_Universities_Directory.pdf,14
germany-universities_and_higher_education_institutions-0100,100,GERMANY,universities_and_higher_education_institutions,HMU Health and Medical University Potsdam,Potsdam · Brandenburg,health-and-medical-university.de,https://health-and-medical-university.de,True,logos/germany_0100_hmu_health_and_medical_university_potsdam.png,Germany_Universities_Directory.pdf,14
germany-universities_and_higher_education_institutions-0101,101,GERMANY,universities_and_higher_education_institutions,hochschule 21,Buxtehude · Niedersachsen,hs21.de,https://hs21.de,True,logos/germany_0101_hochschule_21.png,Germany_Universities_Directory.pdf,14
germany-universities_and_higher_education_institutions-0102,102,GERMANY,universities_and_higher_education_institutions,"Hochschule Aalen - Technik, Wirtschaft und Gesundheit",Aalen · Baden-Württemberg,hs-aalen.de,https://hs-aalen.de,True,logos/germany_0102_hochschule_aalen_technik_wirtschaft_und_gesundheit.png,Germany_Universities_Directory.pdf,14
germany-universities_and_higher_education_institutions-0103,103,GERMANY,universities_and_higher_education_institutions,Hochschule Albstadt-Sigmaringen,Sigmaringen · Baden-Württemberg,hs-albsig.de,https://hs-albsig.de,True,logos/germany_0103_hochschule_albstadt_sigmaringen.png,Germany_Universities_Directory.pdf,14
germany-universities_and_higher_education_institutions-0104,104,GERMANY,universities_and_higher_education_institutions,Hochschule Anhalt - Anhalt University of Applied Sciences,Köthen · Sachsen-Anhalt,hs-anhalt.de,https://hs-anhalt.de,True,logos/germany_0104_hochschule_anhalt_anhalt_university_of_applied_sciences.png,Germany_Universities_Directory.pdf,14
germany-universities_and_higher_education_institutions-0105,105,GERMANY,universities_and_higher_education_institutions,"Hochschule Biberach - Architektur und Bauwesen, Betriebswirtschaft und Biotechnologie",Biberach · Baden-Württemberg,hochschule-biberach.de,https://hochschule-biberach.de,True,logos/germany_0105_hochschule_biberach_architektur_und_bauwesen_betriebswirtschaft_und_bi.png,Germany_Universities_Directory.pdf,15
germany-universities_and_higher_education_institutions-0106,106,GERMANY,universities_and_higher_education_institutions,Hochschule Bielefeld - University of Applied Sciences and Arts (HSBI),Bielefeld · Nordrhein-Westfalen,hsbi.de,https://hsbi.de,True,logos/germany_0106_hochschule_bielefeld_university_of_applied_sciences_and_arts_hsbi.png,Germany_Universities_Directory.pdf,15
germany-universities_and_higher_education_institutions-0107,107,GERMANY,universities_and_higher_education_institutions,Hochschule Bochum,Bochum · Nordrhein-Westfalen,hochschule-bochum.de,https://hochschule-bochum.de,True,logos/germany_0107_hochschule_bochum.png,Germany_Universities_Directory.pdf,15
germany-universities_and_higher_education_institutions-0108,108,GERMANY,universities_and_higher_education_institutions,"Hochschule Bonn-Rhein-Sieg, University of Applied Sciences",Sankt Augustin · Nordrhein-Westfalen,h-brs.de,https://h-brs.de,True,logos/germany_0108_hochschule_bonn_rhein_sieg_university_of_applied_sciences.png,Germany_Universities_Directory.pdf,15
germany-universities_and_higher_education_institutions-0109,109,GERMANY,universities_and_higher_education_institutions,"Hochschule Braunschweig/ Wolfenbüttel, Ostfalia Hochschule für angewandte Wissenschaften",Wolfenbüttel · Niedersachsen,ostfalia.de,https://ostfalia.de,True,logos/germany_0109_hochschule_braunschweig_wolfenb_ttel_ostfalia_hochschule_f_r_angewandt.png,Germany_Universities_Directory.pdf,15
germany-universities_and_higher_education_institutions-0110,110,GERMANY,universities_and_higher_education_institutions,Hochschule Bremen,Bremen,hs-bremen.de,https://hs-bremen.de,True,logos/germany_0110_hochschule_bremen.png,Germany_Universities_Directory.pdf,15
germany-universities_and_higher_education_institutions-0111,111,GERMANY,universities_and_higher_education_institutions,Hochschule Bremerhaven,Bremerhaven · Bremen,hs-bremerhaven.de,https://hs-bremerhaven.de,True,logos/germany_0111_hochschule_bremerhaven.png,Germany_Universities_Directory.pdf,15
germany-universities_and_higher_education_institutions-0112,112,GERMANY,universities_and_higher_education_institutions,Hochschule Darmstadt,Darmstadt · Hessen,h-da.de,https://h-da.de,True,logos/germany_0112_hochschule_darmstadt.png,Germany_Universities_Directory.pdf,15
germany-universities_and_higher_education_institutions-0113,113,GERMANY,universities_and_higher_education_institutions,Hochschule der Bayerischen Wirtschaft für angewandte Wissenschaften - HDBW,München · Bayern,hdbw-hochschule.de,https://hdbw-hochschule.de,True,logos/germany_0113_hochschule_der_bayerischen_wirtschaft_f_r_angewandte_wissenschaften_hd.png,Germany_Universities_Directory.pdf,16
germany-universities_and_higher_education_institutions-0114,114,GERMANY,universities_and_higher_education_institutions,Hochschule der bildenden Künste (HBK) Essen,Essen · Nordrhein-Westfalen,hbk-essen.de,https://hbk-essen.de,True,logos/germany_0114_hochschule_der_bildenden_k_nste_hbk_essen.png,Germany_Universities_Directory.pdf,16
germany-universities_and_higher_education_institutions-0115,115,GERMANY,universities_and_higher_education_institutions,Hochschule der Bildenden Künste Saar,Saarbrücken · Saarland,hbksaar.de,https://hbksaar.de,True,logos/germany_0115_hochschule_der_bildenden_k_nste_saar.png,Germany_Universities_Directory.pdf,16
germany-universities_and_higher_education_institutions-0116,116,GERMANY,universities_and_higher_education_institutions,Hochschule der Bundesagentur für Arbeit - Staatlich anerkannte Hochschule für angewandte Wissenschaft in Mannheim und Schwerin (University of Applied Labour Studies of the Federal Employment Agency),Mannheim · Baden-Württemberg,hdba.de,https://hdba.de,True,logos/germany_0116_hochschule_der_bundesagentur_f_r_arbeit_staatlich_anerkannte_hochschul.png,Germany_Universities_Directory.pdf,16
germany-universities_and_higher_education_institutions-0117,117,GERMANY,universities_and_higher_education_institutions,Hochschule der Medien Stuttgart,Stuttgart · Baden-Württemberg,hdm-stuttgart.de,https://hdm-stuttgart.de,True,logos/germany_0117_hochschule_der_medien_stuttgart.png,Germany_Universities_Directory.pdf,16
germany-universities_and_higher_education_institutions-0118,118,GERMANY,universities_and_higher_education_institutions,Hochschule der Wirtschaft für Management,Mannheim · Baden-Württemberg,hdwm.de,https://hdwm.de,True,logos/germany_0118_hochschule_der_wirtschaft_f_r_management.png,Germany_Universities_Directory.pdf,16
germany-universities_and_higher_education_institutions-0119,119,GERMANY,universities_and_higher_education_institutions,Hochschule des Bundes für öffentliche Verwaltung,Brühl · Nordrhein-Westfalen,hsbund.de,https://hsbund.de,True,logos/germany_0119_hochschule_des_bundes_f_r_ffentliche_verwaltung.png,Germany_Universities_Directory.pdf,16
germany-universities_and_higher_education_institutions-0120,120,GERMANY,universities_and_higher_education_institutions,Hochschule Düsseldorf,Düsseldorf · Nordrhein-Westfalen,hs-duesseldorf.de,https://hs-duesseldorf.de,True,logos/germany_0120_hochschule_d_sseldorf.png,Germany_Universities_Directory.pdf,16
germany-universities_and_higher_education_institutions-0121,121,GERMANY,universities_and_higher_education_institutions,Hochschule Emden/Leer,Emden · Niedersachsen,hs-emden-leer.de,https://hs-emden-leer.de,True,logos/germany_0121_hochschule_emden_leer.png,Germany_Universities_Directory.pdf,17
germany-universities_and_higher_education_institutions-0122,122,GERMANY,universities_and_higher_education_institutions,Hochschule Esslingen,Esslingen · Baden-Württemberg,hs-esslingen.de,https://hs-esslingen.de,True,logos/germany_0122_hochschule_esslingen.png,Germany_Universities_Directory.pdf,17
germany-universities_and_higher_education_institutions-0123,123,GERMANY,universities_and_higher_education_institutions,Hochschule Flensburg,Flensburg · Schleswig-Holstein,hs-flensburg.de,https://hs-flensburg.de,True,logos/germany_0123_hochschule_flensburg.png,Germany_Universities_Directory.pdf,17
germany-universities_and_higher_education_institutions-0124,124,GERMANY,universities_and_higher_education_institutions,Hochschule Fresenius,Idstein · Hessen,hs-fresenius.de,https://hs-fresenius.de,True,logos/germany_0124_hochschule_fresenius.png,Germany_Universities_Directory.pdf,17
germany-universities_and_higher_education_institutions-0125,125,GERMANY,universities_and_higher_education_institutions,Hochschule Fresenius Heidelberg   staatlich anerkannte Hochschule der Hochschule Fresenius für Internationales Management GmbH,Heidelberg · Baden-Württemberg,hs-fresenius.de,https://hs-fresenius.de,True,logos/germany_0125_hochschule_fresenius_heidelberg_staatlich_anerkannte_hochschule_der_ho.png,Germany_Universities_Directory.pdf,17
germany-universities_and_higher_education_institutions-0126,126,GERMANY,universities_and_higher_education_institutions,Hochschule Fulda - University of Applied Sciences,Fulda · Hessen,hs-fulda.de,https://hs-fulda.de,True,logos/germany_0126_hochschule_fulda_university_of_applied_sciences.png,Germany_Universities_Directory.pdf,17
germany-universities_and_higher_education_institutions-0127,127,GERMANY,universities_and_higher_education_institutions,"Hochschule Furtwangen - Informatik, Technik, Wirtschaft, Medien, Gesundheit",Furtwangen · Baden-Württemberg,hs-furtwangen.de,https://hs-furtwangen.de,True,logos/germany_0127_hochschule_furtwangen_informatik_technik_wirtschaft_medien_gesundheit.png,Germany_Universities_Directory.pdf,17
germany-universities_and_higher_education_institutions-0128,128,GERMANY,universities_and_higher_education_institutions,Hochschule für angewandte Wissenschaften Ansbach,Ansbach · Bayern,hs-ansbach.de,https://hs-ansbach.de,True,logos/germany_0128_hochschule_f_r_angewandte_wissenschaften_ansbach.png,Germany_Universities_Directory.pdf,17
germany-universities_and_higher_education_institutions-0129,129,GERMANY,universities_and_higher_education_institutions,Hochschule für angewandte Wissenschaften Coburg,Coburg · Bayern,hs-coburg.de,https://hs-coburg.de,True,logos/germany_0129_hochschule_f_r_angewandte_wissenschaften_coburg.png,Germany_Universities_Directory.pdf,18
germany-universities_and_higher_education_institutions-0130,130,GERMANY,universities_and_higher_education_institutions,Hochschule für Angewandte Wissenschaften Hamburg,Hamburg,haw-hamburg.de,https://haw-hamburg.de,True,logos/germany_0130_hochschule_f_r_angewandte_wissenschaften_hamburg.png,Germany_Universities_Directory.pdf,18
germany-universities_and_higher_education_institutions-0131,131,GERMANY,universities_and_higher_education_institutions,Hochschule für angewandte Wissenschaften Hof,Hof · Bayern,hof-university.de,https://hof-university.de,True,logos/germany_0131_hochschule_f_r_angewandte_wissenschaften_hof.png,Germany_Universities_Directory.pdf,18
germany-universities_and_higher_education_institutions-0132,132,GERMANY,universities_and_higher_education_institutions,Hochschule für angewandte Wissenschaften Kempten,Kempten · Bayern,hs-kempten.de,https://hs-kempten.de,True,logos/germany_0132_hochschule_f_r_angewandte_wissenschaften_kempten.png,Germany_Universities_Directory.pdf,18
germany-universities_and_higher_education_institutions-0133,133,GERMANY,universities_and_higher_education_institutions,Hochschule für Angewandte Wissenschaften Kiel,Kiel · Schleswig-Holstein,haw-kiel.de,https://haw-kiel.de,True,logos/germany_0133_hochschule_f_r_angewandte_wissenschaften_kiel.png,Germany_Universities_Directory.pdf,18
germany-universities_and_higher_education_institutions-0134,134,GERMANY,universities_and_higher_education_institutions,Hochschule für angewandte Wissenschaften München,München · Bayern,hm.edu,https://hm.edu,True,logos/germany_0134_hochschule_f_r_angewandte_wissenschaften_m_nchen.png,Germany_Universities_Directory.pdf,18
germany-universities_and_higher_education_institutions-0135,135,GERMANY,universities_and_higher_education_institutions,Hochschule für angewandte Wissenschaften Neu-Ulm,Neu-Ulm · Bayern,hnu.de,https://hnu.de,True,logos/germany_0135_hochschule_f_r_angewandte_wissenschaften_neu_ulm.png,Germany_Universities_Directory.pdf,18
germany-universities_and_higher_education_institutions-0136,136,GERMANY,universities_and_higher_education_institutions,Hochschule für angewandte Wissenschaften Weihenstephan-Triesdorf,Freising · Bayern,hswt.de,https://hswt.de,True,logos/germany_0136_hochschule_f_r_angewandte_wissenschaften_weihenstephan_triesdorf.png,Germany_Universities_Directory.pdf,18
germany-universities_and_higher_education_institutions-0137,137,GERMANY,universities_and_higher_education_institutions,Hochschule für angewandtes Management,Teltow · Brandenburg,fham.de,https://fham.de,True,logos/germany_0137_hochschule_f_r_angewandtes_management.png,Germany_Universities_Directory.pdf,19
germany-universities_and_higher_education_institutions-0138,138,GERMANY,universities_and_higher_education_institutions,Hochschule für Bildende Künste (Städelschule),Frankfurt am Main · Hessen,staedelschule.de,https://staedelschule.de,True,logos/germany_0138_hochschule_f_r_bildende_k_nste_st_delschule.png,Germany_Universities_Directory.pdf,19
germany-universities_and_higher_education_institutions-0139,139,GERMANY,universities_and_higher_education_institutions,Hochschule für Bildende Künste Braunschweig,Braunschweig · Niedersachsen,hbk-bs.de,https://hbk-bs.de,True,logos/germany_0139_hochschule_f_r_bildende_k_nste_braunschweig.png,Germany_Universities_Directory.pdf,19
germany-universities_and_higher_education_institutions-0140,140,GERMANY,universities_and_higher_education_institutions,Hochschule für Bildende Künste Dresden,Dresden · Sachsen,hfbk-dresden.de,https://hfbk-dresden.de,True,logos/germany_0140_hochschule_f_r_bildende_k_nste_dresden.png,Germany_Universities_Directory.pdf,19
germany-universities_and_higher_education_institutions-0141,141,GERMANY,universities_and_higher_education_institutions,Hochschule für Bildende Künste Hamburg,Hamburg,hfbk-hamburg.de,https://hfbk-hamburg.de,True,logos/germany_0141_hochschule_f_r_bildende_k_nste_hamburg.png,Germany_Universities_Directory.pdf,19
germany-universities_and_higher_education_institutions-0142,142,GERMANY,universities_and_higher_education_institutions,Hochschule für evangelische Kirchenmusik der Evangelisch-Lutherischen Kirche in Bayern,Bayreuth · Bayern,hfk-bayreuth.de,https://hfk-bayreuth.de,True,logos/germany_0142_hochschule_f_r_evangelische_kirchenmusik_der_evangelisch_lutherischen_.png,Germany_Universities_Directory.pdf,19
germany-universities_and_higher_education_institutions-0143,143,GERMANY,universities_and_higher_education_institutions,Hochschule für Fernsehen und Film München,München · Bayern,hff-muc.de,https://hff-muc.de,True,logos/germany_0143_hochschule_f_r_fernsehen_und_film_m_nchen.png,Germany_Universities_Directory.pdf,19
germany-universities_and_higher_education_institutions-0144,144,GERMANY,universities_and_higher_education_institutions,Hochschule für Finanzen NRW,Nordkirchen · Nordrhein-Westfalen,finanzverwaltung.nrw.de,https://finanzverwaltung.nrw.de,True,logos/germany_0144_hochschule_f_r_finanzen_nrw.png,Germany_Universities_Directory.pdf,19
germany-universities_and_higher_education_institutions-0145,145,GERMANY,universities_and_higher_education_institutions,Hochschule für Finanzwirtschaft & Management,Bonn · Nordrhein-Westfalen,s-hochschule.de,https://s-hochschule.de,True,logos/germany_0145_hochschule_f_r_finanzwirtschaft_management.png,Germany_Universities_Directory.pdf,20
germany-universities_and_higher_education_institutions-0146,146,GERMANY,universities_and_higher_education_institutions,Hochschule für Forstwirtschaft Rottenburg,Rottenburg · Baden-Württemberg,hs-rottenburg.net,https://hs-rottenburg.net,True,logos/germany_0146_hochschule_f_r_forstwirtschaft_rottenburg.png,Germany_Universities_Directory.pdf,20
germany-universities_and_higher_education_institutions-0147,147,GERMANY,universities_and_higher_education_institutions,Hochschule für Gesellschaftsgestaltung,Koblenz · Rheinland-Pfalz,hfgg.de,https://hfgg.de,True,logos/germany_0147_hochschule_f_r_gesellschaftsgestaltung.png,Germany_Universities_Directory.pdf,20
germany-universities_and_higher_education_institutions-0148,148,GERMANY,universities_and_higher_education_institutions,Hochschule für Gestaltung Offenbach,Offenbach · Hessen,hfg-offenbach.de,https://hfg-offenbach.de,True,logos/germany_0148_hochschule_f_r_gestaltung_offenbach.png,Germany_Universities_Directory.pdf,20
germany-universities_and_higher_education_institutions-0149,149,GERMANY,universities_and_higher_education_institutions,Hochschule für Gestaltung Schwäbisch Gmünd,Schwäbisch Gmünd · Baden-Württemberg,hfg-gmuend.de,https://hfg-gmuend.de,True,logos/germany_0149_hochschule_f_r_gestaltung_schw_bisch_gm_nd.png,Germany_Universities_Directory.pdf,20
germany-universities_and_higher_education_institutions-0150,150,GERMANY,universities_and_higher_education_institutions,Hochschule für Gesundheitsfachberufe Eberswalde,Eberswalde · Brandenburg,gesundheit-hochschule.de,https://gesundheit-hochschule.de,True,logos/germany_0150_hochschule_f_r_gesundheitsfachberufe_eberswalde.png,Germany_Universities_Directory.pdf,20
germany-universities_and_higher_education_institutions-0151,151,GERMANY,universities_and_higher_education_institutions,Hochschule für Grafik und Buchkunst Leipzig,Leipzig · Sachsen,hgb-leipzig.de,https://hgb-leipzig.de,True,logos/germany_0151_hochschule_f_r_grafik_und_buchkunst_leipzig.png,Germany_Universities_Directory.pdf,20
germany-universities_and_higher_education_institutions-0152,152,GERMANY,universities_and_higher_education_institutions,Hochschule für Jüdische Studien Heidelberg,Heidelberg · Baden-Württemberg,hfjs.eu,https://hfjs.eu,True,logos/germany_0152_hochschule_f_r_j_dische_studien_heidelberg.png,Germany_Universities_Directory.pdf,20
germany-universities_and_higher_education_institutions-0153,153,GERMANY,universities_and_higher_education_institutions,Hochschule für Katholische Kirchenmusik und Musikpädagogik,Regensburg · Bayern,hfkm-regensburg.de,https://hfkm-regensburg.de,True,logos/germany_0153_hochschule_f_r_katholische_kirchenmusik_und_musikp_dagogik.png,Germany_Universities_Directory.pdf,21
germany-universities_and_higher_education_institutions-0154,154,GERMANY,universities_and_higher_education_institutions,Hochschule für Kirchenmusik der Diözese Rottenburg-Stuttgart,Rottenburg · Baden-Württemberg,kirchenmusik-hochschule.org,https://kirchenmusik-hochschule.org,True,logos/germany_0154_hochschule_f_r_kirchenmusik_der_di_zese_rottenburg_stuttgart.png,Germany_Universities_Directory.pdf,21
germany-universities_and_higher_education_institutions-0155,155,GERMANY,universities_and_higher_education_institutions,Hochschule für Kirchenmusik der Evangelisch-Lutherischen Landeskirche Sachsens,Dresden · Sachsen,kirchenmusik-dresden.de,https://kirchenmusik-dresden.de,True,logos/germany_0155_hochschule_f_r_kirchenmusik_der_evangelisch_lutherischen_landeskirche_.png,Germany_Universities_Directory.pdf,21
germany-universities_and_higher_education_institutions-0156,156,GERMANY,universities_and_higher_education_institutions,Hochschule für Kirchenmusik der Evangelischen Kirche von Westfalen,Witten · Nordrhein-Westfalen,hochschule-kirchenmusik.de,https://hochschule-kirchenmusik.de,True,logos/germany_0156_hochschule_f_r_kirchenmusik_der_evangelischen_kirche_von_westfalen.png,Germany_Universities_Directory.pdf,21
germany-universities_and_higher_education_institutions-0157,157,GERMANY,universities_and_higher_education_institutions,Hochschule für Kirchenmusik der Evangelischen Landeskirche in Baden,Heidelberg · Baden-Württemberg,hfk-heidelberg.de,https://hfk-heidelberg.de,True,logos/germany_0157_hochschule_f_r_kirchenmusik_der_evangelischen_landeskirche_in_baden.png,Germany_Universities_Directory.pdf,21
germany-universities_and_higher_education_institutions-0158,158,GERMANY,universities_and_higher_education_institutions,Hochschule für Kirchenmusik der Evangelischen Landeskirche in Württemberg,Tübingen · Baden-Württemberg,kirchenmusikhochschule.de,https://kirchenmusikhochschule.de,True,logos/germany_0158_hochschule_f_r_kirchenmusik_der_evangelischen_landeskirche_in_w_rttemb.png,Germany_Universities_Directory.pdf,21
germany-universities_and_higher_education_institutions-0159,159,GERMANY,universities_and_higher_education_institutions,Hochschule für Künste Bremen,Bremen,hfk-bremen.de,https://hfk-bremen.de,True,logos/germany_0159_hochschule_f_r_k_nste_bremen.png,Germany_Universities_Directory.pdf,21
germany-universities_and_higher_education_institutions-0160,160,GERMANY,universities_and_higher_education_institutions,"Hochschule für Künste im Sozialen, Ottersberg",Ottersberg · Niedersachsen,hks-ottersberg.de,https://hks-ottersberg.de,True,logos/germany_0160_hochschule_f_r_k_nste_im_sozialen_ottersberg.png,Germany_Universities_Directory.pdf,21
germany-universities_and_higher_education_institutions-0161,161,GERMANY,universities_and_higher_education_institutions,Hochschule für Musik Carl Maria von Weber Dresden,Dresden · Sachsen,hfmdd.de,https://hfmdd.de,True,logos/germany_0161_hochschule_f_r_musik_carl_maria_von_weber_dresden.png,Germany_Universities_Directory.pdf,22
germany-universities_and_higher_education_institutions-0162,162,GERMANY,universities_and_higher_education_institutions,Hochschule für Musik Detmold,Detmold · Nordrhein-Westfalen,hfm-detmold.de,https://hfm-detmold.de,True,logos/germany_0162_hochschule_f_r_musik_detmold.png,Germany_Universities_Directory.pdf,22
germany-universities_and_higher_education_institutions-0163,163,GERMANY,universities_and_higher_education_institutions,Hochschule für Musik Franz Liszt Weimar,Weimar · Thüringen,hfm-weimar.de,https://hfm-weimar.de,True,logos/germany_0163_hochschule_f_r_musik_franz_liszt_weimar.png,Germany_Universities_Directory.pdf,22
germany-universities_and_higher_education_institutions-0164,164,GERMANY,universities_and_higher_education_institutions,Hochschule für Musik Freiburg im Breisgau,Freiburg · Baden-Württemberg,mh-freiburg.de,https://mh-freiburg.de,True,logos/germany_0164_hochschule_f_r_musik_freiburg_im_breisgau.png,Germany_Universities_Directory.pdf,22
germany-universities_and_higher_education_institutions-0165,165,GERMANY,universities_and_higher_education_institutions,Hochschule für Musik Hanns Eisler Berlin,Berlin,hfm-berlin.de,https://hfm-berlin.de,True,logos/germany_0165_hochschule_f_r_musik_hanns_eisler_berlin.png,Germany_Universities_Directory.pdf,22
germany-universities_and_higher_education_institutions-0166,166,GERMANY,universities_and_higher_education_institutions,Hochschule für Musik Karlsruhe,Karlsruhe · Baden-Württemberg,hfm-karlsruhe.de,https://hfm-karlsruhe.de,True,logos/germany_0166_hochschule_f_r_musik_karlsruhe.png,Germany_Universities_Directory.pdf,22
germany-universities_and_higher_education_institutions-0167,167,GERMANY,universities_and_higher_education_institutions,Hochschule für Musik Nürnberg,Nürnberg · Bayern,hfm-nuernberg.de,https://hfm-nuernberg.de,True,logos/germany_0167_hochschule_f_r_musik_n_rnberg.png,Germany_Universities_Directory.pdf,22
germany-universities_and_higher_education_institutions-0168,168,GERMANY,universities_and_higher_education_institutions,Hochschule für Musik Saar,Saarbrücken · Saarland,hfmsaar.de,https://hfmsaar.de,True,logos/germany_0168_hochschule_f_r_musik_saar.png,Germany_Universities_Directory.pdf,22
germany-universities_and_higher_education_institutions-0169,169,GERMANY,universities_and_higher_education_institutions,Hochschule für Musik und Darstellende Kunst Frankfurt am Main,Frankfurt am Main · Hessen,hfmdk-frankfurt.de,https://hfmdk-frankfurt.de,True,logos/germany_0169_hochschule_f_r_musik_und_darstellende_kunst_frankfurt_am_main.png,Germany_Universities_Directory.pdf,23
germany-universities_and_higher_education_institutions-0170,170,GERMANY,universities_and_higher_education_institutions,Hochschule für Musik und Tanz Köln,Köln · Nordrhein-Westfalen,hfmt-koeln.de,https://hfmt-koeln.de,True,logos/germany_0170_hochschule_f_r_musik_und_tanz_k_ln.png,Germany_Universities_Directory.pdf,23
germany-universities_and_higher_education_institutions-0171,171,GERMANY,universities_and_higher_education_institutions,Hochschule für Musik und Theater Felix Mendelssohn Bartholdy Leipzig,Leipzig · Sachsen,hmt-leipzig.de,https://hmt-leipzig.de,True,logos/germany_0171_hochschule_f_r_musik_und_theater_felix_mendelssohn_bartholdy_leipzig.png,Germany_Universities_Directory.pdf,23
germany-universities_and_higher_education_institutions-0172,172,GERMANY,universities_and_higher_education_institutions,Hochschule für Musik und Theater Hamburg,Hamburg,hfmt-hamburg.de,https://hfmt-hamburg.de,True,logos/germany_0172_hochschule_f_r_musik_und_theater_hamburg.png,Germany_Universities_Directory.pdf,23
germany-universities_and_higher_education_institutions-0173,173,GERMANY,universities_and_higher_education_institutions,Hochschule für Musik und Theater München,München · Bayern,hmtm.de,https://hmtm.de,True,logos/germany_0173_hochschule_f_r_musik_und_theater_m_nchen.png,Germany_Universities_Directory.pdf,23
germany-universities_and_higher_education_institutions-0174,174,GERMANY,universities_and_higher_education_institutions,Hochschule für Musik und Theater Rostock,Rostock · Mecklenburg-Vorpommern,hmt-rostock.de,https://hmt-rostock.de,True,logos/germany_0174_hochschule_f_r_musik_und_theater_rostock.png,Germany_Universities_Directory.pdf,23
germany-universities_and_higher_education_institutions-0175,175,GERMANY,universities_and_higher_education_institutions,Hochschule für Musik Würzburg,Würzburg · Bayern,hfm-wuerzburg.de,https://hfm-wuerzburg.de,True,logos/germany_0175_hochschule_f_r_musik_w_rzburg.png,Germany_Universities_Directory.pdf,23
germany-universities_and_higher_education_institutions-0176,176,GERMANY,universities_and_higher_education_institutions,"Hochschule für Musik, Theater und Medien Hannover",Hannover · Niedersachsen,hmtm-hannover.de,https://hmtm-hannover.de,True,logos/germany_0176_hochschule_f_r_musik_theater_und_medien_hannover.png,Germany_Universities_Directory.pdf,23
germany-universities_and_higher_education_institutions-0177,177,GERMANY,universities_and_higher_education_institutions,Hochschule für nachhaltige Entwicklung Eberswalde,Eberswalde · Brandenburg,hnee.de,https://hnee.de,True,logos/germany_0177_hochschule_f_r_nachhaltige_entwicklung_eberswalde.png,Germany_Universities_Directory.pdf,24
germany-universities_and_higher_education_institutions-0178,178,GERMANY,universities_and_higher_education_institutions,Hochschule für Philosophie,München · Bayern,hfph.de,https://hfph.de,True,logos/germany_0178_hochschule_f_r_philosophie.png,Germany_Universities_Directory.pdf,24
germany-universities_and_higher_education_institutions-0179,179,GERMANY,universities_and_higher_education_institutions,Hochschule für Polizei Baden-Württemberg,Villingen-Schwenningen · Baden-Württemberg,hfpol-bw.de,https://hfpol-bw.de,True,logos/germany_0179_hochschule_f_r_polizei_baden_w_rttemberg.png,Germany_Universities_Directory.pdf,24
germany-universities_and_higher_education_institutions-0180,180,GERMANY,universities_and_higher_education_institutions,Hochschule für Polizei und öffentliche Verwaltung Nordrhein-Westfalen,Gelsenkirchen · Nordrhein-Westfalen,hspv.nrw.de,https://hspv.nrw.de,True,logos/germany_0180_hochschule_f_r_polizei_und_ffentliche_verwaltung_nordrhein_westfalen.png,Germany_Universities_Directory.pdf,24
germany-universities_and_higher_education_institutions-0181,181,GERMANY,universities_and_higher_education_institutions,Hochschule für Schauspielkunst Ernst Busch,Berlin,hfs-berlin.de,https://hfs-berlin.de,True,logos/germany_0181_hochschule_f_r_schauspielkunst_ernst_busch.png,Germany_Universities_Directory.pdf,24
germany-universities_and_higher_education_institutions-0182,182,GERMANY,universities_and_higher_education_institutions,Hochschule für Soziale Arbeit und Pädagogik (HSAP) gemeinnützige Betriebsgesellschaft mbH,Berlin,hsap.de,https://hsap.de,True,logos/germany_0182_hochschule_f_r_soziale_arbeit_und_p_dagogik_hsap_gemeinn_tzige_betrieb.png,Germany_Universities_Directory.pdf,24
germany-universities_and_higher_education_institutions-0183,183,GERMANY,universities_and_higher_education_institutions,Hochschule für Technik Stuttgart,Stuttgart · Baden-Württemberg,hft-stuttgart.de,https://hft-stuttgart.de,True,logos/germany_0183_hochschule_f_r_technik_stuttgart.png,Germany_Universities_Directory.pdf,24
germany-universities_and_higher_education_institutions-0184,184,GERMANY,universities_and_higher_education_institutions,Hochschule für Technik und Wirtschaft Berlin,Berlin,htw-berlin.de,https://htw-berlin.de,True,logos/germany_0184_hochschule_f_r_technik_und_wirtschaft_berlin.png,Germany_Universities_Directory.pdf,24
germany-universities_and_higher_education_institutions-0185,185,GERMANY,universities_and_higher_education_institutions,Hochschule für Technik und Wirtschaft des Saarlandes,Saarbrücken · Saarland,htwsaar.de,https://htwsaar.de,True,logos/germany_0185_hochschule_f_r_technik_und_wirtschaft_des_saarlandes.png,Germany_Universities_Directory.pdf,25
germany-universities_and_higher_education_institutions-0186,186,GERMANY,universities_and_higher_education_institutions,Hochschule für Technik und Wirtschaft Dresden - University of Applied Sciences,Dresden · Sachsen,htw-dresden.de,https://htw-dresden.de,True,logos/germany_0186_hochschule_f_r_technik_und_wirtschaft_dresden_university_of_applied_sc.png,Germany_Universities_Directory.pdf,25
germany-universities_and_higher_education_institutions-0187,187,GERMANY,universities_and_higher_education_institutions,"Hochschule für Technik, Wirtschaft und Kultur Leipzig",Leipzig · Sachsen,htwk-leipzig.de,https://htwk-leipzig.de,True,logos/germany_0187_hochschule_f_r_technik_wirtschaft_und_kultur_leipzig.png,Germany_Universities_Directory.pdf,25
germany-universities_and_higher_education_institutions-0188,188,GERMANY,universities_and_higher_education_institutions,"Hochschule für Technik, Wirtschaft und Medien Offenburg",Offenburg · Baden-Württemberg,hs-offenburg.de,https://hs-offenburg.de,True,logos/germany_0188_hochschule_f_r_technik_wirtschaft_und_medien_offenburg.png,Germany_Universities_Directory.pdf,25
germany-universities_and_higher_education_institutions-0189,189,GERMANY,universities_and_higher_education_institutions,Hochschule für Wirtschaft und Gesellschaft Ludwigshafen,Ludwigshafen · Rheinland-Pfalz,hwg-lu.de,https://hwg-lu.de,True,logos/germany_0189_hochschule_f_r_wirtschaft_und_gesellschaft_ludwigshafen.png,Germany_Universities_Directory.pdf,25
germany-universities_and_higher_education_institutions-0190,190,GERMANY,universities_and_higher_education_institutions,Hochschule für Wirtschaft und Recht Berlin,Berlin,hwr-berlin.de,https://hwr-berlin.de,True,logos/germany_0190_hochschule_f_r_wirtschaft_und_recht_berlin.png,Germany_Universities_Directory.pdf,25
germany-universities_and_higher_education_institutions-0191,191,GERMANY,universities_and_higher_education_institutions,Hochschule für Wirtschaft und Umwelt Nürtingen-Geislingen,Nürtingen · Baden-Württemberg,hfwu.de,https://hfwu.de,True,logos/germany_0191_hochschule_f_r_wirtschaft_und_umwelt_n_rtingen_geislingen.png,Germany_Universities_Directory.pdf,25
germany-universities_and_higher_education_institutions-0192,192,GERMANY,universities_and_higher_education_institutions,Hochschule für Öffentliche Verwaltung Bremen,Bremen,hfoev.bremen.de,https://hfoev.bremen.de,True,logos/germany_0192_hochschule_f_r_ffentliche_verwaltung_bremen.png,Germany_Universities_Directory.pdf,25
germany-universities_and_higher_education_institutions-0193,193,GERMANY,universities_and_higher_education_institutions,Hochschule für öffentliche Verwaltung und Finanzen Ludwigsburg,Ludwigsburg · Baden-Württemberg,hs-ludwigsburg.de,https://hs-ludwigsburg.de,True,logos/germany_0193_hochschule_f_r_ffentliche_verwaltung_und_finanzen_ludwigsburg.png,Germany_Universities_Directory.pdf,26
germany-universities_and_higher_education_institutions-0194,194,GERMANY,universities_and_higher_education_institutions,"Hochschule für öffentliche Verwaltung und Rechtspflege (FH), Fortbildungszentrum des Freistaates Sachsen (HSF)",Meißen · Sachsen,hsf.sachsen.de,https://hsf.sachsen.de,True,logos/germany_0194_hochschule_f_r_ffentliche_verwaltung_und_rechtspflege_fh_fortbildungsz.png,Germany_Universities_Directory.pdf,26
germany-universities_and_higher_education_institutions-0195,195,GERMANY,universities_and_higher_education_institutions,Hochschule Geisenheim,Geisenheim · Hessen,hs-geisenheim.de,https://hs-geisenheim.de,True,logos/germany_0195_hochschule_geisenheim.png,Germany_Universities_Directory.pdf,26
germany-universities_and_higher_education_institutions-0196,196,GERMANY,universities_and_higher_education_institutions,Hochschule Hamm-Lippstadt,Hamm · Nordrhein-Westfalen,hshl.de,https://hshl.de,True,logos/germany_0196_hochschule_hamm_lippstadt.png,Germany_Universities_Directory.pdf,26
germany-universities_and_higher_education_institutions-0197,197,GERMANY,universities_and_higher_education_institutions,Hochschule Hannover,Hannover · Niedersachsen,hs-hannover.de,https://hs-hannover.de,True,logos/germany_0197_hochschule_hannover.png,Germany_Universities_Directory.pdf,26
germany-universities_and_higher_education_institutions-0198,198,GERMANY,universities_and_higher_education_institutions,"Hochschule Harz, Hochschule für angewandte Wissenschaften (FH)",Wernigerode · Sachsen-Anhalt,hs-harz.de,https://hs-harz.de,True,logos/germany_0198_hochschule_harz_hochschule_f_r_angewandte_wissenschaften_fh.png,Germany_Universities_Directory.pdf,26
germany-universities_and_higher_education_institutions-0199,199,GERMANY,universities_and_higher_education_institutions,"Hochschule Heilbronn, Technik, Wirtschaft, Informatik",Heilbronn · Baden-Württemberg,hs-heilbronn.de,https://hs-heilbronn.de,True,logos/germany_0199_hochschule_heilbronn_technik_wirtschaft_informatik.png,Germany_Universities_Directory.pdf,26
germany-universities_and_higher_education_institutions-0200,200,GERMANY,universities_and_higher_education_institutions,Hochschule Kaiserslautern (University of Applied Sciences),Kaiserslautern · Rheinland-Pfalz,hs-kl.de,https://hs-kl.de,True,logos/germany_0200_hochschule_kaiserslautern_university_of_applied_sciences.png,Germany_Universities_Directory.pdf,26
germany-universities_and_higher_education_institutions-0201,201,GERMANY,universities_and_higher_education_institutions,Hochschule Karlsruhe - Technik und Wirtschaft,Karlsruhe · Baden-Württemberg,h-ka.de,https://h-ka.de,True,logos/germany_0201_hochschule_karlsruhe_technik_und_wirtschaft.png,Germany_Universities_Directory.pdf,27
germany-universities_and_higher_education_institutions-0202,202,GERMANY,universities_and_higher_education_institutions,Hochschule Koblenz,Koblenz · Rheinland-Pfalz,hs-koblenz.de,https://hs-koblenz.de,True,logos/germany_0202_hochschule_koblenz.png,Germany_Universities_Directory.pdf,27
germany-universities_and_higher_education_institutions-0203,203,GERMANY,universities_and_higher_education_institutions,"Hochschule Konstanz Technik, Wirtschaft und Gestaltung",Konstanz · Baden-Württemberg,htwg-konstanz.de,https://htwg-konstanz.de,True,logos/germany_0203_hochschule_konstanz_technik_wirtschaft_und_gestaltung.png,Germany_Universities_Directory.pdf,27
germany-universities_and_higher_education_institutions-0204,204,GERMANY,universities_and_higher_education_institutions,Hochschule Landshut - Hochschule für angewandte Wissenschaften,Landshut · Bayern,haw-landshut.de,https://haw-landshut.de,True,logos/germany_0204_hochschule_landshut_hochschule_f_r_angewandte_wissenschaften.png,Germany_Universities_Directory.pdf,27
germany-universities_and_higher_education_institutions-0205,205,GERMANY,universities_and_higher_education_institutions,Hochschule Magdeburg-Stendal,Magdeburg · Sachsen-Anhalt,h2.de,https://h2.de,False,,Germany_Universities_Directory.pdf,27
germany-universities_and_higher_education_institutions-0206,206,GERMANY,universities_and_higher_education_institutions,Hochschule Mainz,Mainz · Rheinland-Pfalz,hs-mainz.de,https://hs-mainz.de,True,logos/germany_0206_hochschule_mainz.png,Germany_Universities_Directory.pdf,27
germany-universities_and_higher_education_institutions-0207,207,GERMANY,universities_and_higher_education_institutions,Hochschule Merseburg,Merseburg · Sachsen-Anhalt,hs-merseburg.de,https://hs-merseburg.de,True,logos/germany_0207_hochschule_merseburg.png,Germany_Universities_Directory.pdf,27
germany-universities_and_higher_education_institutions-0208,208,GERMANY,universities_and_higher_education_institutions,"Hochschule Mittweida, University of Applied Sciences",Mittweida · Sachsen,hs-mittweida.de,https://hs-mittweida.de,True,logos/germany_0208_hochschule_mittweida_university_of_applied_sciences.png,Germany_Universities_Directory.pdf,27
germany-universities_and_higher_education_institutions-0209,209,GERMANY,universities_and_higher_education_institutions,Hochschule Neubrandenburg - University of Applied Sciences,Neubrandenburg · Mecklenburg-Vorpommern,hs-nb.de,https://hs-nb.de,True,logos/germany_0209_hochschule_neubrandenburg_university_of_applied_sciences.png,Germany_Universities_Directory.pdf,28
germany-universities_and_higher_education_institutions-0210,210,GERMANY,universities_and_higher_education_institutions,Hochschule Niederrhein,Krefeld · Nordrhein-Westfalen,hs-niederrhein.de,https://hs-niederrhein.de,True,logos/germany_0210_hochschule_niederrhein.png,Germany_Universities_Directory.pdf,28
germany-universities_and_higher_education_institutions-0211,211,GERMANY,universities_and_higher_education_institutions,Hochschule Nordhausen,Nordhausen · Thüringen,hs-nordhausen.de,https://hs-nordhausen.de,True,logos/germany_0211_hochschule_nordhausen.png,Germany_Universities_Directory.pdf,28
germany-universities_and_higher_education_institutions-0212,212,GERMANY,universities_and_higher_education_institutions,Hochschule Osnabrück,Osnabrück · Niedersachsen,hs-osnabrueck.de,https://hs-osnabrueck.de,True,logos/germany_0212_hochschule_osnabr_ck.png,Germany_Universities_Directory.pdf,28
germany-universities_and_higher_education_institutions-0213,213,GERMANY,universities_and_higher_education_institutions,"Hochschule Pforzheim - Gestaltung, Technik, Wirtschaft und Recht",Pforzheim · Baden-Württemberg,hs-pforzheim.de,https://hs-pforzheim.de,True,logos/germany_0213_hochschule_pforzheim_gestaltung_technik_wirtschaft_und_recht.png,Germany_Universities_Directory.pdf,28
germany-universities_and_higher_education_institutions-0214,214,GERMANY,universities_and_higher_education_institutions,Hochschule Ravensburg-Weingarten,Weingarten · Baden-Württemberg,rwu.de,https://rwu.de,True,logos/germany_0214_hochschule_ravensburg_weingarten.png,Germany_Universities_Directory.pdf,28
germany-universities_and_higher_education_institutions-0215,215,GERMANY,universities_and_higher_education_institutions,"Hochschule Reutlingen, Hochschule für Technik- Wi rtschaft-Informatik-Design",Reutlingen · Baden-Württemberg,reutlingen-university.de,https://reutlingen-university.de,False,,Germany_Universities_Directory.pdf,28
germany-universities_and_higher_education_institutions-0216,216,GERMANY,universities_and_higher_education_institutions,Hochschule Rhein-Waal - University of Applied Sciences,Kleve · Nordrhein-Westfalen,hochschule-rhein-waal.de,https://hochschule-rhein-waal.de,True,logos/germany_0216_hochschule_rhein_waal_university_of_applied_sciences.png,Germany_Universities_Directory.pdf,28
germany-universities_and_higher_education_institutions-0217,217,GERMANY,universities_and_higher_education_institutions,Hochschule RheinMain,Wiesbaden · Hessen,hs-rm.de,https://hs-rm.de,True,logos/germany_0217_hochschule_rheinmain.png,Germany_Universities_Directory.pdf,29
germany-universities_and_higher_education_institutions-0218,218,GERMANY,universities_and_higher_education_institutions,Hochschule Ruhr West- University of Applied Sciences,Mülheim · Nordrhein-Westfalen,hochschule-ruhr-west.de,https://hochschule-ruhr-west.de,True,logos/germany_0218_hochschule_ruhr_west_university_of_applied_sciences.png,Germany_Universities_Directory.pdf,29
germany-universities_and_higher_education_institutions-0219,219,GERMANY,universities_and_higher_education_institutions,Hochschule Schmalkalden,Schmalkalden · Thüringen,hs-schmalkalden.de,https://hs-schmalkalden.de,True,logos/germany_0219_hochschule_schmalkalden.png,Germany_Universities_Directory.pdf,29
germany-universities_and_higher_education_institutions-0220,220,GERMANY,universities_and_higher_education_institutions,Hochschule Stralsund,Stralsund · Mecklenburg-Vorpommern,hochschule-stralsund.de,https://hochschule-stralsund.de,True,logos/germany_0220_hochschule_stralsund.png,Germany_Universities_Directory.pdf,29
germany-universities_and_higher_education_institutions-0221,221,GERMANY,universities_and_higher_education_institutions,Hochschule Trier - Trier University of Applied Sciences,Trier · Rheinland-Pfalz,hochschule-trier.de,https://hochschule-trier.de,True,logos/germany_0221_hochschule_trier_trier_university_of_applied_sciences.png,Germany_Universities_Directory.pdf,29
germany-universities_and_higher_education_institutions-0222,222,GERMANY,universities_and_higher_education_institutions,Hochschule Weserbergland,Hameln · Niedersachsen,hsw-hameln.de,https://hsw-hameln.de,True,logos/germany_0222_hochschule_weserbergland.png,Germany_Universities_Directory.pdf,29
germany-universities_and_higher_education_institutions-0223,223,GERMANY,universities_and_higher_education_institutions,"Hochschule Wismar - University of Applied Sciences: Technology, Business and Design",Wismar · Mecklenburg-Vorpommern,hs-wismar.de,https://hs-wismar.de,True,logos/germany_0223_hochschule_wismar_university_of_applied_sciences_technology_business_a.png,Germany_Universities_Directory.pdf,29
germany-universities_and_higher_education_institutions-0224,224,GERMANY,universities_and_higher_education_institutions,"Hochschule Worms, University of Applied Sciences",Worms · Rheinland-Pfalz,hs-worms.de,https://hs-worms.de,True,logos/germany_0224_hochschule_worms_university_of_applied_sciences.png,Germany_Universities_Directory.pdf,29
germany-universities_and_higher_education_institutions-0225,225,GERMANY,universities_and_higher_education_institutions,Hochschule Zittau/Görlitz,Zittau · Sachsen,hszg.de,https://hszg.de,True,logos/germany_0225_hochschule_zittau_g_rlitz.png,Germany_Universities_Directory.pdf,30
germany-universities_and_higher_education_institutions-0226,226,GERMANY,universities_and_higher_education_institutions,HSBA Hamburg School of Business Administration,Hamburg,hsba.de,https://hsba.de,True,logos/germany_0226_hsba_hamburg_school_of_business_administration.png,Germany_Universities_Directory.pdf,30
germany-universities_and_higher_education_institutions-0227,227,GERMANY,universities_and_higher_education_institutions,HSD Hochschule Döpfer,Potsdam · Brandenburg,hs-doepfer.de,https://hs-doepfer.de,True,logos/germany_0227_hsd_hochschule_d_pfer.png,Germany_Universities_Directory.pdf,30
germany-universities_and_higher_education_institutions-0228,228,GERMANY,universities_and_higher_education_institutions,Humboldt-Universität zu Berlin,Berlin,hu-berlin.de,https://hu-berlin.de,True,logos/germany_0228_humboldt_universit_t_zu_berlin.png,Germany_Universities_Directory.pdf,30
germany-universities_and_higher_education_institutions-0229,229,GERMANY,universities_and_higher_education_institutions,International Psychoanalytic University Berlin,Berlin,ipu-berlin.de,https://ipu-berlin.de,True,logos/germany_0229_international_psychoanalytic_university_berlin.png,Germany_Universities_Directory.pdf,30
germany-universities_and_higher_education_institutions-0230,230,GERMANY,universities_and_higher_education_institutions,International School of Management,Dortmund · Nordrhein-Westfalen,ism.de,https://ism.de,True,logos/germany_0230_international_school_of_management.png,Germany_Universities_Directory.pdf,30
germany-universities_and_higher_education_institutions-0231,231,GERMANY,universities_and_higher_education_institutions,Internationale Hochschule Liebenzell (IHL),Bad Liebenzell · Baden-Württemberg,ihl.eu,https://ihl.eu,True,logos/germany_0231_internationale_hochschule_liebenzell_ihl.png,Germany_Universities_Directory.pdf,30
germany-universities_and_higher_education_institutions-0232,232,GERMANY,universities_and_higher_education_institutions,Internationale Hochschule SDI München - Hochschule für angewandte Wissenschaften,München · Bayern,sdi-muenchen.de,https://sdi-muenchen.de,True,logos/germany_0232_internationale_hochschule_sdi_m_nchen_hochschule_f_r_angewandte_wissen.png,Germany_Universities_Directory.pdf,30
germany-universities_and_higher_education_institutions-0233,233,GERMANY,universities_and_higher_education_institutions,INU - Innovative University of Applied Sciences,Köln · Nordrhein-Westfalen,inu.de,https://inu.de,True,logos/germany_0233_inu_innovative_university_of_applied_sciences.png,Germany_Universities_Directory.pdf,31
germany-universities_and_higher_education_institutions-0234,234,GERMANY,universities_and_higher_education_institutions,IST-Hochschule für Management,Düsseldorf · Nordrhein-Westfalen,ist-hochschule.de,https://ist-hochschule.de,True,logos/germany_0234_ist_hochschule_f_r_management.png,Germany_Universities_Directory.pdf,31
germany-universities_and_higher_education_institutions-0235,235,GERMANY,universities_and_higher_education_institutions,IU Internationale Hochschule,Erfurt · Thüringen,iu.prf.hn,https://iu.prf.hn,True,logos/germany_0235_iu_internationale_hochschule.png,Germany_Universities_Directory.pdf,31
germany-universities_and_higher_education_institutions-0236,236,GERMANY,universities_and_higher_education_institutions,Jade Hochschule - Wilhelms haven/Oldenburg/Elsfleth,Wilhelmshaven · Niedersachsen,jade-hs.de,https://jade-hs.de,True,logos/germany_0236_jade_hochschule_wilhelms_haven_oldenburg_elsfleth.png,Germany_Universities_Directory.pdf,31
germany-universities_and_higher_education_institutions-0237,237,GERMANY,universities_and_higher_education_institutions,"Johann Wolfgang Goethe-Universität, Frankfurt am Main",Frankfurt am Main · Hessen,uni-frankfurt.de,https://uni-frankfurt.de,True,logos/germany_0237_johann_wolfgang_goethe_universit_t_frankfurt_am_main.png,Germany_Universities_Directory.pdf,31
germany-universities_and_higher_education_institutions-0238,238,GERMANY,universities_and_higher_education_institutions,Johannes Gutenberg-Universität Mainz,Mainz · Rheinland-Pfalz,uni-mainz.de,https://uni-mainz.de,True,logos/germany_0238_johannes_gutenberg_universit_t_mainz.png,Germany_Universities_Directory.pdf,31
germany-universities_and_higher_education_institutions-0239,239,GERMANY,universities_and_higher_education_institutions,Julius-Maximilians-Universi tät Würzburg,Würzburg · Bayern,uni-wuerzburg.de,https://uni-wuerzburg.de,True,logos/germany_0239_julius_maximilians_universi_t_t_w_rzburg.png,Germany_Universities_Directory.pdf,31
germany-universities_and_higher_education_institutions-0240,240,GERMANY,universities_and_higher_education_institutions,Justus-Liebig-Universität Gießen,Gießen · Hessen,uni-giessen.de,https://uni-giessen.de,True,logos/germany_0240_justus_liebig_universit_t_gie_en.png,Germany_Universities_Directory.pdf,31
germany-universities_and_higher_education_institutions-0241,241,GERMANY,universities_and_higher_education_institutions,Karlshochschule International University - staatlich anerkannte Hochschule der Karlshochschule gemeinnützige GmbH Karlsruhe,Karlsruhe · Baden-Württemberg,karlshochschule.de,https://karlshochschule.de,True,logos/germany_0241_karlshochschule_international_university_staatlich_anerkannte_hochschu.png,Germany_Universities_Directory.pdf,32
germany-universities_and_higher_education_institutions-0242,242,GERMANY,universities_and_higher_education_institutions,Karlsruher Institut für Technologie,Karlsruhe · Baden-Württemberg,kit.edu,https://kit.edu,True,logos/germany_0242_karlsruher_institut_f_r_technologie.png,Germany_Universities_Directory.pdf,32
germany-universities_and_higher_education_institutions-0243,243,GERMANY,universities_and_higher_education_institutions,Katholische Stiftungshochschule für angewandte Wissenschaften München - Hochschule der Kirchlichen Stiftung des öffentlichen Rechts Katholische Bildungsstätten für Sozialberufe in Bayern,München · Bayern,ksh-muenchen.de,https://ksh-muenchen.de,True,logos/germany_0243_katholische_stiftungshochschule_f_r_angewandte_wissenschaften_m_nchen_.png,Germany_Universities_Directory.pdf,32
germany-universities_and_higher_education_institutions-0244,244,GERMANY,universities_and_higher_education_institutions,"Katholische Hochschule Freiburg, staatlich anerkannte Hochschule - Catholic University of Applied Sciences",Freiburg · Baden-Württemberg,kh-freiburg.de,https://kh-freiburg.de,True,logos/germany_0244_katholische_hochschule_freiburg_staatlich_anerkannte_hochschule_cathol.png,Germany_Universities_Directory.pdf,32
germany-universities_and_higher_education_institutions-0245,245,GERMANY,universities_and_higher_education_institutions,Katholische Hochschule für Sozialwesen Berlin (KHSB) - Staatlich anerkannte Fachhochschule für Sozialwesen,Berlin,khsb-berlin.de,https://khsb-berlin.de,True,logos/germany_0245_katholische_hochschule_f_r_sozialwesen_berlin_khsb_staatlich_anerkannt.png,Germany_Universities_Directory.pdf,32
germany-universities_and_higher_education_institutions-0246,246,GERMANY,universities_and_higher_education_institutions,Katholische Hochschule Mainz Catholic University of Applied Sciences,Mainz · Rheinland-Pfalz,kh-mz.de,https://kh-mz.de,True,logos/germany_0246_katholische_hochschule_mainz_catholic_university_of_applied_sciences.png,Germany_Universities_Directory.pdf,32
germany-universities_and_higher_education_institutions-0247,247,GERMANY,universities_and_higher_education_institutions,Katholische Hochschule Nordrhein-Westfalen - Catholic University of Applied Sciences,Köln · Nordrhein-Westfalen,katho-nrw.de,https://katho-nrw.de,True,logos/germany_0247_katholische_hochschule_nordrhein_westfalen_catholic_university_of_appl.png,Germany_Universities_Directory.pdf,32
germany-universities_and_higher_education_institutions-0248,248,GERMANY,universities_and_higher_education_institutions,Katholische Universität Eichstätt - Ingolstadt,Eichstätt · Bayern,ku.de,https://ku.de,True,logos/germany_0248_katholische_universit_t_eichst_tt_ingolstadt.png,Germany_Universities_Directory.pdf,32
germany-universities_and_higher_education_institutions-0249,249,GERMANY,universities_and_higher_education_institutions,Kirchliche Hochschule Wuppertal,Wuppertal · Nordrhein-Westfalen,kiho-wuppertal.de,https://kiho-wuppertal.de,True,logos/germany_0249_kirchliche_hochschule_wuppertal.png,Germany_Universities_Directory.pdf,33
germany-universities_and_higher_education_institutions-0250,250,GERMANY,universities_and_higher_education_institutions,Kolping Hochschule,Köln · Nordrhein-Westfalen,kolping-hochschule.de,https://kolping-hochschule.de,True,logos/germany_0250_kolping_hochschule.png,Germany_Universities_Directory.pdf,33
germany-universities_and_higher_education_institutions-0251,251,GERMANY,universities_and_higher_education_institutions,Kunstakademie Düsseldorf,Düsseldorf · Nordrhein-Westfalen,kunstakademie-duesseldorf.de,https://kunstakademie-duesseldorf.de,True,logos/germany_0251_kunstakademie_d_sseldorf.png,Germany_Universities_Directory.pdf,33
germany-universities_and_higher_education_institutions-0252,252,GERMANY,universities_and_higher_education_institutions,"Kunstakademie Münster, Hochschule für Bildende Künste",Münster · Nordrhein-Westfalen,kunstakademie-muenster.de,https://kunstakademie-muenster.de,True,logos/germany_0252_kunstakademie_m_nster_hochschule_f_r_bildende_k_nste.png,Germany_Universities_Directory.pdf,33
germany-universities_and_higher_education_institutions-0253,253,GERMANY,universities_and_higher_education_institutions,Kunsthochschule für Medien Köln,Köln · Nordrhein-Westfalen,khm.de,https://khm.de,True,logos/germany_0253_kunsthochschule_f_r_medien_k_ln.png,Germany_Universities_Directory.pdf,33
germany-universities_and_higher_education_institutions-0254,254,GERMANY,universities_and_higher_education_institutions,Kölner Hochschule für Katholische Theologie (KHKT),Köln · Nordrhein-Westfalen,khkt.de,https://khkt.de,True,logos/germany_0254_k_lner_hochschule_f_r_katholische_theologie_khkt.png,Germany_Universities_Directory.pdf,33
germany-universities_and_higher_education_institutions-0255,255,GERMANY,universities_and_higher_education_institutions,Kühne Logistics University - Wissenschaftliche Hochschule für Logistik und Unternehmensführung,Hamburg,klu.org,https://klu.org,True,logos/germany_0255_k_hne_logistics_university_wissenschaftliche_hochschule_f_r_logistik_u.png,Germany_Universities_Directory.pdf,33
germany-universities_and_higher_education_institutions-0256,256,GERMANY,universities_and_higher_education_institutions,Leibniz-Fachhochschule,Hannover · Niedersachsen,leibniz-fh.de,https://leibniz-fh.de,True,logos/germany_0256_leibniz_fachhochschule.png,Germany_Universities_Directory.pdf,33
germany-universities_and_higher_education_institutions-0257,257,GERMANY,universities_and_higher_education_institutions,Leuphana Universität Lüneburg,Lüneburg · Niedersachsen,leuphana.de,https://leuphana.de,True,logos/germany_0257_leuphana_universit_t_l_neburg.png,Germany_Universities_Directory.pdf,34
germany-universities_and_higher_education_institutions-0258,258,GERMANY,universities_and_higher_education_institutions,Ludwig-Maximilians-Univer sität München,München · Bayern,lmu.de,https://lmu.de,True,logos/germany_0258_ludwig_maximilians_univer_sit_t_m_nchen.png,Germany_Universities_Directory.pdf,34
germany-universities_and_higher_education_institutions-0259,259,GERMANY,universities_and_higher_education_institutions,Lutherische Theologische Hochschule Oberursel,Oberursel · Hessen,lthh-oberursel.de,https://lthh-oberursel.de,True,logos/germany_0259_lutherische_theologische_hochschule_oberursel.png,Germany_Universities_Directory.pdf,34
germany-universities_and_higher_education_institutions-0260,260,GERMANY,universities_and_higher_education_institutions,Macromedia University of Applied Sciences,Potsdam · Brandenburg,macromedia-fachhochschule.de,https://macromedia-fachhochschule.de,True,logos/germany_0260_macromedia_university_of_applied_sciences.png,Germany_Universities_Directory.pdf,34
germany-universities_and_higher_education_institutions-0261,261,GERMANY,universities_and_higher_education_institutions,Martin-Luther-Universität Halle-Wittenberg,Halle · Sachsen-Anhalt,uni-halle.de,https://uni-halle.de,True,logos/germany_0261_martin_luther_universit_t_halle_wittenberg.png,Germany_Universities_Directory.pdf,34
germany-universities_and_higher_education_institutions-0262,262,GERMANY,universities_and_higher_education_institutions,Mediadesign Hochschule für Design und Informatik,Berlin,mediadesign.de,https://mediadesign.de,True,logos/germany_0262_mediadesign_hochschule_f_r_design_und_informatik.png,Germany_Universities_Directory.pdf,34
germany-universities_and_higher_education_institutions-0263,263,GERMANY,universities_and_higher_education_institutions,Medical School Berlin - Hochschule für Gesundheit und Medizin (MSB),Berlin,medicalschool-berlin.de,https://medicalschool-berlin.de,True,logos/germany_0263_medical_school_berlin_hochschule_f_r_gesundheit_und_medizin_msb.png,Germany_Universities_Directory.pdf,34
germany-universities_and_higher_education_institutions-0264,264,GERMANY,universities_and_higher_education_institutions,Medizinische Hochschule Brandenburg Theodor Fontane,Neuruppin · Brandenburg,mhb-fontane.de,https://mhb-fontane.de,True,logos/germany_0264_medizinische_hochschule_brandenburg_theodor_fontane.png,Germany_Universities_Directory.pdf,34
germany-universities_and_higher_education_institutions-0265,265,GERMANY,universities_and_higher_education_institutions,Medizinische Hochschule Hannover (MHH),Hannover · Niedersachsen,mh-hannover.de,https://mh-hannover.de,True,logos/germany_0265_medizinische_hochschule_hannover_mhh.png,Germany_Universities_Directory.pdf,35
germany-universities_and_higher_education_institutions-0266,266,GERMANY,universities_and_higher_education_institutions,Medizinische Universität Lausitz - Carl Thiem,Cottbus · Brandenburg,mul-ct.de,https://mul-ct.de,True,logos/germany_0266_medizinische_universit_t_lausitz_carl_thiem.png,Germany_Universities_Directory.pdf,35
germany-universities_and_higher_education_institutions-0267,267,GERMANY,universities_and_higher_education_institutions,"Merz Akademie Hochschule für Gestaltung, Kunst und Medien, Stuttgart - Staatlich anerkannt",Stuttgart · Baden-Württemberg,merz-akademie.de,https://merz-akademie.de,True,logos/germany_0267_merz_akademie_hochschule_f_r_gestaltung_kunst_und_medien_stuttgart_sta.png,Germany_Universities_Directory.pdf,35
germany-universities_and_higher_education_institutions-0268,268,GERMANY,universities_and_higher_education_institutions,MSH Medical School Hamburg - University of Applied Sciences and Medical University,Hamburg,medicalschool-hamburg.de,https://medicalschool-hamburg.de,True,logos/germany_0268_msh_medical_school_hamburg_university_of_applied_sciences_and_medical_.png,Germany_Universities_Directory.pdf,35
germany-universities_and_higher_education_institutions-0269,269,GERMANY,universities_and_higher_education_institutions,MU Media University of Applied Sciences,Berlin,media-university.de,https://media-university.de,True,logos/germany_0269_mu_media_university_of_applied_sciences.png,Germany_Universities_Directory.pdf,35
germany-universities_and_higher_education_institutions-0270,270,GERMANY,universities_and_higher_education_institutions,Munich Business School - Staatlich anerkannte private Fachhochschule,München · Bayern,munich-business-school.de,https://munich-business-school.de,True,logos/germany_0270_munich_business_school_staatlich_anerkannte_private_fachhochschule.png,Germany_Universities_Directory.pdf,35
germany-universities_and_higher_education_institutions-0271,271,GERMANY,universities_and_higher_education_institutions,Munich University of Digital Technologies & Applied Sciences,München · Bayern,uni-munich.de,https://uni-munich.de,True,logos/germany_0271_munich_university_of_digital_technologies_applied_sciences.png,Germany_Universities_Directory.pdf,35
germany-universities_and_higher_education_institutions-0272,272,GERMANY,universities_and_higher_education_institutions,Musikhochschule Lübeck,Lübeck · Schleswig-Holstein,mh-luebeck.de,https://mh-luebeck.de,True,logos/germany_0272_musikhochschule_l_beck.png,Germany_Universities_Directory.pdf,35
germany-universities_and_higher_education_institutions-0273,273,GERMANY,universities_and_higher_education_institutions,Muthesius Kunsthochschule,Kiel · Schleswig-Holstein,muthesius-kunsthochschule.de,https://muthesius-kunsthochschule.de,True,logos/germany_0273_muthesius_kunsthochschule.png,Germany_Universities_Directory.pdf,36
germany-universities_and_higher_education_institutions-0274,274,GERMANY,universities_and_higher_education_institutions,NBS Northern Business School   University of Applied Sciences,Hamburg,nbs.de,https://nbs.de,True,logos/germany_0274_nbs_northern_business_school_university_of_applied_sciences.png,Germany_Universities_Directory.pdf,36
germany-universities_and_higher_education_institutions-0275,275,GERMANY,universities_and_higher_education_institutions,NORDAKADEMIE Hochschule der Wirtschaft,Elmshorn · Schleswig-Holstein,nordakademie.de,https://nordakademie.de,True,logos/germany_0275_nordakademie_hochschule_der_wirtschaft.png,Germany_Universities_Directory.pdf,36
germany-universities_and_higher_education_institutions-0276,276,GERMANY,universities_and_higher_education_institutions,Ostbayerische Technische Hochschule Amberg-Weiden,Amberg · Bayern,oth-aw.de,https://oth-aw.de,True,logos/germany_0276_ostbayerische_technische_hochschule_amberg_weiden.png,Germany_Universities_Directory.pdf,36
germany-universities_and_higher_education_institutions-0277,277,GERMANY,universities_and_higher_education_institutions,Ostbayerische Technische Hochschule Regensburg,Regensburg · Bayern,oth-regensburg.de,https://oth-regensburg.de,True,logos/germany_0277_ostbayerische_technische_hochschule_regensburg.png,Germany_Universities_Directory.pdf,36
germany-universities_and_higher_education_institutions-0278,278,GERMANY,universities_and_higher_education_institutions,Otto-Friedrich-Universität Bamberg,Bamberg · Bayern,uni-bamberg.de,https://uni-bamberg.de,True,logos/germany_0278_otto_friedrich_universit_t_bamberg.png,Germany_Universities_Directory.pdf,36
germany-universities_and_higher_education_institutions-0279,279,GERMANY,universities_and_higher_education_institutions,Otto-von-Guericke-Universi tät Magdeburg,Magdeburg · Sachsen-Anhalt,ovgu.de,https://ovgu.de,True,logos/germany_0279_otto_von_guericke_universi_t_t_magdeburg.png,Germany_Universities_Directory.pdf,36
germany-universities_and_higher_education_institutions-0280,280,GERMANY,universities_and_higher_education_institutions,Palucca Hochschule für Tanz Dresden,Dresden · Sachsen,palucca.eu,https://palucca.eu,True,logos/germany_0280_palucca_hochschule_f_r_tanz_dresden.png,Germany_Universities_Directory.pdf,36
germany-universities_and_higher_education_institutions-0281,281,GERMANY,universities_and_higher_education_institutions,PFH - Private Hochschule Göttingen,Göttingen · Niedersachsen,pfh.de,https://pfh.de,True,logos/germany_0281_pfh_private_hochschule_g_ttingen.png,Germany_Universities_Directory.pdf,37
germany-universities_and_higher_education_institutions-0282,282,GERMANY,universities_and_higher_education_institutions,Philipps-Universität Marburg,Marburg · Hessen,uni-marburg.de,https://uni-marburg.de,True,logos/germany_0282_philipps_universit_t_marburg.png,Germany_Universities_Directory.pdf,37
germany-universities_and_higher_education_institutions-0283,283,GERMANY,universities_and_higher_education_institutions,Philosophisch-Theologische Hochschule Münster - Kirchlich und staatlich anerkannte Hochschule in Trägerschaft der PTH Philosophisch-Theologische Hochschule Münster gemeinnützige GmbH,Münster · Nordrhein-Westfalen,cts-hochschule.de,https://cts-hochschule.de,True,logos/germany_0283_philosophisch_theologische_hochschule_m_nster_kirchlich_und_staatlich_.png,Germany_Universities_Directory.pdf,37
germany-universities_and_higher_education_institutions-0284,284,GERMANY,universities_and_higher_education_institutions,Philosophisch-Theologische Hochschule Sankt Georgen Frankfurt am Main,Frankfurt am Main · Hessen,sankt-georgen.de,https://sankt-georgen.de,False,,Germany_Universities_Directory.pdf,37
germany-universities_and_higher_education_institutions-0285,285,GERMANY,universities_and_higher_education_institutions,Private Hochschule für Wirtschaft und Technik Vechta/Diepholz,Vechta · Niedersachsen,phwt.de,https://phwt.de,True,logos/germany_0285_private_hochschule_f_r_wirtschaft_und_technik_vechta_diepholz.png,Germany_Universities_Directory.pdf,37
germany-universities_and_higher_education_institutions-0286,286,GERMANY,universities_and_higher_education_institutions,Private Universität Witten/Herdecke gGmbH,Witten · Nordrhein-Westfalen,uni-wh.de,https://uni-wh.de,True,logos/germany_0286_private_universit_t_witten_herdecke_ggmbh.png,Germany_Universities_Directory.pdf,37
germany-universities_and_higher_education_institutions-0287,287,GERMANY,universities_and_higher_education_institutions,Psychologische Hochschule Berlin (PHB),Berlin,psychologische-hochschule.de,https://psychologische-hochschule.de,True,logos/germany_0287_psychologische_hochschule_berlin_phb.png,Germany_Universities_Directory.pdf,37
germany-universities_and_higher_education_institutions-0288,288,GERMANY,universities_and_higher_education_institutions,Pädagogische Hochschule Freiburg,Freiburg · Baden-Württemberg,ph-freiburg.de,https://ph-freiburg.de,True,logos/germany_0288_p_dagogische_hochschule_freiburg.png,Germany_Universities_Directory.pdf,37
germany-universities_and_higher_education_institutions-0289,289,GERMANY,universities_and_higher_education_institutions,Pädagogische Hochschule Heidelberg,Heidelberg · Baden-Württemberg,ph-heidelberg.de,https://ph-heidelberg.de,True,logos/germany_0289_p_dagogische_hochschule_heidelberg.png,Germany_Universities_Directory.pdf,38
germany-universities_and_higher_education_institutions-0290,290,GERMANY,universities_and_higher_education_institutions,Pädagogische Hochschule Karlsruhe,Karlsruhe · Baden-Württemberg,ph-karlsruhe.de,https://ph-karlsruhe.de,True,logos/germany_0290_p_dagogische_hochschule_karlsruhe.png,Germany_Universities_Directory.pdf,38
germany-universities_and_higher_education_institutions-0291,291,GERMANY,universities_and_higher_education_institutions,Pädagogische Hochschule Ludwigsburg,Ludwigsburg · Baden-Württemberg,ph-ludwigsburg.de,https://ph-ludwigsburg.de,True,logos/germany_0291_p_dagogische_hochschule_ludwigsburg.png,Germany_Universities_Directory.pdf,38
germany-universities_and_higher_education_institutions-0292,292,GERMANY,universities_and_higher_education_institutions,Pädagogische Hochschule Schwäbisch Gmünd,Schwäbisch Gmünd · Baden-Württemberg,ph-gmuend.de,https://ph-gmuend.de,True,logos/germany_0292_p_dagogische_hochschule_schw_bisch_gm_nd.png,Germany_Universities_Directory.pdf,38
germany-universities_and_higher_education_institutions-0293,293,GERMANY,universities_and_higher_education_institutions,Pädagogische Hochschule Weingarten,Weingarten · Baden-Württemberg,ph-weingarten.de,https://ph-weingarten.de,True,logos/germany_0293_p_dagogische_hochschule_weingarten.png,Germany_Universities_Directory.pdf,38
germany-universities_and_higher_education_institutions-0294,294,GERMANY,universities_and_higher_education_institutions,Rheinisch-Westfälische Technische Hochschule Aachen,Aachen · Nordrhein-Westfalen,rwth-aachen.de,https://rwth-aachen.de,True,logos/germany_0294_rheinisch_westf_lische_technische_hochschule_aachen.png,Germany_Universities_Directory.pdf,38
germany-universities_and_higher_education_institutions-0295,295,GERMANY,universities_and_higher_education_institutions,Rheinische Friedrich-Wilhel ms-Universität Bonn,Bonn · Nordrhein-Westfalen,uni-bonn.de,https://uni-bonn.de,True,logos/germany_0295_rheinische_friedrich_wilhel_ms_universit_t_bonn.png,Germany_Universities_Directory.pdf,38
germany-universities_and_higher_education_institutions-0296,296,GERMANY,universities_and_higher_education_institutions,Rheinische Hochschule Köln,Köln · Nordrhein-Westfalen,rh-koeln.de,https://rh-koeln.de,True,logos/germany_0296_rheinische_hochschule_k_ln.png,Germany_Universities_Directory.pdf,38
germany-universities_and_higher_education_institutions-0297,297,GERMANY,universities_and_higher_education_institutions,Rheinland-Pfälzische Technische Universität Kaiserslautern-Landau,Kaiserslautern · Rheinland-Pfalz,rptu.de,https://rptu.de,True,logos/germany_0297_rheinland_pf_lzische_technische_universit_t_kaiserslautern_landau.png,Germany_Universities_Directory.pdf,39
germany-universities_and_higher_education_institutions-0298,298,GERMANY,universities_and_higher_education_institutions,Robert Schumann Hochschule Düsseldorf,Düsseldorf · Nordrhein-Westfalen,rsh-duesseldorf.de,https://rsh-duesseldorf.de,True,logos/germany_0298_robert_schumann_hochschule_d_sseldorf.png,Germany_Universities_Directory.pdf,39
germany-universities_and_higher_education_institutions-0299,299,GERMANY,universities_and_higher_education_institutions,Ruhr-Universität Bochum,Bochum · Nordrhein-Westfalen,ruhr-uni-bochum.de,https://ruhr-uni-bochum.de,True,logos/germany_0299_ruhr_universit_t_bochum.png,Germany_Universities_Directory.pdf,39
germany-universities_and_higher_education_institutions-0300,300,GERMANY,universities_and_higher_education_institutions,Ruprecht-Karls-Universität Heidelberg,Heidelberg · Baden-Württemberg,uni-heidelberg.de,https://uni-heidelberg.de,True,logos/germany_0300_ruprecht_karls_universit_t_heidelberg.png,Germany_Universities_Directory.pdf,39
germany-universities_and_higher_education_institutions-0301,301,GERMANY,universities_and_higher_education_institutions,SRH Fernhochschule - The Mobile University,Riedlingen · Baden-Württemberg,mobile-university.de,https://mobile-university.de,True,logos/germany_0301_srh_fernhochschule_the_mobile_university.png,Germany_Universities_Directory.pdf,39
germany-universities_and_higher_education_institutions-0302,302,GERMANY,universities_and_higher_education_institutions,SRH University of Applied Sciences Heidelberg,Heidelberg · Baden-Württemberg,srh-university.de,https://srh-university.de,True,logos/germany_0302_srh_university_of_applied_sciences_heidelberg.png,Germany_Universities_Directory.pdf,39
germany-universities_and_higher_education_institutions-0303,303,GERMANY,universities_and_higher_education_institutions,Staatliche Akademie der Bildenden Künste Karlsruhe,Karlsruhe · Baden-Württemberg,kunstakademie-karlsruhe.de,https://kunstakademie-karlsruhe.de,True,logos/germany_0303_staatliche_akademie_der_bildenden_k_nste_karlsruhe.png,Germany_Universities_Directory.pdf,39
germany-universities_and_higher_education_institutions-0304,304,GERMANY,universities_and_higher_education_institutions,Staatliche Akademie der Bildenden Künste Stuttgart,Stuttgart · Baden-Württemberg,abk-stuttgart.de,https://abk-stuttgart.de,True,logos/germany_0304_staatliche_akademie_der_bildenden_k_nste_stuttgart.png,Germany_Universities_Directory.pdf,39
germany-universities_and_higher_education_institutions-0305,305,GERMANY,universities_and_higher_education_institutions,Staatliche Hochschule für Gestaltung Karlsruhe,Karlsruhe · Baden-Württemberg,hfg-karlsruhe.de,https://hfg-karlsruhe.de,True,logos/germany_0305_staatliche_hochschule_f_r_gestaltung_karlsruhe.png,Germany_Universities_Directory.pdf,40
germany-universities_and_higher_education_institutions-0306,306,GERMANY,universities_and_higher_education_institutions,Staatliche Hochschule für Musik Trossingen,Trossingen · Baden-Württemberg,hfm-trossingen.de,https://hfm-trossingen.de,True,logos/germany_0306_staatliche_hochschule_f_r_musik_trossingen.png,Germany_Universities_Directory.pdf,40
germany-universities_and_higher_education_institutions-0307,307,GERMANY,universities_and_higher_education_institutions,Staatliche Hochschule für Musik und Darstellende Kunst Mannheim,Mannheim · Baden-Württemberg,muho-mannheim.de,https://muho-mannheim.de,True,logos/germany_0307_staatliche_hochschule_f_r_musik_und_darstellende_kunst_mannheim.png,Germany_Universities_Directory.pdf,40
germany-universities_and_higher_education_institutions-0308,308,GERMANY,universities_and_higher_education_institutions,Staatliche Hochschule für Musik und Darstellende Kunst Stuttgart,Stuttgart · Baden-Württemberg,hmdk-stuttgart.de,https://hmdk-stuttgart.de,True,logos/germany_0308_staatliche_hochschule_f_r_musik_und_darstellende_kunst_stuttgart.png,Germany_Universities_Directory.pdf,40
germany-universities_and_higher_education_institutions-0309,309,GERMANY,universities_and_higher_education_institutions,Steinbeis Hochschule,Magdeburg · Sachsen-Anhalt,steinbeis-hochschule.de,https://steinbeis-hochschule.de,True,logos/germany_0309_steinbeis_hochschule.png,Germany_Universities_Directory.pdf,40
germany-universities_and_higher_education_institutions-0310,310,GERMANY,universities_and_higher_education_institutions,Stiftung Tierärztliche Hochschule Hannover,Hannover · Niedersachsen,tiho-hannover.de,https://tiho-hannover.de,True,logos/germany_0310_stiftung_tier_rztliche_hochschule_hannover.png,Germany_Universities_Directory.pdf,40
germany-universities_and_higher_education_institutions-0311,311,GERMANY,universities_and_higher_education_institutions,Technische Hochschule Aschaffenburg,Aschaffenburg · Bayern,th-ab.de,https://th-ab.de,True,logos/germany_0311_technische_hochschule_aschaffenburg.png,Germany_Universities_Directory.pdf,40
germany-universities_and_higher_education_institutions-0312,312,GERMANY,universities_and_higher_education_institutions,Technische Hochschule Augsburg,Augsburg · Bayern,tha.de,https://tha.de,True,logos/germany_0312_technische_hochschule_augsburg.png,Germany_Universities_Directory.pdf,40
germany-universities_and_higher_education_institutions-0313,313,GERMANY,universities_and_higher_education_institutions,Technische Hochschule Bingen,Bingen · Rheinland-Pfalz,th-bingen.de,https://th-bingen.de,True,logos/germany_0313_technische_hochschule_bingen.png,Germany_Universities_Directory.pdf,41
germany-universities_and_higher_education_institutions-0314,314,GERMANY,universities_and_higher_education_institutions,Technische Hochschule Brandenburg,Brandenburg,th-brandenburg.de,https://th-brandenburg.de,False,,Germany_Universities_Directory.pdf,41
germany-universities_and_higher_education_institutions-0315,315,GERMANY,universities_and_higher_education_institutions,Technische Hochschule Deggendorf,Deggendorf · Bayern,th-deg.de,https://th-deg.de,True,logos/germany_0315_technische_hochschule_deggendorf.png,Germany_Universities_Directory.pdf,41
germany-universities_and_higher_education_institutions-0316,316,GERMANY,universities_and_higher_education_institutions,Technische Hochschule Georg Agricola,Bochum · Nordrhein-Westfalen,thga.de,https://thga.de,True,logos/germany_0316_technische_hochschule_georg_agricola.png,Germany_Universities_Directory.pdf,41
germany-universities_and_higher_education_institutions-0317,317,GERMANY,universities_and_higher_education_institutions,Technische Hochschule Ingolstadt,Ingolstadt · Bayern,thi.de,https://thi.de,True,logos/germany_0317_technische_hochschule_ingolstadt.png,Germany_Universities_Directory.pdf,41
germany-universities_and_higher_education_institutions-0318,318,GERMANY,universities_and_higher_education_institutions,Technische Hochschule Köln,Köln · Nordrhein-Westfalen,th-koeln.de,https://th-koeln.de,True,logos/germany_0318_technische_hochschule_k_ln.png,Germany_Universities_Directory.pdf,41
germany-universities_and_higher_education_institutions-0319,319,GERMANY,universities_and_higher_education_institutions,Technische Hochschule Lübeck,Lübeck · Schleswig-Holstein,th-luebeck.de,https://th-luebeck.de,True,logos/germany_0319_technische_hochschule_l_beck.png,Germany_Universities_Directory.pdf,41
germany-universities_and_higher_education_institutions-0320,320,GERMANY,universities_and_higher_education_institutions,Technische Hochschule Mannheim,Mannheim · Baden-Württemberg,th-mannheim.de,https://th-mannheim.de,True,logos/germany_0320_technische_hochschule_mannheim.png,Germany_Universities_Directory.pdf,41
germany-universities_and_higher_education_institutions-0321,321,GERMANY,universities_and_higher_education_institutions,Technische Hochschule Mittelhessen - THM,Gießen · Hessen,thm.de,https://thm.de,True,logos/germany_0321_technische_hochschule_mittelhessen_thm.png,Germany_Universities_Directory.pdf,42
germany-universities_and_higher_education_institutions-0322,322,GERMANY,universities_and_higher_education_institutions,Technische Hochschule Nürnberg Georg Simon Ohm,Nürnberg · Bayern,studium.th-nuernberg.de,https://studium.th-nuernberg.de,True,logos/germany_0322_technische_hochschule_n_rnberg_georg_simon_ohm.png,Germany_Universities_Directory.pdf,42
germany-universities_and_higher_education_institutions-0323,323,GERMANY,universities_and_higher_education_institutions,Technische Hochschule Ostwestfalen-Lippe,Lemgo · Nordrhein-Westfalen,th-owl.de,https://th-owl.de,True,logos/germany_0323_technische_hochschule_ostwestfalen_lippe.png,Germany_Universities_Directory.pdf,42
germany-universities_and_higher_education_institutions-0324,324,GERMANY,universities_and_higher_education_institutions,Technische Hochschule Rosenheim,Rosenheim · Bayern,th-rosenheim.de,https://th-rosenheim.de,True,logos/germany_0324_technische_hochschule_rosenheim.png,Germany_Universities_Directory.pdf,42
germany-universities_and_higher_education_institutions-0325,325,GERMANY,universities_and_higher_education_institutions,Technische Hochschule Ulm,Ulm · Baden-Württemberg,thu.de,https://thu.de,True,logos/germany_0325_technische_hochschule_ulm.png,Germany_Universities_Directory.pdf,42
germany-universities_and_higher_education_institutions-0326,326,GERMANY,universities_and_higher_education_institutions,Technische Hochschule Wildau,Wildau · Brandenburg,th-wildau.de,https://th-wildau.de,True,logos/germany_0326_technische_hochschule_wildau.png,Germany_Universities_Directory.pdf,42
germany-universities_and_higher_education_institutions-0327,327,GERMANY,universities_and_higher_education_institutions,Technische Hochschule Würzburg-Schweinfurt,Würzburg · Bayern,thws.de,https://thws.de,True,logos/germany_0327_technische_hochschule_w_rzburg_schweinfurt.png,Germany_Universities_Directory.pdf,42
germany-universities_and_higher_education_institutions-0328,328,GERMANY,universities_and_higher_education_institutions,Technische Universität Bergakademie Freiberg,Freiberg · Sachsen,tu-freiberg.de,https://tu-freiberg.de,True,logos/germany_0328_technische_universit_t_bergakademie_freiberg.png,Germany_Universities_Directory.pdf,42
germany-universities_and_higher_education_institutions-0329,329,GERMANY,universities_and_higher_education_institutions,Technische Universität Berlin,Berlin,tu.berlin,https://tu.berlin,True,logos/germany_0329_technische_universit_t_berlin.png,Germany_Universities_Directory.pdf,43
germany-universities_and_higher_education_institutions-0330,330,GERMANY,universities_and_higher_education_institutions,Technische Universität Braunschweig,Braunschweig · Niedersachsen,tu-braunschweig.de,https://tu-braunschweig.de,True,logos/germany_0330_technische_universit_t_braunschweig.png,Germany_Universities_Directory.pdf,43
germany-universities_and_higher_education_institutions-0331,331,GERMANY,universities_and_higher_education_institutions,Technische Universität Chemnitz,Chemnitz · Sachsen,tu-chemnitz.de,https://tu-chemnitz.de,True,logos/germany_0331_technische_universit_t_chemnitz.png,Germany_Universities_Directory.pdf,43
germany-universities_and_higher_education_institutions-0332,332,GERMANY,universities_and_higher_education_institutions,Technische Universität Clausthal,Clausthal-Zellerfeld · Niedersachsen,tu-clausthal.de,https://tu-clausthal.de,True,logos/germany_0332_technische_universit_t_clausthal.png,Germany_Universities_Directory.pdf,43
germany-universities_and_higher_education_institutions-0333,333,GERMANY,universities_and_higher_education_institutions,Technische Universität Darmstadt,Darmstadt · Hessen,tu-darmstadt.de,https://tu-darmstadt.de,True,logos/germany_0333_technische_universit_t_darmstadt.png,Germany_Universities_Directory.pdf,43
germany-universities_and_higher_education_institutions-0334,334,GERMANY,universities_and_higher_education_institutions,Technische Universität Dortmund,Dortmund · Nordrhein-Westfalen,tu-dortmund.de,https://tu-dortmund.de,True,logos/germany_0334_technische_universit_t_dortmund.png,Germany_Universities_Directory.pdf,43
germany-universities_and_higher_education_institutions-0335,335,GERMANY,universities_and_higher_education_institutions,Technische Universität Dresden,Dresden · Sachsen,tu-dresden.de,https://tu-dresden.de,True,logos/germany_0335_technische_universit_t_dresden.png,Germany_Universities_Directory.pdf,43
germany-universities_and_higher_education_institutions-0336,336,GERMANY,universities_and_higher_education_institutions,Technische Universität Hamburg,Hamburg,tuhh.de,https://tuhh.de,True,logos/germany_0336_technische_universit_t_hamburg.png,Germany_Universities_Directory.pdf,43
germany-universities_and_higher_education_institutions-0337,337,GERMANY,universities_and_higher_education_institutions,Technische Universität Ilmenau,Ilmenau · Thüringen,tu-ilmenau.de,https://tu-ilmenau.de,True,logos/germany_0337_technische_universit_t_ilmenau.png,Germany_Universities_Directory.pdf,44
germany-universities_and_higher_education_institutions-0338,338,GERMANY,universities_and_higher_education_institutions,Technische Universität München,München · Bayern,tum.de,https://tum.de,True,logos/germany_0338_technische_universit_t_m_nchen.png,Germany_Universities_Directory.pdf,44
germany-universities_and_higher_education_institutions-0339,339,GERMANY,universities_and_higher_education_institutions,Technische Universität Nürnberg,Nürnberg · Bayern,utn.de,https://utn.de,True,logos/germany_0339_technische_universit_t_n_rnberg.png,Germany_Universities_Directory.pdf,44
germany-universities_and_higher_education_institutions-0340,340,GERMANY,universities_and_higher_education_institutions,Theologische Fakultät Fulda,Fulda · Hessen,thf-fulda.de,https://thf-fulda.de,True,logos/germany_0340_theologische_fakult_t_fulda.png,Germany_Universities_Directory.pdf,44
germany-universities_and_higher_education_institutions-0341,341,GERMANY,universities_and_higher_education_institutions,Theologische Fakultät Paderborn,Paderborn · Nordrhein-Westfalen,thf-paderborn.de,https://thf-paderborn.de,True,logos/germany_0341_theologische_fakult_t_paderborn.png,Germany_Universities_Directory.pdf,44
germany-universities_and_higher_education_institutions-0342,342,GERMANY,universities_and_higher_education_institutions,Theologische Fakultät Trier,Trier · Rheinland-Pfalz,theologie-trier.de,https://theologie-trier.de,True,logos/germany_0342_theologische_fakult_t_trier.png,Germany_Universities_Directory.pdf,44
germany-universities_and_higher_education_institutions-0343,343,GERMANY,universities_and_higher_education_institutions,Theologische Hochschule Elstal,Wustermark · Brandenburg,th-elstal.de,https://th-elstal.de,True,logos/germany_0343_theologische_hochschule_elstal.png,Germany_Universities_Directory.pdf,44
germany-universities_and_higher_education_institutions-0344,344,GERMANY,universities_and_higher_education_institutions,Theologische Hochschule Ewersbach,Dietzhölztal · Hessen,th-ewersbach.de,https://th-ewersbach.de,True,logos/germany_0344_theologische_hochschule_ewersbach.png,Germany_Universities_Directory.pdf,44
germany-universities_and_higher_education_institutions-0345,345,GERMANY,universities_and_higher_education_institutions,Theologische Hochschule Friedensau,Friedensau · Sachsen-Anhalt,thh-friedensau.de,https://thh-friedensau.de,True,logos/germany_0345_theologische_hochschule_friedensau.png,Germany_Universities_Directory.pdf,45
germany-universities_and_higher_education_institutions-0346,346,GERMANY,universities_and_higher_education_institutions,Theologische Hochschule Reutlingen - staatlich anerkannte Fachhochschule der Evangelisch-methodistis chen Kirche,Reutlingen · Baden-Württemberg,th-reutlingen.de,https://th-reutlingen.de,True,logos/germany_0346_theologische_hochschule_reutlingen_staatlich_anerkannte_fachhochschule.png,Germany_Universities_Directory.pdf,45
germany-universities_and_higher_education_institutions-0347,347,GERMANY,universities_and_higher_education_institutions,Tomorrow University of Applied Sciences,Frankfurt am Main · Hessen,,,False,,Germany_Universities_Directory.pdf,45
germany-universities_and_higher_education_institutions-0348,348,GERMANY,universities_and_higher_education_institutions,University of Europe for Applied Sciences,Potsdam · Brandenburg,ue-germany.com,https://ue-germany.com,True,logos/germany_0348_university_of_europe_for_applied_sciences.png,Germany_Universities_Directory.pdf,45
germany-universities_and_higher_education_institutions-0349,349,GERMANY,universities_and_higher_education_institutions,University of Labour,Frankfurt am Main · Hessen,university-of-labour.de,https://university-of-labour.de,True,logos/germany_0349_university_of_labour.png,Germany_Universities_Directory.pdf,45
germany-universities_and_higher_education_institutions-0350,350,GERMANY,universities_and_higher_education_institutions,Universität Augsburg,Augsburg · Bayern,uni-augsburg.de,https://uni-augsburg.de,True,logos/germany_0350_universit_t_augsburg.png,Germany_Universities_Directory.pdf,45
germany-universities_and_higher_education_institutions-0351,351,GERMANY,universities_and_higher_education_institutions,Universität Bayreuth,Bayreuth · Bayern,uni-bayreuth.de,https://uni-bayreuth.de,True,logos/germany_0351_universit_t_bayreuth.png,Germany_Universities_Directory.pdf,45
germany-universities_and_higher_education_institutions-0352,352,GERMANY,universities_and_higher_education_institutions,Universität Bielefeld,Bielefeld · Nordrhein-Westfalen,uni-bielefeld.de,https://uni-bielefeld.de,True,logos/germany_0352_universit_t_bielefeld.png,Germany_Universities_Directory.pdf,45
germany-universities_and_higher_education_institutions-0353,353,GERMANY,universities_and_higher_education_institutions,Universität Bremen,Bremen,uni-bremen.de,https://uni-bremen.de,True,logos/germany_0353_universit_t_bremen.png,Germany_Universities_Directory.pdf,46
germany-universities_and_higher_education_institutions-0354,354,GERMANY,universities_and_higher_education_institutions,Universität der Bundeswehr München,Neubiberg · Bayern,unibw.de,https://unibw.de,True,logos/germany_0354_universit_t_der_bundeswehr_m_nchen.png,Germany_Universities_Directory.pdf,46
germany-universities_and_higher_education_institutions-0355,355,GERMANY,universities_and_higher_education_institutions,Universität der Künste Berlin,Berlin,udk-berlin.de,https://udk-berlin.de,True,logos/germany_0355_universit_t_der_k_nste_berlin.png,Germany_Universities_Directory.pdf,46
germany-universities_and_higher_education_institutions-0356,356,GERMANY,universities_and_higher_education_institutions,Universität des Saarlandes,Saarbrücken · Saarland,uni-saarland.de,https://uni-saarland.de,True,logos/germany_0356_universit_t_des_saarlandes.png,Germany_Universities_Directory.pdf,46
germany-universities_and_higher_education_institutions-0357,357,GERMANY,universities_and_higher_education_institutions,Universität Duisburg-Essen,Essen · Nordrhein-Westfalen,uni-due.de,https://uni-due.de,True,logos/germany_0357_universit_t_duisburg_essen.png,Germany_Universities_Directory.pdf,46
germany-universities_and_higher_education_institutions-0358,358,GERMANY,universities_and_higher_education_institutions,Universität Erfurt,Erfurt · Thüringen,uni-erfurt.de,https://uni-erfurt.de,True,logos/germany_0358_universit_t_erfurt.png,Germany_Universities_Directory.pdf,46
germany-universities_and_higher_education_institutions-0359,359,GERMANY,universities_and_higher_education_institutions,Universität Greifswald,Greifswald · Mecklenburg-Vorpommern,uni-greifswald.de,https://uni-greifswald.de,True,logos/germany_0359_universit_t_greifswald.png,Germany_Universities_Directory.pdf,46
germany-universities_and_higher_education_institutions-0360,360,GERMANY,universities_and_higher_education_institutions,Universität Hamburg,Hamburg,uni-hamburg.de,https://uni-hamburg.de,True,logos/germany_0360_universit_t_hamburg.png,Germany_Universities_Directory.pdf,46
germany-universities_and_higher_education_institutions-0361,361,GERMANY,universities_and_higher_education_institutions,Universität Hildesheim,Hildesheim · Niedersachsen,uni-hildesheim.de,https://uni-hildesheim.de,True,logos/germany_0361_universit_t_hildesheim.png,Germany_Universities_Directory.pdf,47
germany-universities_and_higher_education_institutions-0362,362,GERMANY,universities_and_higher_education_institutions,Universität Hohenheim,Stuttgart · Baden-Württemberg,uni-hohenheim.de,https://uni-hohenheim.de,True,logos/germany_0362_universit_t_hohenheim.png,Germany_Universities_Directory.pdf,47
germany-universities_and_higher_education_institutions-0363,363,GERMANY,universities_and_higher_education_institutions,Universität Kassel,Kassel · Hessen,uni-kassel.de,https://uni-kassel.de,True,logos/germany_0363_universit_t_kassel.png,Germany_Universities_Directory.pdf,47
germany-universities_and_higher_education_institutions-0364,364,GERMANY,universities_and_higher_education_institutions,Universität Koblenz,Koblenz · Rheinland-Pfalz,uni-koblenz.de,https://uni-koblenz.de,True,logos/germany_0364_universit_t_koblenz.png,Germany_Universities_Directory.pdf,47
germany-universities_and_higher_education_institutions-0365,365,GERMANY,universities_and_higher_education_institutions,Universität Konstanz,Konstanz · Baden-Württemberg,uni-konstanz.de,https://uni-konstanz.de,True,logos/germany_0365_universit_t_konstanz.png,Germany_Universities_Directory.pdf,47
germany-universities_and_higher_education_institutions-0366,366,GERMANY,universities_and_higher_education_institutions,Universität Leipzig,Leipzig · Sachsen,uni-leipzig.de,https://uni-leipzig.de,True,logos/germany_0366_universit_t_leipzig.png,Germany_Universities_Directory.pdf,47
germany-universities_and_higher_education_institutions-0367,367,GERMANY,universities_and_higher_education_institutions,Universität Mannheim,Mannheim · Baden-Württemberg,uni-mannheim.de,https://uni-mannheim.de,True,logos/germany_0367_universit_t_mannheim.png,Germany_Universities_Directory.pdf,47
germany-universities_and_higher_education_institutions-0368,368,GERMANY,universities_and_higher_education_institutions,Universität Münster,Münster · Nordrhein-Westfalen,uni-muenster.de,https://uni-muenster.de,True,logos/germany_0368_universit_t_m_nster.png,Germany_Universities_Directory.pdf,47
germany-universities_and_higher_education_institutions-0369,369,GERMANY,universities_and_higher_education_institutions,Universität Osnabrück,Osnabrück · Niedersachsen,uni-osnabrueck.de,https://uni-osnabrueck.de,True,logos/germany_0369_universit_t_osnabr_ck.png,Germany_Universities_Directory.pdf,48
germany-universities_and_higher_education_institutions-0370,370,GERMANY,universities_and_higher_education_institutions,Universität Paderborn,Paderborn · Nordrhein-Westfalen,meine.uni-paderborn.de,https://meine.uni-paderborn.de,True,logos/germany_0370_universit_t_paderborn.png,Germany_Universities_Directory.pdf,48
germany-universities_and_higher_education_institutions-0371,371,GERMANY,universities_and_higher_education_institutions,Universität Passau,Passau · Bayern,uni-passau.de,https://uni-passau.de,True,logos/germany_0371_universit_t_passau.png,Germany_Universities_Directory.pdf,48
germany-universities_and_higher_education_institutions-0372,372,GERMANY,universities_and_higher_education_institutions,Universität Potsdam,Potsdam · Brandenburg,uni-potsdam.de,https://uni-potsdam.de,True,logos/germany_0372_universit_t_potsdam.png,Germany_Universities_Directory.pdf,48
germany-universities_and_higher_education_institutions-0373,373,GERMANY,universities_and_higher_education_institutions,Universität Regensburg,Regensburg · Bayern,uni-regensburg.de,https://uni-regensburg.de,True,logos/germany_0373_universit_t_regensburg.png,Germany_Universities_Directory.pdf,48
germany-universities_and_higher_education_institutions-0374,374,GERMANY,universities_and_higher_education_institutions,Universität Rostock,Rostock · Mecklenburg-Vorpommern,uni-rostock.de,https://uni-rostock.de,True,logos/germany_0374_universit_t_rostock.png,Germany_Universities_Directory.pdf,48
germany-universities_and_higher_education_institutions-0375,375,GERMANY,universities_and_higher_education_institutions,Universität Siegen,Siegen · Nordrhein-Westfalen,uni-siegen.de,https://uni-siegen.de,True,logos/germany_0375_universit_t_siegen.png,Germany_Universities_Directory.pdf,48
germany-universities_and_higher_education_institutions-0376,376,GERMANY,universities_and_higher_education_institutions,Universität Stuttgart,Stuttgart · Baden-Württemberg,uni-stuttgart.de,https://uni-stuttgart.de,True,logos/germany_0376_universit_t_stuttgart.png,Germany_Universities_Directory.pdf,48
germany-universities_and_higher_education_institutions-0377,377,GERMANY,universities_and_higher_education_institutions,Universität Trier,Trier · Rheinland-Pfalz,uni-trier.de,https://uni-trier.de,True,logos/germany_0377_universit_t_trier.png,Germany_Universities_Directory.pdf,49
germany-universities_and_higher_education_institutions-0378,378,GERMANY,universities_and_higher_education_institutions,Universität Ulm,Ulm · Baden-Württemberg,uni-ulm.de,https://uni-ulm.de,True,logos/germany_0378_universit_t_ulm.png,Germany_Universities_Directory.pdf,49
germany-universities_and_higher_education_institutions-0379,379,GERMANY,universities_and_higher_education_institutions,Universität Vechta,Vechta · Niedersachsen,uni-vechta.de,https://uni-vechta.de,True,logos/germany_0379_universit_t_vechta.png,Germany_Universities_Directory.pdf,49
germany-universities_and_higher_education_institutions-0380,380,GERMANY,universities_and_higher_education_institutions,Universität zu Köln,Köln · Nordrhein-Westfalen,uni-koeln.de,https://uni-koeln.de,True,logos/germany_0380_universit_t_zu_k_ln.png,Germany_Universities_Directory.pdf,49
germany-universities_and_higher_education_institutions-0381,381,GERMANY,universities_and_higher_education_institutions,Universität zu Lübeck,Lübeck · Schleswig-Holstein,uni-luebeck.de,https://uni-luebeck.de,True,logos/germany_0381_universit_t_zu_l_beck.png,Germany_Universities_Directory.pdf,49
germany-universities_and_higher_education_institutions-0382,382,GERMANY,universities_and_higher_education_institutions,Vinzenz Pallotti University - kirchlich und staatlich anerkannte wissenschaftliche Hochschule in freier Trägerschaft,Vallendar · Rheinland-Pfalz,vp-uni.de,https://vp-uni.de,True,logos/germany_0382_vinzenz_pallotti_university_kirchlich_und_staatlich_anerkannte_wissens.png,Germany_Universities_Directory.pdf,49
germany-universities_and_higher_education_institutions-0383,383,GERMANY,universities_and_higher_education_institutions,weißensee kunsthochschule berlin,Berlin,kh-berlin.de,https://kh-berlin.de,True,logos/germany_0383_wei_ensee_kunsthochschule_berlin.png,Germany_Universities_Directory.pdf,49
germany-universities_and_higher_education_institutions-0384,384,GERMANY,universities_and_higher_education_institutions,"Westfälische Hochschule Gelsenkirchen, Bocholt, Recklinghausen",Gelsenkirchen · Nordrhein-Westfalen,w-hs.de,https://w-hs.de,True,logos/germany_0384_westf_lische_hochschule_gelsenkirchen_bocholt_recklinghausen.png,Germany_Universities_Directory.pdf,49
germany-universities_and_higher_education_institutions-0385,385,GERMANY,universities_and_higher_education_institutions,Westsächsische Hochschule Zwickau,Zwickau · Sachsen,whz.de,https://whz.de,True,logos/germany_0385_wests_chsische_hochschule_zwickau.png,Germany_Universities_Directory.pdf,50
germany-universities_and_higher_education_institutions-0386,386,GERMANY,universities_and_higher_education_institutions,Whitecliffe University of Applied Sciences,Berlin,whitecliffe.de,https://whitecliffe.de,True,logos/germany_0386_whitecliffe_university_of_applied_sciences.png,Germany_Universities_Directory.pdf,50
germany-universities_and_higher_education_institutions-0387,387,GERMANY,universities_and_higher_education_institutions,WHU - Otto Beisheim School of Management,Vallendar · Rheinland-Pfalz,whu.edu,https://whu.edu,True,logos/germany_0387_whu_otto_beisheim_school_of_management.png,Germany_Universities_Directory.pdf,50
germany-universities_and_higher_education_institutions-0388,388,GERMANY,universities_and_higher_education_institutions,Wilhelm Büchner Hochschule,Darmstadt · Hessen,wb-fernstudium.de,https://wb-fernstudium.de,True,logos/germany_0388_wilhelm_b_chner_hochschule.png,Germany_Universities_Directory.pdf,50
germany-universities_and_higher_education_institutions-0389,389,GERMANY,universities_and_higher_education_institutions,XU Exponential University of Applied Sciences,Potsdam · Brandenburg,xu-university.com,https://xu-university.com,True,logos/germany_0389_xu_exponential_university_of_applied_sciences.png,Germany_Universities_Directory.pdf,50
germany-universities_and_higher_education_institutions-0390,390,GERMANY,universities_and_higher_education_institutions,"Zeppelin Universität - Hochschule zwischen Wirtschaft, Kultur und Politik",Friedrichshafen · Baden-Württemberg,zu.de,https://zu.de,True,logos/germany_0390_zeppelin_universit_t_hochschule_zwischen_wirtschaft_kultur_und_politik.png,Germany_Universities_Directory.pdf,50
ireland-universities-0001,1,IRELAND,universities,Atlantic Technological University,Letterkenny · County Donegal,atu.ie,https://atu.ie,True,logos/ireland_0001_atlantic_technological_university.png,Ireland_Universities_Directory.pdf,2
ireland-universities-0002,2,IRELAND,universities,Dublin City University,Dublin · County Dublin,dcu.ie,https://dcu.ie,True,logos/ireland_0002_dublin_city_university.png,Ireland_Universities_Directory.pdf,2
ireland-universities-0003,3,IRELAND,universities,Maynooth University,Maynooth · County Kildare,maynoothuniversity.ie,https://maynoothuniversity.ie,True,logos/ireland_0003_maynooth_university.png,Ireland_Universities_Directory.pdf,2
ireland-universities-0004,4,IRELAND,universities,Munster Technological University,Bishopstown · County Cork,mtu.ie,https://mtu.ie,True,logos/ireland_0004_munster_technological_university.png,Ireland_Universities_Directory.pdf,2
ireland-universities-0005,5,IRELAND,universities,"National University of Ireland, System",Dublin · County Dublin,nui.ie,https://nui.ie,True,logos/ireland_0005_national_university_of_ireland_system.png,Ireland_Universities_Directory.pdf,2
ireland-universities-0006,6,IRELAND,universities,RCSI University of Medicine and Health Sciences,Dublin · County Dublin,rcsi.com,https://rcsi.com,True,logos/ireland_0006_rcsi_university_of_medicine_and_health_sciences.png,Ireland_Universities_Directory.pdf,2
ireland-universities-0007,7,IRELAND,universities,South East Technological University,Waterford · County Waterford,setu.ie,https://setu.ie,True,logos/ireland_0007_south_east_technological_university.png,Ireland_Universities_Directory.pdf,2
ireland-universities-0008,8,IRELAND,universities,St Patrick's Pontifical University,Maynooth · County Kildare,sppu.ie,https://sppu.ie,True,logos/ireland_0008_st_patrick_s_pontifical_university.png,Ireland_Universities_Directory.pdf,2
ireland-universities-0009,9,IRELAND,universities,Technological University Dublin,Dublin · County Dublin,tudublin.ie,https://tudublin.ie,True,logos/ireland_0009_technological_university_dublin.png,Ireland_Universities_Directory.pdf,3
ireland-universities-0010,10,IRELAND,universities,Technological University of the Shannon,Athlone · County Westmeath,tus.ie,https://tus.ie,True,logos/ireland_0010_technological_university_of_the_shannon.png,Ireland_Universities_Directory.pdf,3
ireland-universities-0011,11,IRELAND,universities,"Trinity College Dublin, University of Dublin",Dublin · County Dublin,tcd.ie,https://tcd.ie,True,logos/ireland_0011_trinity_college_dublin_university_of_dublin.png,Ireland_Universities_Directory.pdf,3
ireland-universities-0012,12,IRELAND,universities,University College Cork,Cork · County Cork,ucc.ie,https://ucc.ie,True,logos/ireland_0012_university_college_cork.png,Ireland_Universities_Directory.pdf,3
ireland-universities-0013,13,IRELAND,universities,University College Dublin,Dublin · County Dublin,ucd.ie,https://ucd.ie,True,logos/ireland_0013_university_college_dublin.png,Ireland_Universities_Directory.pdf,3
ireland-universities-0014,14,IRELAND,universities,University of Galway,Galway · County Galway,universityofgalway.ie,https://universityofgalway.ie,True,logos/ireland_0014_university_of_galway.png,Ireland_Universities_Directory.pdf,3
ireland-universities-0015,15,IRELAND,universities,University of Limerick,Limerick · County Limerick,ul.ie,https://ul.ie,True,logos/ireland_0015_university_of_limerick.png,Ireland_Universities_Directory.pdf,3
ireland-additional_specialist_institutions-0016,16,IRELAND,additional_specialist_institutions,Carlow College,Carlow · County Carlow,carlowcollege.ie,https://carlowcollege.ie,True,logos/ireland_0016_carlow_college.png,Ireland_Universities_Directory.pdf,4
ireland-additional_specialist_institutions-0017,17,IRELAND,additional_specialist_institutions,Dundalk Institute of Technology,Dundalk · County Louth,dkit.ie,https://dkit.ie,True,logos/ireland_0017_dundalk_institute_of_technology.png,Ireland_Universities_Directory.pdf,4
ireland-additional_specialist_institutions-0018,18,IRELAND,additional_specialist_institutions,"Dún Laoghaire Institute of Art, Design and Technology",Dún Laoghaire · County Dublin,iadt.ie,https://iadt.ie,True,logos/ireland_0018_d_n_laoghaire_institute_of_art_design_and_technology.png,Ireland_Universities_Directory.pdf,4
ireland-additional_specialist_institutions-0019,19,IRELAND,additional_specialist_institutions,Institute of Public Administration,Dublin · County Dublin,ipa.ie,https://ipa.ie,True,logos/ireland_0019_institute_of_public_administration.png,Ireland_Universities_Directory.pdf,4
ireland-additional_specialist_institutions-0020,20,IRELAND,additional_specialist_institutions,Marino Institute of Education,Dublin · County Dublin,mie.ie,https://mie.ie,True,logos/ireland_0020_marino_institute_of_education.png,Ireland_Universities_Directory.pdf,4
ireland-additional_specialist_institutions-0021,21,IRELAND,additional_specialist_institutions,National College of Art and Design,Dublin · County Dublin,ncad.ie,https://ncad.ie,True,logos/ireland_0021_national_college_of_art_and_design.png,Ireland_Universities_Directory.pdf,4
ireland-additional_specialist_institutions-0022,22,IRELAND,additional_specialist_institutions,National College of Ireland,Dublin · County Dublin,ncirl.ie,https://ncirl.ie,True,logos/ireland_0022_national_college_of_ireland.png,Ireland_Universities_Directory.pdf,4
ireland-additional_specialist_institutions-0023,23,IRELAND,additional_specialist_institutions,Royal Irish Academy of Music,Dublin · County Dublin,riam.ie,https://riam.ie,True,logos/ireland_0023_royal_irish_academy_of_music.png,Ireland_Universities_Directory.pdf,4
new_zealand-universities-0001,1,NEW_ZEALAND,universities,Auckland University of Technology,Auckland,aut.ac.nz,https://aut.ac.nz,True,logos/new_zealand_0001_auckland_university_of_technology.png,New_Zealand_Universities_Directory.pdf,2
new_zealand-universities-0002,2,NEW_ZEALAND,universities,"Lincoln University, New Zealand",Lincoln · Canterbury,lincoln.ac.nz,https://lincoln.ac.nz,True,logos/new_zealand_0002_lincoln_university_new_zealand.png,New_Zealand_Universities_Directory.pdf,2
new_zealand-universities-0003,3,NEW_ZEALAND,universities,Massey University,Palmerston North · Manawatu-Wanganui,massey.ac.nz,https://massey.ac.nz,True,logos/new_zealand_0003_massey_university.png,New_Zealand_Universities_Directory.pdf,2
new_zealand-universities-0004,4,NEW_ZEALAND,universities,University of Auckland,Auckland,auckland.ac.nz,https://auckland.ac.nz,True,logos/new_zealand_0004_university_of_auckland.png,New_Zealand_Universities_Directory.pdf,2
new_zealand-universities-0005,5,NEW_ZEALAND,universities,University of Canterbury,Christchurch · Canterbury,canterbury.ac.nz,https://canterbury.ac.nz,True,logos/new_zealand_0005_university_of_canterbury.png,New_Zealand_Universities_Directory.pdf,2
new_zealand-universities-0006,6,NEW_ZEALAND,universities,University of Otago,Dunedin · Otago,otago.ac.nz,https://otago.ac.nz,True,logos/new_zealand_0006_university_of_otago.png,New_Zealand_Universities_Directory.pdf,2
new_zealand-universities-0007,7,NEW_ZEALAND,universities,University of Waikato,Hamilton · Waikato,waikato.ac.nz,https://waikato.ac.nz,True,logos/new_zealand_0007_university_of_waikato.png,New_Zealand_Universities_Directory.pdf,2
new_zealand-universities-0008,8,NEW_ZEALAND,universities,Victoria University of Wellington,Wellington,wgtn.ac.nz,https://wgtn.ac.nz,True,logos/new_zealand_0008_victoria_university_of_wellington.png,New_Zealand_Universities_Directory.pdf,2
